Source Page,Link,Status,Link Text
"https://cucatalog.org/polaris/default.aspx?ctx=6.1033.0.0.5","https://cucatalog.org/polaris/view.aspx?CN=2633825",404,"Protein-packed vegetarian : easy, nourishing re..."
"https://cucatalog.org/polaris/default.aspx?ctx=6.1033.0.0.5","https://cucatalog.org/polaris/view.aspx?CN=2633849",404,"The divine gardener's handbook : or What to do ..."
"https://cucatalog.org/polaris/default.aspx?ctx=6.1033.0.0.5","https://cucatalog.org/polaris/view.aspx?CN=2640055",404,"Scion"
"https://cucatalog.org/polaris/default.aspx?ctx=6.1033.0.0.5","https://cucatalog.org/polaris/view.aspx?CN=2640084",404,"The barman of the Ritz: a novel"
"https://cucatalog.org/polaris/default.aspx?ctx=6.1033.0.0.5","https://cucatalog.org/polaris/view.aspx?CN=2647264",404,"Something like desire"
"https://cucatalog.org/polaris/default.aspx?ctx=6.1033.0.0.5","https://cucatalog.org/polaris/view.aspx?CN=2652303",404,"He who fights with monsters"
"https://cucatalog.org/polaris/default.aspx?ctx=6.1033.0.0.5","https://cucatalog.org/polaris/view.aspx?CN=2640348",404,"Promised land : a novel"
"https://cucatalog.org/polaris/default.aspx?ctx=6.1033.0.0.5","https://cucatalog.org/polaris/view.aspx?CN=2639995",404,"She's a doll"
"https://cucatalog.org/polaris/default.aspx?ctx=6.1033.0.0.5","https://cucatalog.org/polaris/view.aspx?CN=2642874",404,"I hope this email finds you in hell"
"https://cucatalog.org/polaris/default.aspx?ctx=6.1033.0.0.5","https://cucatalog.org/polaris/view.aspx?CN=2644257",404,"Mark Twain for book lovers : on reading, writin..."
"https://cucatalog.org/polaris/default.aspx?ctx=6.1033.0.0.5","https://cucatalog.org/polaris/view.aspx?CN=2640354",404,"Murder on Charity Lane"
"https://cucatalog.org/polaris/default.aspx?ctx=6.1033.0.0.5","https://cucatalog.org/polaris/view.aspx?CN=2634018",404,"Maisy Bell is missing"
"https://cucatalog.org/polaris/default.aspx?ctx=6.1033.0.0.5","https://cucatalog.org/polaris/view.aspx?CN=2640054",404,"The knave and the moon"
"https://cucatalog.org/polaris/default.aspx?ctx=6.1033.0.0.5","https://cucatalog.org/polaris/view.aspx?CN=2646487",404,"Last day : how to stop losing our loved ones to..."
"https://cucatalog.org/polaris/default.aspx?ctx=6.1033.0.0.5","https://cucatalog.org/polaris/view.aspx?CN=2635153",404,"Before you were Anne"
"https://cucatalog.org/polaris/default.aspx?ctx=6.1033.0.0.5","https://cucatalog.org/polaris/view.aspx?CN=2640100",404,"Days of miracle and wonder : Paul Simon and the..."
"https://cucatalog.org/polaris/default.aspx?ctx=6.1033.0.0.5","https://cucatalog.org/polaris/view.aspx?CN=2633898",404,"My sister is going to kill me : a novel"
"https://cucatalog.org/polaris/default.aspx?ctx=6.1033.0.0.5","https://cucatalog.org/polaris/view.aspx?CN=2648948",404,"The two of us at the end of the world"
"https://cucatalog.org/polaris/default.aspx?ctx=6.1033.0.0.5","https://cucatalog.org/polaris/view.aspx?CN=2638613",404,"Children of wolves : a novel"
"https://cucatalog.org/polaris/default.aspx?ctx=6.1033.0.0.5","https://cucatalog.org/polaris/view.aspx?CN=2633913",404,"How to find a romance in a bookshop : a novel"
"https://cucatalog.org/polaris/default.aspx?ctx=6.1033.0.0.5","https://cucatalog.org/polaris/view.aspx?CN=2634332",404,"The disappearers"
"https://cucatalog.org/polaris/default.aspx?ctx=6.1033.0.0.5","https://cucatalog.org/polaris/view.aspx?CN=2635141",404,"The Oxford guide to scandal and lies : a novel"
"https://cucatalog.org/polaris/default.aspx?ctx=6.1033.0.0.5","https://cucatalog.org/polaris/view.aspx?CN=2633958",404,"The Blue Moon Café & 24-Hour Occult Emporium : ..."
"https://cucatalog.org/polaris/default.aspx?ctx=6.1033.0.0.5","https://cucatalog.org/polaris/view.aspx?CN=2633603",404,"The sleeping sisters : a novel"
"https://cucatalog.org/polaris/default.aspx?ctx=6.1033.0.0.5","https://cucatalog.org/polaris/view.aspx?CN=2638537",404,"Seasons of fury : four families and the rise of..."
"https://cucatalog.org/polaris/default.aspx?ctx=6.1033.0.0.5","https://cucatalog.org/polaris/view.aspx?CN=2638585",404,"Night songs : a novel"
"https://cucatalog.org/polaris/default.aspx?ctx=6.1033.0.0.5","https://cucatalog.org/polaris/view.aspx?CN=2633924",404,"Tapeworm"
"https://cucatalog.org/polaris/default.aspx?ctx=6.1033.0.0.5","https://cucatalog.org/polaris/view.aspx?CN=2642921",404,"What they did : a novel"
"https://cucatalog.org/polaris/default.aspx?ctx=6.1033.0.0.5","https://cucatalog.org/polaris/view.aspx?CN=2634342",404,"Agrippa"
"https://cucatalog.org/polaris/default.aspx?ctx=6.1033.0.0.5","https://cucatalog.org/polaris/view.aspx?CN=2638906",404,"The three Graces of Pearl Street"
"https://cucatalog.org/polaris/default.aspx?ctx=6.1033.0.0.5","https://cucatalog.org/polaris/view.aspx?CN=2634052",404,"And the sea gave up the dead : a novel"
"https://cucatalog.org/polaris/default.aspx?ctx=6.1033.0.0.5","https://cucatalog.org/polaris/view.aspx?CN=2644263",404,"Searching for Jane Crow : Black women and mass ..."
"https://cucatalog.org/polaris/default.aspx?ctx=6.1033.0.0.5","https://cucatalog.org/polaris/view.aspx?CN=2642931",404,"My person : a novel"
"https://cucatalog.org/polaris/default.aspx?ctx=6.1033.0.0.5","https://cucatalog.org/polaris/view.aspx?CN=2634348",404,"Paper ghosts"
"https://cucatalog.org/polaris/default.aspx?ctx=6.1033.0.0.5","https://cucatalog.org/polaris/view.aspx?CN=2638937",404,"Dopamine design : creating a home that makes yo..."
"https://cucatalog.org/polaris/default.aspx?ctx=6.1033.0.0.5","https://cucatalog.org/polaris/view.aspx?CN=2633959",404,"Season of the serpent"
"https://cucatalog.org/polaris/default.aspx?ctx=6.1033.0.0.5","https://cucatalog.org/polaris/view.aspx?CN=2637701",404,"Up on Cove Mountain : adventure, tragedy, and a..."
"https://cucatalog.org/polaris/default.aspx?ctx=6.1033.0.0.5","https://cucatalog.org/polaris/view.aspx?CN=2634044",404,"The Crying Killer"
"https://cucatalog.org/polaris/default.aspx?ctx=6.1033.0.0.5","https://cucatalog.org/polaris/view.aspx?CN=2642850",404,"The song of stork and dromedary : a novel"
"https://cucatalog.org/polaris/default.aspx?ctx=6.1033.0.0.5","https://cucatalog.org/polaris/view.aspx?CN=2638601",404,"Mother daughter sister stranger : a novel"
"https://cucatalog.org/polaris/default.aspx?ctx=6.1033.0.0.5","https://cucatalog.org/polaris/view.aspx?CN=2646241",404,"Everything Grandma needs"
"https://cucatalog.org/polaris/default.aspx?ctx=6.1033.0.0.5","https://cucatalog.org/polaris/view.aspx?CN=2636200",404,"The kids' guide to staying awesome and in control"
"https://cucatalog.org/polaris/default.aspx?ctx=6.1033.0.0.5","https://cucatalog.org/polaris/view.aspx?CN=2628548",404,"Finding my wave"
"https://cucatalog.org/polaris/default.aspx?ctx=6.1033.0.0.5","https://cucatalog.org/polaris/view.aspx?CN=2630387",404,"Current gone! : stars shine brighter in a black..."
"https://cucatalog.org/polaris/default.aspx?ctx=6.1033.0.0.5","https://cucatalog.org/polaris/view.aspx?CN=2622833",404,"Unbreakable : a Japanese American family in an ..."
"https://cucatalog.org/polaris/default.aspx?ctx=6.1033.0.0.5","https://cucatalog.org/polaris/view.aspx?CN=2637303",404,"Serpent on the mountain"
"https://cucatalog.org/polaris/default.aspx?ctx=6.1033.0.0.5","https://cucatalog.org/polaris/view.aspx?CN=1261659",404,"Making faces : a first book of emotions"
"https://cucatalog.org/polaris/default.aspx?ctx=6.1033.0.0.5","https://cucatalog.org/polaris/view.aspx?CN=2635443",404,"Thunder and Mercy"
"https://cucatalog.org/polaris/default.aspx?ctx=6.1033.0.0.5","https://cucatalog.org/polaris/view.aspx?CN=2646249",404,"The atlas of shipwrecks"
"https://cucatalog.org/polaris/default.aspx?ctx=6.1033.0.0.5","https://cucatalog.org/polaris/view.aspx?CN=2623449",404,"Set my feelings free"
"https://cucatalog.org/polaris/default.aspx?ctx=6.1033.0.0.5","https://cucatalog.org/polaris/view.aspx?CN=2631669",404,"A pathway for pollinators"
"https://cucatalog.org/polaris/default.aspx?ctx=6.1033.0.0.5","https://cucatalog.org/polaris/view.aspx?CN=2633780",404,"Heartland"
"https://cucatalog.org/polaris/default.aspx?ctx=6.1033.0.0.5","https://cucatalog.org/polaris/view.aspx?CN=2646239",404,"Finnik the furious"
"https://cucatalog.org/polaris/default.aspx?ctx=6.1033.0.0.5","https://cucatalog.org/polaris/view.aspx?CN=2623426",404,"Seasons by the lake : adventures in Greenland"
"https://cucatalog.org/polaris/default.aspx?ctx=6.1033.0.0.5","https://cucatalog.org/polaris/view.aspx?CN=2615872",404,"When you dream big!"
"https://cucatalog.org/polaris/default.aspx?ctx=6.1033.0.0.5","https://cucatalog.org/polaris/view.aspx?CN=2631994",404,"Reaching across the sky : a celebration of brid..."
"https://cucatalog.org/polaris/default.aspx?ctx=6.1033.0.0.5","https://cucatalog.org/polaris/view.aspx?CN=2651138",404,"Fight for the right to read : Samuel Wilbert Tu..."
"https://cucatalog.org/polaris/default.aspx?ctx=6.1033.0.0.5","https://cucatalog.org/polaris/view.aspx?CN=2622761",404,"Her muddy majesty of muck"
"https://cucatalog.org/polaris/default.aspx?ctx=6.1033.0.0.5","https://cucatalog.org/polaris/view.aspx?CN=2610794",404,"Sashimi. A fishboy named...Sashimi"
"https://cucatalog.org/polaris/default.aspx?ctx=6.1033.0.0.5","https://cucatalog.org/polaris/view.aspx?CN=2640849",404,"Today we'll be eaten"
"https://cucatalog.org/polaris/default.aspx?ctx=6.1033.0.0.5","https://cucatalog.org/polaris/view.aspx?CN=2595866",404,"The maps and flags book"
"https://cucatalog.org/polaris/default.aspx?ctx=6.1033.0.0.5","https://cucatalog.org/polaris/view.aspx?CN=2618036",404,"Cats in conductor hats"
"https://cucatalog.org/polaris/default.aspx?ctx=6.1033.0.0.5","https://cucatalog.org/polaris/view.aspx?CN=2637296",404,"The replay trap"
"https://cucatalog.org/polaris/default.aspx?ctx=6.1033.0.0.5","https://cucatalog.org/polaris/view.aspx?CN=2646250",404,"Anything is possible with ballet"
"https://cucatalog.org/polaris/default.aspx?ctx=6.1033.0.0.5","https://cucatalog.org/polaris/view.aspx?CN=2645582",404,"One person"
"https://cucatalog.org/polaris/default.aspx?ctx=6.1033.0.0.5","https://cucatalog.org/polaris/view.aspx?CN=2616888",404,"What's on your mind? : a calming book for busy ..."
"https://cucatalog.org/polaris/default.aspx?ctx=6.1033.0.0.5","https://cucatalog.org/polaris/view.aspx?CN=2639542",404,"Language strategies for bilingual families : th..."
"https://cucatalog.org/polaris/default.aspx?ctx=6.1033.0.0.5","https://cucatalog.org/polaris/view.aspx?CN=2638428",404,"Wolf's belly"
"https://cucatalog.org/polaris/default.aspx?ctx=6.1033.0.0.5","https://cucatalog.org/polaris/view.aspx?CN=2623552",404,"An invisible river to cross"
"https://cucatalog.org/polaris/default.aspx?ctx=6.1033.0.0.5","https://cucatalog.org/polaris/view.aspx?CN=2577852",404,"First encyclopedia of almost everything."
"https://cucatalog.org/polaris/default.aspx?ctx=6.1033.0.0.5","https://cucatalog.org/polaris/view.aspx?CN=2645604",404,"Off the wall : making stuff together"
"https://cucatalog.org/polaris/default.aspx?ctx=6.1033.0.0.5","https://cucatalog.org/polaris/view.aspx?CN=2629755",404,"The sweet spot"
"https://cucatalog.org/polaris/default.aspx?ctx=6.1033.0.0.5","https://cucatalog.org/polaris/view.aspx?CN=2610768",404,"Confessions of a mango"
"https://cucatalog.org/polaris/default.aspx?ctx=6.1033.0.0.5","https://cucatalog.org/polaris/view.aspx?CN=2607316",404,"Barbed wire between us"
"https://cucatalog.org/polaris/default.aspx?ctx=6.1033.0.0.5","https://cucatalog.org/polaris/view.aspx?CN=2646229",404,"I could be eaten by a shark"
"https://cucatalog.org/polaris/default.aspx?ctx=6.1033.0.0.5","https://cucatalog.org/polaris/view.aspx?CN=2565416",404,"An immense world : how animals sense Earth's am..."
"https://cucatalog.org/polaris/default.aspx?ctx=6.1033.0.0.5","https://cucatalog.org/polaris/view.aspx?CN=2638504",404,"Choose happy : give a smile a try"
"https://cucatalog.org/polaris/default.aspx?ctx=6.1033.0.0.5","https://cucatalog.org/polaris/view.aspx?CN=2632060",404,"I am the mountain"
"https://cucatalog.org/polaris/default.aspx?ctx=6.1033.0.0.5","https://cucatalog.org/polaris/view.aspx?CN=2644435",404,"Teachers in the wild"
"https://cucatalog.org/polaris/default.aspx?ctx=6.1033.0.0.5","https://cucatalog.org/polaris/view.aspx?CN=2607250",404,"Junko's climb"
"https://cucatalog.org/polaris/default.aspx?ctx=6.1033.0.0.5","https://cucatalog.org/polaris/view.aspx?CN=2640808",404,"A surprise for snail"
"https://cucatalog.org/polaris/default.aspx?ctx=6.1033.0.0.5","https://cucatalog.org/polaris/view.aspx?CN=2646243",404,"Waffles & Julius : no hugs please!"
"https://cucatalog.org/polaris/default.aspx?ctx=6.1033.0.0.5","https://cucatalog.org/polaris/view.aspx?CN=2627486",404,"Tractor Zack on Sunshine Kibbutz"
"https://cucatalog.org/polaris/default.aspx?ctx=6.1033.0.0.5","https://cucatalog.org/polaris/view.aspx?CN=2622838",404,"The tenth man : a miracle of Jewish faith and f..."
"https://cucatalog.org/polaris/default.aspx?ctx=6.1033.0.0.5","https://cucatalog.org/polaris/view.aspx?CN=2631837",404,"Us defiant few"
"https://cucatalog.org/polaris/default.aspx?ctx=6.1033.0.0.5","https://cucatalog.org/polaris/view.aspx?CN=2643049",404,"Suhwa"
"https://cucatalog.org/polaris/default.aspx?ctx=6.1033.0.0.5","https://cucatalog.org/polaris/view.aspx?CN=2632050",404,"Turtle with a toolbox"
"https://cucatalog.org/polaris/default.aspx?ctx=6.1033.0.0.5","https://cucatalog.org/polaris/view.aspx?CN=2638385",404,"Golden boy"
"https://cucatalog.org/polaris/default.aspx?ctx=6.1033.0.0.5","https://cucatalog.org/polaris/view.aspx?CN=2638383",404,"Monster, monarch, maiden"
"https://cucatalog.org/polaris/default.aspx?ctx=6.1033.0.0.5","https://cucatalog.org/polaris/view.aspx?CN=2638390",404,"Whenever you are"
"https://cucatalog.org/polaris/default.aspx?ctx=6.1033.0.0.5","https://cucatalog.org/polaris/view.aspx?CN=2651662",404,"Salvage"
"https://cucatalog.org/polaris/default.aspx?ctx=6.1033.0.0.5","https://cucatalog.org/polaris/view.aspx?CN=2638398",404,"My killer family reunion"
"https://cucatalog.org/polaris/default.aspx?ctx=6.1033.0.0.5","https://cucatalog.org/polaris/view.aspx?CN=2642969",404,"Rebel : the graphic novel"
"https://cucatalog.org/polaris/default.aspx?ctx=6.1033.0.0.5","https://cucatalog.org/polaris/view.aspx?CN=2649245",404,"Wayfarers"
"https://cucatalog.org/polaris/default.aspx?ctx=6.1033.0.0.5","https://cucatalog.org/polaris/view.aspx?CN=2638416",404,"Stepping up : a graphic memoir"
"https://cucatalog.org/polaris/default.aspx?ctx=6.1033.0.0.5","https://cucatalog.org/polaris/view.aspx?CN=2638400",404,"Funerals are for the living"
"https://cucatalog.org/polaris/default.aspx?ctx=6.1033.0.0.5","https://cucatalog.org/polaris/view.aspx?CN=2635671",404,"Black Point"
"https://cucatalog.org/polaris/default.aspx?ctx=6.1033.0.0.5","https://cucatalog.org/polaris/view.aspx?CN=2638394",404,"Hell to pay"
"https://cucatalog.org/polaris/default.aspx?ctx=6.1033.0.0.5","https://cucatalog.org/polaris/view.aspx?CN=2645645",404,"Everything comes back to you"
"https://cucatalog.org/polaris/default.aspx?ctx=6.1033.0.0.5","https://cucatalog.org/polaris/view.aspx?CN=2643026",404,"Local gods"
"https://cucatalog.org/polaris/default.aspx?ctx=6.1033.0.0.5","https://cucatalog.org/polaris/view.aspx?CN=2638381",404,"No place on Earth"
"https://cucatalog.org/polaris/default.aspx?ctx=6.1033.0.0.5","https://cucatalog.org/polaris/view.aspx?CN=2635678",404,"Tides of fortune"
"https://cucatalog.org/polaris/default.aspx?ctx=6.1033.0.0.5","https://cucatalog.org/polaris/view.aspx?CN=2638404",404,"Heartbreak and other organ failures : a novel"
"https://cucatalog.org/polaris/default.aspx?ctx=6.1033.0.0.5","https://cucatalog.org/polaris/view.aspx?CN=2641610",404,"Hunting the strange"
"https://cucatalog.org/polaris/default.aspx?ctx=6.1033.0.0.5","https://cucatalog.org/polaris/view.aspx?CN=2642744",404,"Alex, by proxy"
"https://cucatalog.org/polaris/default.aspx?ctx=6.1033.0.0.5","https://cucatalog.org/polaris/view.aspx?CN=2647299",404,"You only live twice"
"https://cucatalog.org/polaris/default.aspx?ctx=6.1033.0.0.5","https://cucatalog.org/polaris/view.aspx?CN=2643028",404,"The season of light and darkness"
"https://cucatalog.org/polaris/default.aspx?ctx=6.1033.0.0.5","https://cucatalog.org/polaris/view.aspx?CN=2638388",404,"Nest of tongues"
"https://cucatalog.org/polaris/default.aspx?ctx=6.1033.0.0.5","https://cucatalog.org/polaris/view.aspx?CN=2643037",404,"There are ghosts here"
"https://cucatalog.org/polaris/default.aspx?ctx=6.1033.0.0.5","https://cucatalog.org/polaris/view.aspx?CN=2643027",404,"Lucy in between"
"https://cucatalog.org/polaris/default.aspx?ctx=6.1033.0.0.5","https://cucatalog.org/polaris/view.aspx?CN=2638401",404,"Shook"
"https://cucatalog.org/polaris/default.aspx?ctx=6.1033.0.0.5","https://cucatalog.org/polaris/view.aspx?CN=2638396",404,"Fire to the stars"
"https://cucatalog.org/polaris/default.aspx?ctx=6.1033.0.0.5","https://cucatalog.org/polaris/view.aspx?CN=2635668",404,"Armor for liars"
"https://cucatalog.org/polaris/default.aspx?ctx=6.1033.0.0.5","https://cucatalog.org/polaris/view.aspx?CN=2638382",404,"Such great heights"
"https://cucatalog.org/polaris/default.aspx?ctx=6.1033.0.0.5","https://cucatalog.org/polaris/view.aspx?CN=2638395",404,"Ghost in the night"
"https://cucatalog.org/polaris/default.aspx?ctx=6.1033.0.0.5","https://cucatalog.org/polaris/view.aspx?CN=2633775",404,"Take it to your grave"
"https://cucatalog.org/polaris/default.aspx?ctx=6.1033.0.0.5","https://cucatalog.org/polaris/view.aspx?CN=2638379",404,"Falling into you"
"https://cucatalog.org/polaris/default.aspx?ctx=6.1033.0.0.5","https://cucatalog.org/polaris/view.aspx?CN=2631839",404,"Too perfect to die"
"https://cucatalog.org/polaris/default.aspx?ctx=6.1033.0.0.5","https://cucatalog.org/polaris/view.aspx?CN=2638387",404,"Bound by fury"
"https://cucatalog.org/polaris/default.aspx?ctx=6.1033.0.0.5","https://cucatalog.org/polaris/view.aspx?CN=2643035",404,"Alchemy of souls"
"https://cucatalog.org/polaris/default.aspx?ctx=6.1033.0.0.5","https://cucatalog.org/polaris/view.aspx?CN=2648952",404,"The man with night sweats : poems"
"https://cucatalog.org/polaris/default.aspx?ctx=6.1033.0.0.5","https://cucatalog.org/polaris/view.aspx?CN=2638397",404,"Evie and her nightmares"
"https://cucatalog.org/polaris/default.aspx?ctx=6.1033.0.0.5","https://cucatalog.org/polaris/view.aspx?CN=2647938",404,"Cursed by the dawn"
"https://cucatalog.org/polaris/default.aspx?ctx=6.1033.0.0.5","https://cucatalog.org/polaris/view.aspx?CN=2638399",404,"A (dead) thing like me"
"https://cucatalog.org/polaris/default.aspx?ctx=6.1033.0.0.5","https://cucatalog.org/polaris/view.aspx?CN=2645623",404,"Immortal game"
"https://cucatalog.org/polaris/default.aspx?ctx=6.1033.0.0.5","https://cucatalog.org/polaris/view.aspx?CN=2633777",404,"Unnamed bones"
"https://cucatalog.org/polaris/default.aspx?ctx=6.1033.0.0.5","https://cucatalog.org/polaris/view.aspx?CN=2400012",404,"Family lore : a novel"
"https://cucatalog.org/polaris/default.aspx?ctx=6.1033.0.0.5","https://cucatalog.org/polaris/view.aspx?CN=2638403",404,"Flickerstate"
"https://cucatalog.org/polaris/default.aspx?ctx=6.1033.0.0.5","https://cucatalog.org/polaris/view.aspx?CN=2398818",404,"Borderless"
"https://cucatalog.org/polaris/default.aspx?ctx=6.1033.0.0.5","https://cucatalog.org/polaris/view.aspx?CN=2541227",404,"Alligator tears : a memoir in essays"
"https://cucatalog.org/polaris/default.aspx?ctx=6.1033.0.0.5","https://cucatalog.org/polaris/view.aspx?CN=2390957",404,"The wind knows my name : a novel"
"https://cucatalog.org/polaris/default.aspx?ctx=6.1033.0.0.5","https://cucatalog.org/polaris/view.aspx?CN=2481925",404,"Relit : 16 Latinx remixes of classic stories"
"https://cucatalog.org/polaris/default.aspx?ctx=6.1033.0.0.5","https://cucatalog.org/polaris/view.aspx?CN=2333603",404,"The man who could move clouds : a memoir"
"https://cucatalog.org/polaris/default.aspx?ctx=6.1033.0.0.5","https://cucatalog.org/polaris/view.aspx?CN=2386514",404,"The haunting of Alejandra : a novel"
"https://cucatalog.org/polaris/default.aspx?ctx=6.1033.0.0.5","https://cucatalog.org/polaris/view.aspx?CN=2508682",404,"Tías and primas : on knowing and loving the wo..."
"https://cucatalog.org/polaris/default.aspx?ctx=6.1033.0.0.5","https://cucatalog.org/polaris/view.aspx?CN=2384512",404,"Promises of gold = Promesas de oro"
"https://cucatalog.org/polaris/default.aspx?ctx=6.1033.0.0.5","https://cucatalog.org/polaris/view.aspx?CN=2390608",404,"Saints of the household"
"https://cucatalog.org/polaris/default.aspx?ctx=6.1033.0.0.5","https://cucatalog.org/polaris/view.aspx?CN=2558653",404,"Latina superheroes. Volume 1, Jalisco & Santa"
"https://cucatalog.org/polaris/default.aspx?ctx=6.1033.0.0.5","https://cucatalog.org/polaris/view.aspx?CN=2386517",404,"Ana María and the fox"
"https://cucatalog.org/polaris/default.aspx?ctx=6.1033.0.0.5","https://cucatalog.org/polaris/view.aspx?CN=2620636",404,"Migrant heart : essays about things I can't for..."
"https://cucatalog.org/polaris/default.aspx?ctx=6.1033.0.0.5","https://cucatalog.org/polaris/view.aspx?CN=2517031",404,"Latino poetry : the Library of America anthology"
"https://cucatalog.org/polaris/default.aspx?ctx=6.1033.0.0.5","https://cucatalog.org/polaris/view.aspx?CN=2409420",404,"The weight of everything"
"https://cucatalog.org/polaris/default.aspx?ctx=6.1033.0.0.5","https://cucatalog.org/polaris/view.aspx?CN=2611944",404,"Last night in Brooklyn : a novel"
"https://cucatalog.org/polaris/default.aspx?ctx=6.1033.0.0.5","https://cucatalog.org/polaris/view.aspx?CN=2556532",404,"Dreaming of home : how we turn fear into pride,..."
"https://cucatalog.org/polaris/default.aspx?ctx=6.1033.0.0.5","https://cucatalog.org/polaris/view.aspx?CN=2492913",404,"The ballad of Roy Benavidez : the life and time..."
"https://cucatalog.org/polaris/default.aspx?ctx=6.1033.0.0.5","https://cucatalog.org/polaris/view.aspx?CN=2601274",404,"Citizenship : notes on an American myth"
"https://cucatalog.org/polaris/default.aspx?ctx=6.1033.0.0.5","https://cucatalog.org/polaris/view.aspx?CN=2614323",404,"P FKN R : how Bad Bunny became the global voice..."
"https://cucatalog.org/polaris/default.aspx?ctx=6.1033.0.0.5","https://cucatalog.org/polaris/view.aspx?CN=2469072",404,"Hija legitima : una vida entre el dolor y la risa"
"https://cucatalog.org/polaris/default.aspx?ctx=6.1033.0.0.5","https://cucatalog.org/polaris/view.aspx?CN=2292599",404,"Olga dies dreaming"
"https://cucatalog.org/polaris/default.aspx?ctx=6.1033.0.0.5","https://cucatalog.org/polaris/view.aspx?CN=2464440",404,"Latinoland : a portrait of America's largest an..."
"https://cucatalog.org/polaris/default.aspx?ctx=6.1033.0.0.5","https://cucatalog.org/polaris/view.aspx?CN=2469140",404,"American Negra : a memoir"
"https://cucatalog.org/polaris/default.aspx?ctx=6.1033.0.0.5","https://cucatalog.org/polaris/view.aspx?CN=2400213",404,"Plantains & our becoming"
"https://cucatalog.org/polaris/default.aspx?ctx=6.1033.0.0.5","https://cucatalog.org/polaris/view.aspx?CN=2499126",404,"The sons of El Rey : a novel"
"https://cucatalog.org/polaris/default.aspx?ctx=6.1033.0.0.5","https://cucatalog.org/polaris/view.aspx?CN=2394164",404,"Our migrant souls : a meditation on race and th..."
"https://cucatalog.org/polaris/default.aspx?ctx=6.1033.0.0.5","https://cucatalog.org/polaris/view.aspx?CN=2398829",404,"The making of Yolanda la bruja"
"https://cucatalog.org/polaris/default.aspx?ctx=6.1033.0.0.5","https://cucatalog.org/polaris/view.aspx?CN=2407772",404,"Silver nitrate"
"https://cucatalog.org/polaris/default.aspx?ctx=6.1033.0.0.5","https://cucatalog.org/polaris/view.aspx?CN=2614512",404,"Muñeca"
"https://cucatalog.org/polaris/default.aspx?ctx=6.1033.0.0.5","https://cucatalog.org/polaris/view.aspx?CN=2366694",404,"Viva Hollywood : the legacy of Latin and Hispan..."
"https://cucatalog.org/polaris/default.aspx?ctx=6.1033.0.0.5","https://cucatalog.org/polaris/view.aspx?CN=2361458",404,"Harvest of empire : a history of Latinos in Ame..."
"https://cucatalog.org/polaris/default.aspx?ctx=6.1033.0.0.5","https://cucatalog.org/polaris/view.aspx?CN=2493515",404,"Brownstone"
"https://cucatalog.org/polaris/default.aspx?ctx=6.1033.0.0.5","https://cucatalog.org/polaris/view.aspx?CN=2469079",404,"Like happiness"
"https://cucatalog.org/polaris/default.aspx?ctx=6.1033.0.0.5","https://cucatalog.org/polaris/view.aspx?CN=2481415",404,"Relentless : my story of the Latino spirit that..."
"https://cucatalog.org/polaris/default.aspx?ctx=6.1033.0.0.5","https://cucatalog.org/polaris/view.aspx?CN=2380011",404,"Liliana's invincible summer : a sister's search..."
"https://cucatalog.org/polaris/default.aspx?ctx=6.1033.0.0.5","https://cucatalog.org/polaris/view.aspx?CN=2492905",404,"The Latino century : how America's largest mino..."
"https://cucatalog.org/polaris/default.aspx?ctx=6.1033.0.0.5","https://cucatalog.org/polaris/view.aspx?CN=2390596",404,"Lucha of the night forest"
"https://cucatalog.org/polaris/default.aspx?ctx=6.1033.0.0.5","https://cucatalog.org/polaris/view.aspx?CN=2312102",404,"In the shadow of the mountain : a memoir of cou..."
"https://cucatalog.org/polaris/default.aspx?ctx=6.1033.0.0.5","https://cucatalog.org/polaris/view.aspx?CN=2417750",404,"The sun and the void"
"https://cucatalog.org/polaris/default.aspx?ctx=6.1033.0.0.5","https://cucatalog.org/polaris/view.aspx?CN=2605712",404,"El Paso : five families and one hundred years o..."
"https://cucatalog.org/polaris/default.aspx?ctx=6.1033.0.0.5","https://cucatalog.org/polaris/view.aspx?CN=2588656",404,"Chronicles of Ori : an African epic"
"https://cucatalog.org/polaris/default.aspx?ctx=6.1033.0.0.5","https://cucatalog.org/polaris/view.aspx?CN=2380630",404,"Clytemnestra : a novel"
"https://cucatalog.org/polaris/default.aspx?ctx=6.1033.0.0.5","https://cucatalog.org/polaris/view.aspx?CN=2336335",404,"Myths of the world : an illustrated collection ..."
"https://cucatalog.org/polaris/default.aspx?ctx=6.1033.0.0.5","https://cucatalog.org/polaris/view.aspx?CN=1070807",404,"The Odyssey"
"https://cucatalog.org/polaris/default.aspx?ctx=6.1033.0.0.5","https://cucatalog.org/polaris/view.aspx?CN=2543119",404,"The Korean myths : a guide to the gods, heroes ..."
"https://cucatalog.org/polaris/default.aspx?ctx=6.1033.0.0.5","https://cucatalog.org/polaris/view.aspx?CN=1208217",404,"Children of virtue and vengeance"
"https://cucatalog.org/polaris/default.aspx?ctx=6.1033.0.0.5","https://cucatalog.org/polaris/view.aspx?CN=2402854",404,"Arcadian days : gods, women, and men from Greek..."
"https://cucatalog.org/polaris/default.aspx?ctx=6.1033.0.0.5","https://cucatalog.org/polaris/view.aspx?CN=411323",404,"Adventures in unhistory : conjectures on the fa..."
"https://cucatalog.org/polaris/default.aspx?ctx=6.1033.0.0.5","https://cucatalog.org/polaris/view.aspx?CN=356990",404,"Abu Jmeel's daughter and other stories : Arab f..."
"https://cucatalog.org/polaris/default.aspx?ctx=6.1033.0.0.5","https://cucatalog.org/polaris/view.aspx?CN=389048",404,"From the land of Sheba : Yemení folk tales"
"https://cucatalog.org/polaris/default.aspx?ctx=6.1033.0.0.5","https://cucatalog.org/polaris/view.aspx?CN=1247844",404,"Heroes : the Greek myths reimagined"
"https://cucatalog.org/polaris/default.aspx?ctx=6.1033.0.0.5","https://cucatalog.org/polaris/view.aspx?CN=179320",404,"The odyssey : a graphic novel"
"https://cucatalog.org/polaris/default.aspx?ctx=6.1033.0.0.5","https://cucatalog.org/polaris/view.aspx?CN=2483951",404,"Amazing immortals: a guide to Gods and Goddesse..."
"https://cucatalog.org/polaris/default.aspx?ctx=6.1033.0.0.5","https://cucatalog.org/polaris/view.aspx?CN=2642842",404,"Crossing the wine-dark sea : journeys through a..."
"https://cucatalog.org/polaris/default.aspx?ctx=6.1033.0.0.5","https://cucatalog.org/polaris/view.aspx?CN=2390505",404,"Mythos : the Greek myths reimagined"
"https://cucatalog.org/polaris/default.aspx?ctx=6.1033.0.0.5","https://cucatalog.org/polaris/view.aspx?CN=2560169",404,"Odyssey : the Greek myths reimagined"
"https://cucatalog.org/polaris/default.aspx?ctx=6.1033.0.0.5","https://cucatalog.org/polaris/view.aspx?CN=992163",404,"Norse myths : tales of Odin, Thor, and Loki"
"https://cucatalog.org/polaris/default.aspx?ctx=6.1033.0.0.5","https://cucatalog.org/polaris/view.aspx?CN=2268708",404,"Greek myths : a new retelling"
"https://cucatalog.org/polaris/default.aspx?ctx=6.1033.0.0.5","https://cucatalog.org/polaris/view.aspx?CN=2556488",404,"Elektra"
"https://cucatalog.org/polaris/default.aspx?ctx=6.1033.0.0.5","https://cucatalog.org/polaris/view.aspx?CN=2356386",404,"Alternative alamat : an anthology : myths, lege..."
"https://cucatalog.org/polaris/default.aspx?ctx=6.1033.0.0.5","https://cucatalog.org/polaris/view.aspx?CN=2390969",404,"Atalanta"
"https://cucatalog.org/polaris/default.aspx?ctx=6.1033.0.0.5","https://cucatalog.org/polaris/view.aspx?CN=2529793",404,"Becoming Baba Yaga : trickster, feminist, and w..."
"https://cucatalog.org/polaris/default.aspx?ctx=6.1033.0.0.5","https://cucatalog.org/polaris/view.aspx?CN=2332073",404,"Pandora's jar : women in Greek myths"
"https://cucatalog.org/polaris/default.aspx?ctx=6.1033.0.0.5","https://cucatalog.org/polaris/view.aspx?CN=2444248",404,"The Iliad"
"https://cucatalog.org/polaris/default.aspx?ctx=6.1033.0.0.5","https://cucatalog.org/polaris/view.aspx?CN=588800",404,"One thousand and one nights : a sparkling retel..."
"https://cucatalog.org/polaris/default.aspx?ctx=6.1033.0.0.5","https://cucatalog.org/polaris/view.aspx?CN=419708",404,"The palace of illusions : a novel"
"https://cucatalog.org/polaris/default.aspx?ctx=6.1033.0.0.5","https://cucatalog.org/polaris/view.aspx?CN=700679",404,"Immortals of Meluha"
"https://cucatalog.org/polaris/default.aspx?ctx=6.1033.0.0.5","https://cucatalog.org/polaris/view.aspx?CN=78268",404,"A short history of myth"
"https://cucatalog.org/polaris/default.aspx?ctx=6.1033.0.0.5","https://cucatalog.org/polaris/view.aspx?CN=2604632",404,"No friend to this house : a novel"
"https://cucatalog.org/polaris/default.aspx?ctx=6.1033.0.0.5","https://cucatalog.org/polaris/view.aspx?CN=1065079",404,"Mythology : timeless tales of gods and heroes"
"https://cucatalog.org/polaris/default.aspx?ctx=6.1033.0.0.5","https://cucatalog.org/polaris/view.aspx?CN=2524091",404,"Aesop's fables : a new translation"
"https://cucatalog.org/polaris/default.aspx?ctx=6.1033.0.0.5","https://cucatalog.org/polaris/view.aspx?CN=1244205",404,"Antigone rising : the subversive power of the a..."
"https://cucatalog.org/polaris/default.aspx?ctx=6.1033.0.0.5","https://cucatalog.org/polaris/view.aspx?CN=2568624",404,"Classical mythology of the constellations : the..."
"https://cucatalog.org/polaris/default.aspx?ctx=6.1033.0.0.5","https://cucatalog.org/polaris/view.aspx?CN=336592",404,"Children of wax : African folk tales"
"https://cucatalog.org/polaris/default.aspx?ctx=6.1033.0.0.5","https://cucatalog.org/polaris/view.aspx?CN=2361795",404,"Galatea : a short story"
"https://cucatalog.org/polaris/default.aspx?ctx=6.1033.0.0.5","https://cucatalog.org/polaris/view.aspx?CN=2224573",404,"Greek mythology : the gods, goddesses, and hero..."
"https://cucatalog.org/polaris/default.aspx?ctx=6.1033.0.0.5","https://cucatalog.org/polaris/view.aspx?CN=1170496",404,"Great goddesses : life lessons from myths and m..."
"https://cucatalog.org/polaris/default.aspx?ctx=6.1033.0.0.5","https://cucatalog.org/polaris/view.aspx?CN=2527005",404,"Queer as folklore : the hidden queer history of..."
"https://cucatalog.org/polaris/default.aspx?ctx=6.1033.0.0.5","https://cucatalog.org/polaris/view.aspx?CN=2536489",404,"Live like a goddess : life lessons from legends..."
"https://cucatalog.org/polaris/default.aspx?ctx=6.1033.0.0.5","https://cucatalog.org/polaris/view.aspx?CN=812615",404,"The secret of the Nagas"
"https://cucatalog.org/polaris/default.aspx?ctx=6.1033.0.0.5","https://cucatalog.org/polaris/view.aspx?CN=1226264",404,"Disfigured : on fairy tales, disability, and ma..."
"https://cucatalog.org/polaris/default.aspx?ctx=6.1033.0.0.5","https://cucatalog.org/polaris/view.aspx?CN=2184741",404,"Ariadne"
"https://cucatalog.org/polaris/default.aspx?ctx=6.1033.0.0.5","https://cucatalog.org/polaris/view.aspx?CN=545424",404,"From the forest : a search for the hidden roots..."
"https://cucatalog.org/polaris/default.aspx?ctx=6.1033.0.0.5","https://cucatalog.org/polaris/view.aspx?CN=1016852",404,"Children of blood and bone"
"https://cucatalog.org/polaris/default.aspx?ctx=6.1033.0.0.5","https://cucatalog.org/polaris/view.aspx?CN=487566",404,"Oh my gods : a modern retelling of Greek and Ro..."
"https://cucatalog.org/polaris/default.aspx?ctx=6.1033.0.0.5","https://cucatalog.org/polaris/view.aspx?CN=78284",404,"The Penelopiad : [the myth of Penelope and Odys..."
"https://cucatalog.org/polaris/default.aspx?ctx=6.1033.0.0.5","https://cucatalog.org/polaris/view.aspx?CN=1024570",404,"Circe : a novel"
"https://cucatalog.org/polaris/default.aspx?ctx=6.1033.0.0.5","https://urbanafreelibrary.org/library/curbside-service-faqs",403,"FAQ"
"https://cucatalog.org/polaris/default.aspx?ctx=6.1033.0.0.5","https://cucatalog.org/polaris/view.aspx?CN=2386746",404,"Llewellyn's complete book of North American fol..."
"https://cucatalog.org/polaris/default.aspx?ctx=6.1033.0.0.5","https://cucatalog.org/polaris/view.aspx?CN=2497876",404,"Children of anguish and anarchy"
"https://cucatalog.org/polaris/default.aspx?ctx=6.1033.0.0.5","https://cucatalog.org/polaris/view.aspx?CN=264705",404,"Lilith's cave : Jewish tales of the supernatural"
"https://cucatalog.org/polaris/default.aspx?ctx=6.1033.0.0.5","https://cucatalog.org/polaris/view.aspx?ctx=6&brs=145223",404,"ALA Youth Media Awards"
"https://cucatalog.org/polaris/default.aspx?ctx=6.1033.0.0.5","https://cucatalog.org/polaris/search/searchresults.aspx?ctx=6.1033.0.0.7&type=Boolean&term=brs=120603&by=KW&sort=TI&limit=&query=&page=0&searchid=2",404,"Academy Award Winners"
"https://cucatalog.org/polaris/default.aspx?ctx=6.1033.0.0.5","https://cucatalog.org/polaris/view.aspx?ctx=6&brs=112166&sort=TI",404,"Monarch Award"
"https://cucatalog.org/polaris/default.aspx?ctx=6.1033.0.0.5","https://cucatalog.org/polaris/view.aspx?ctx=6&brs=112168&sort=TI",404,"Bluestem Award"
"https://cucatalog.org/polaris/default.aspx?ctx=6.1033.0.0.5","https://cucatalog.org/polaris/view.aspx?ctx=6&brs=54710",404,"Caldecott Award"
"https://cucatalog.org/polaris/default.aspx?ctx=6.1033.0.0.5","https://cucatalog.org/polaris/view.aspx?ctx=6&brs=95288",404,"Newbery Award"
"https://cucatalog.org/polaris/default.aspx?ctx=6.1033.0.0.5","https://cucatalog.org/polaris/view.aspx?ctx=6&brs=140665",404,"National Book Awards 2016"
"https://cucatalog.org/polaris/default.aspx?ctx=6.1033.0.0.5","https://cucatalog.org/polaris/view.aspx?ctx=6&brs=112167&sort=TI",404,"Rebecca Caudill Award"
"https://cucatalog.org/polaris/default.aspx?ctx=6.1033.0.0.5","https://cucatalog.org/polaris/search/searchresults.aspx?ctx=6.1033.0.0.7&type=Boolean&term=brs=123365&by=KW&sort=TI&limit=&query=&page=0&searchid=2",404,"Adapted International Films"
"https://cucatalog.org/polaris/default.aspx?ctx=6.1033.0.0.5","https://cucatalog.org/polaris/search/searchresults.aspx?ctx=6.1033.0.0.7&type=Keyword&term=criterion%20collection%20firm&by=AU&sort=TI_PD&limit=TOM=*&query=&page=0&searchid=2",404,"Criterion Collection"
"https://cucatalog.org/polaris/default.aspx?ctx=6.1033.0.0.5","https://cucatalog.org/polaris/search/searchresults.aspx?ctx=6.1033.0.0.7&type=Boolean&term=brs=86400&by=KW&sort=TI&limit=&query=&page=0&searchid=2",404,"Horror & Occult Films"
"https://cucatalog.org/polaris/default.aspx?ctx=6.1033.0.0.5","https://cucatalog.org/polaris/search/searchresults.aspx?ctx=6.1033.0.0.7&type=Keyword&term=roger%20ebert%27s%20film%20festival.&by=KW&sort=RELEVANCE&limit=TOM=*&query=&page=0&searchid=4",404,"Film Movement"
"https://cucatalog.org/polaris/default.aspx?ctx=6.1033.0.0.5","https://cucatalog.org/polaris/search/searchresults.aspx?ctx=6.1033.0.0.7&type=Boolean&term=COL=urndvin&by=KW&sort=TI&limit=&query=&page=0&searchid=3",404,"International Language"
"https://cucatalog.org/polaris/default.aspx?ctx=6.1033.0.0.5","https://cucatalog.org/polaris/search/searchresults.aspx?ctx=6.1033.0.0.7&type=Boolean&term=brs=121352&by=KW&sort=TI&limit=&query=&page=0&searchid=2",404,"Shakespeare on Film"
"https://cucatalog.org/polaris/default.aspx?ctx=6.1033.0.0.5","https://cucatalog.org/polaris/search/searchresults.aspx?ctx=6.1033.0.0.7&type=Boolean&term=brs=116181&by=KW&sort=TI&limit=&query=&page=0&searchid=2",404,"Santas & Scrooges"
"https://cucatalog.org/polaris/default.aspx?ctx=6.1033.0.0.5","https://cucatalog.org/polaris/search/searchresults.aspx?ctx=6.1033.0.0.7&type=Boolean&term=col=urncdfo&by=KW&sort=TI&limit=&query=&page=0&searchid=1",404,"Folk & Roots Music Favorites"
"https://cucatalog.org/polaris/default.aspx?ctx=6.1033.0.0.5","https://cucatalog.org/polaris/search/searchresults.aspx?ctx=6.1033.0.0.7&type=Boolean&term=brs=126731&by=KW&sort=TI&limit=&query=&page=0&searchid=2",404,"R&R Roll Hall of Fame Inductees"
"https://cucatalog.org/polaris/default.aspx?ctx=6.1033.0.0.5","https://cucatalog.org/polaris/search/searchresults.aspx?ctx=6.1033.0.0.7&type=Boolean&term=col=urnv*&by=KW&sort=TI&limit=&query=&page=0&searchid=1",404,"Vinyl Collection"
"https://cucatalog.org/polaris/default.aspx?ctx=6.1033.0.0.5","https://cucatalog.org/polaris/view.aspx?ctx=6&brs=141790&sort=TI",404,"Rudolph, Frosty, Charlie Brown..."
"https://cucatalog.org/polaris/default.aspx?ctx=6.1033.0.0.5","https://cucatalog.org/polaris/search/searchresults.aspx?ctx=6.1033.0.0.1&type=Boolean&term=brs=177207&by=KW&sort=TI&limit=&query=&page=0&searchid=1",404,"Billboard Music Award Winners"
"https://cucatalog.org/polaris/default.aspx?ctx=6.1033.0.0.5","https://cucatalog.org/polaris/search/searchresults.aspx?ctx=6.1033.0.0.7&type=Advanced&term=folk%20music%20united%20states&relation=ALL&by=KW&bool4=AND&limit=&sort=RELEVANCE&page=0&searchid=3",404,"Folk & Roots Favorites"
"https://cucatalog.org/polaris/default.aspx?ctx=6.1033.0.0.5","https://cucatalog.org/polaris/search/searchresults.aspx?ctx=6.1033.0.0.7&type=Boolean&term=MAT=1%20and%20GENRE=Fantasy%20fiction&by=KW&sort=TI&limit=&query=&page=0&searchid=20",404,"Fantasy Fiction"
"https://cucatalog.org/polaris/default.aspx?ctx=6.1033.0.0.5","https://cucatalog.org/polaris/search/searchresults.aspx?ctx=6.1033.0.0.7&type=Boolean&term=MAT=1%20AND%20SU=Biography&by=KW&sort=TI&limit=&query=&page=0&searchid=19",404,"Biographies"
"https://cucatalog.org/polaris/default.aspx?ctx=6.1033.0.0.5","https://cucatalog.org/polaris/search/searchresults.aspx?ctx=6.1033.0.0.7&type=Boolean&term=MAT=1%20AND%20GENRE=Graphic%20novels&by=KW&sort=TI&limit=&query=&page=0&searchid=21",404,"Graphic Novels"
"https://cucatalog.org/polaris/default.aspx?ctx=6.1033.0.0.5","https://cucatalog.org/polaris/search/searchresults.aspx?ctx=6.1033.0.0.1&type=Boolean&term=brs=116063&by=KW&sort=TI&limit=&query=&page=0&searchid=7",404,"Holiday Books"
"https://cucatalog.org/polaris/default.aspx?ctx=6.1033.0.0.5","https://cucatalog.org/polaris/search/searchresults.aspx?ctx=6.1033.0.0.7&type=Boolean&term=MAT=1%20and%20GENRE=Historical%20fiction&by=KW&sort=TI&limit=&query=&page=0&searchid=22",404,"Historical Fiction"
"https://cucatalog.org/polaris/default.aspx?ctx=6.1033.0.0.5","https://cucatalog.org/polaris/search/searchresults.aspx?ctx=6.1033.0.0.7&type=Boolean&term=MAT=1%20and%20GENRE=Love%20stories&by=KW&sort=TI&limit=&query=&page=0&searchid=24",404,"Romance"
"https://cucatalog.org/polaris/default.aspx?ctx=6.1033.0.0.5","https://cucatalog.org/polaris/search/searchresults.aspx?ctx=6.1033.0.0.7&type=Boolean&term=MAT=1%20and%20GENRE=science%20fiction&by=KW&sort=TI&limit=&query=&page=0&searchid=25",404,"Science Fiction"
"https://cucatalog.org/polaris/default.aspx?ctx=6.1033.0.0.5","https://cucatalog.org/polaris/search/searchresults.aspx?ctx=6.1033.0.0.7&type=Boolean&term=MAT=1%20and%20GENRE=Mystery&by=KW&sort=TI&limit=&query=&page=0&searchid=23",404,"Mysteries"
"https://cucatalog.org/polaris/library/events.aspx?ctx=6.1033.0.0.1","http://events.urbanafree.org/events",FAILED,"online events calendar"
"https://cucatalog.org/polaris/view.aspx?CN=2633849","https://cucatalog.org/search/searchresults.aspx?ctx=6.1033.0.0.1&type=Keyword&page=0&by=SU&term=2633849",404,"Subject Search"
"https://cucatalog.org/polaris/view.aspx?CN=2633849","https://cucatalog.org/search/browse.aspx?ctx=6.1033.0.0.1&type=Browse&by=AU&term=Snow%2c+Eli%2c&page=0",404,"Snow, Eli, author."
"https://cucatalog.org/polaris/view.aspx?CN=2633849","https://cucatalog.org/search/searchresults.aspx?ctx=6.1033.0.0.1&type=Keyword&page=0&by=KW&term=2633849",404,"Any Field Search"
"https://cucatalog.org/polaris/view.aspx?CN=2633849","https://cucatalog.org/search/searchresults.aspx?ctx=6.1033.0.0.1&type=Keyword&page=0&by=NOTE&term=2633849",404,"General Notes Search"
"https://cucatalog.org/polaris/view.aspx?CN=2633849","https://cucatalog.org/search/searchresults.aspx?ctx=6.1033.0.0.1&type=Keyword&page=0&by=PUB&term=2633849",404,"Publisher Search"
"https://cucatalog.org/polaris/view.aspx?CN=2633849","https://cucatalog.org/search/searchresults.aspx?ctx=6.1033.0.0.1&type=Keyword&page=0&by=GENRE&term=2633849",404,"Genre Search"
"https://cucatalog.org/polaris/view.aspx?CN=2633849","https://cucatalog.org/search/searchresults.aspx?ctx=6.1033.0.0.1&type=Keyword&page=0&by=SE&term=2633849",404,"Series Search"
"https://cucatalog.org/polaris/view.aspx?CN=2633849","https://cucatalog.org/search/searchresults.aspx?ctx=6.1033.0.0.1&type=Browse&by=SU&term=Contests&query=SU%3d%22CONTESTS%22&dash=1&page=0",404,"Contests"
"https://cucatalog.org/polaris/view.aspx?CN=2633849","https://cucatalog.org/search/searchresults.aspx?ctx=6.1033.0.0.1&type=Keyword&page=0&by=AU&term=2633849",404,"Author Search"
"https://cucatalog.org/polaris/view.aspx?CN=2633849","https://cucatalog.org/search/searchresults.aspx?ctx=6.1033.0.0.1&type=Keyword&page=0&by=TI&term=2633849",404,"Title Search"
"https://cucatalog.org/polaris/view.aspx?CN=2633849","https://cucatalog.org/search/searchresults.aspx?ctx=6.1033.0.0.1&type=Browse&by=SU&term=Fantasy+fiction.&query=SU%3d%22FANTASY+FICTION%22&dash=1&page=0",404,"Fantasy fiction."
"https://cucatalog.org/polaris/view.aspx?CN=2633849","https://cucatalog.org/search/searchresults.aspx?ctx=6.1033.0.0.1&type=Browse&by=SU&term=Fiction.&query=SU%3d%22FICTION%22&dash=1&page=0",404,"Fiction."
"https://cucatalog.org/polaris/view.aspx?CN=2633849","https://cucatalog.org/search/searchresults.aspx?ctx=6.1033.0.0.1&type=Browse&by=SU&term=Novels.&query=SU%3d%22NOVELS%22&dash=1&page=0",404,"Novels."
"https://cucatalog.org/polaris/view.aspx?CN=2633849","https://cucatalog.org/search/searchresults.aspx?ctx=6.1033.0.0.1&type=Browse&by=SU&term=Romance+fiction.&query=SU%3d%22ROMANCE+FICTION%22&dash=1&page=0",404,"Romance fiction."
"https://cucatalog.org/polaris/view.aspx?CN=2633849","https://cucatalog.org/search/related.aspx?facetTypeID=2",404,"More..."
"https://cucatalog.org/polaris/view.aspx?CN=2633849","https://cucatalog.org/search/searchresults.aspx?ctx=6.1033.0.0.1&type=Browse&by=AU&term=Snow%2c+Eli&query=AU%3d%22SNOW+ELI%22&dash=1&page=0",404,"Snow, Eli"
"https://cucatalog.org/polaris/view.aspx?CN=2633849","https://cucatalog.org/polaris/search/searchresults.aspx?ctx=6.1033.0.0.1&type=Keyword&term=2633849&by=CN&sort=RELEVANCE&limit=TOM%3d*&query=&page=0&searchid=1&lp=0",404,"Regular Text"
"https://cucatalog.org/polaris/view.aspx?CN=2633825","https://cucatalog.org/search/browse.aspx?ctx=6.1033.0.0.1&type=Browse&by=AU&term=Elkus%2c+Grace%2c&page=0",404,"Elkus, Grace, author."
"https://cucatalog.org/polaris/view.aspx?CN=2633825","https://cucatalog.org/search/searchresults.aspx?ctx=6.1033.0.0.1&type=Keyword&page=0&by=GENRE&term=2633825",404,"Genre Search"
"https://cucatalog.org/polaris/view.aspx?CN=2633825","https://cucatalog.org/search/searchresults.aspx?ctx=6.1033.0.0.1&type=Keyword&page=0&by=AU&term=2633825",404,"Author Search"
"https://cucatalog.org/polaris/view.aspx?CN=2633825","https://cucatalog.org/search/searchresults.aspx?ctx=6.1033.0.0.1&type=Keyword&page=0&by=SU&term=2633825",404,"Subject Search"
"https://cucatalog.org/polaris/view.aspx?CN=2633825","https://cucatalog.org/search/searchresults.aspx?ctx=6.1033.0.0.1&type=Keyword&page=0&by=SE&term=2633825",404,"Series Search"
"https://cucatalog.org/polaris/view.aspx?CN=2633825","https://cucatalog.org/search/searchresults.aspx?ctx=6.1033.0.0.1&type=Browse&by=SU&term=Cuisine+ve%cc%81ge%cc%81tarienne.&query=SU%3d%22CUISINE+VEGETARIENNE%22&dash=1&page=0",404,"Cuisine végétarienne."
"https://cucatalog.org/polaris/view.aspx?CN=2633825","https://cucatalog.org/search/searchresults.aspx?ctx=6.1033.0.0.1&type=Keyword&page=0&by=TI&term=2633825",404,"Title Search"
"https://cucatalog.org/polaris/view.aspx?CN=2633825","https://cucatalog.org/search/searchresults.aspx?ctx=6.1033.0.0.1&type=Keyword&page=0&by=NOTE&term=2633825",404,"General Notes Search"
"https://cucatalog.org/polaris/view.aspx?CN=2633825","https://cucatalog.org/search/searchresults.aspx?ctx=6.1033.0.0.1&type=Keyword&page=0&by=KW&term=2633825",404,"Any Field Search"
"https://cucatalog.org/polaris/view.aspx?CN=2633825","https://cucatalog.org/search/searchresults.aspx?ctx=6.1033.0.0.1&type=Browse&by=SU&term=Recipes.&query=SU%3d%22RECIPES%22&dash=1&page=0",404,"Recipes."
"https://cucatalog.org/polaris/view.aspx?CN=2633825","https://cucatalog.org/search/searchresults.aspx?ctx=6.1033.0.0.1&type=Browse&by=SU&term=High-protein+diet&query=SU%3d%22HIGH+PROTEIN+DIET%22&dash=1&page=0",404,"High-protein diet"
"https://cucatalog.org/polaris/view.aspx?CN=2633825","https://cucatalog.org/search/searchresults.aspx?ctx=6.1033.0.0.1&type=Browse&by=SU&term=Livres+de+cuisine.&query=SU%3d%22LIVRES+DE+CUISINE%22&dash=1&page=0",404,"Livres de cuisine."
"https://cucatalog.org/polaris/view.aspx?CN=2633825","https://cucatalog.org/search/searchresults.aspx?ctx=6.1033.0.0.1&type=Browse&by=SU&term=Re%cc%81gimes+hyperprote%cc%81iques&query=SU%3d%22REGIMES+HYPERPROTEIQUES%22&dash=1&page=0",404,"Régimes hyperprotéiques"
"https://cucatalog.org/polaris/view.aspx?CN=2633825","https://cucatalog.org/search/searchresults.aspx?ctx=6.1033.0.0.1&type=Keyword&page=0&by=PUB&term=2633825",404,"Publisher Search"
"https://cucatalog.org/polaris/view.aspx?CN=2633825","https://cucatalog.org/search/searchresults.aspx?ctx=6.1033.0.0.1&type=Browse&by=AU&term=Elkus%2c+Grace&query=AU%3d%22ELKUS+GRACE%22&dash=1&page=0",404,"Elkus, Grace"
"https://cucatalog.org/polaris/view.aspx?CN=2633825","https://cucatalog.org/search/searchresults.aspx?ctx=6.1033.0.0.1&type=Browse&by=AU&term=Pugliese%2c+Linda&query=AU%3d%22PUGLIESE+LINDA%22&dash=1&page=0",404,"Pugliese, Linda"
"https://cucatalog.org/polaris/view.aspx?CN=2633825","https://cucatalog.org/polaris/search/searchresults.aspx?ctx=6.1033.0.0.1&type=Keyword&term=2633825&by=CN&sort=RELEVANCE&limit=TOM%3d*&query=&page=0&searchid=2&lp=0",404,"Regular Text"
"https://cucatalog.org/polaris/view.aspx?CN=2633825","https://cucatalog.org/polaris/search/searchresults.aspx?ctx=6.1033.0.0.1&type=Keyword&term=2633825&by=CN&sort=RELEVANCE&limit=TOM%3d*&query=&page=0&searchid=2&using=92",404,"PAC"
"https://cucatalog.org/polaris/view.aspx?CN=2633825","https://cucatalog.org/polaris/search/searchresults.aspx?ctx=6.1033.0.0.1&type=Keyword&term=2633825&by=CN&sort=RELEVANCE&limit=TOM%3d*&query=&page=0&searchid=2&using=452",404,"Local History Online"
"https://cucatalog.org/polaris/view.aspx?CN=2633825","https://cucatalog.org/polaris/search/searchresults.aspx?ctx=6.1033.0.0.1&type=Keyword&term=2633825&by=CN&sort=RELEVANCE&limit=TOM%3d*&query=&page=0&searchid=2&using=93",404,"WorldCat"
"https://cucatalog.org/polaris/view.aspx?CN=2652303","https://cucatalog.org/search/browse.aspx?ctx=6.1033.0.0.1&type=Browse&by=SE&term=Shirtaloon+(Fantasy+fiction+author).+He+who+fights+with+monsters+(Series)+%3b+bk.+1.&page=0",404,"Shirtaloon (Fantasy fiction author). He who fights with monsters (Series) ; bk. 1."
"https://cucatalog.org/polaris/view.aspx?CN=2652303","https://cucatalog.org/search/browse.aspx?ctx=6.1033.0.0.1&type=Browse&by=AU&term=Shirtaloon&page=0",404,"Shirtaloon (Fantasy fiction author), author."
"https://cucatalog.org/polaris/view.aspx?CN=2652303","https://cucatalog.org/search/searchresults.aspx?ctx=6.1033.0.0.1&type=Keyword&page=0&by=PUB&term=2652303",404,"Publisher Search"
"https://cucatalog.org/polaris/view.aspx?CN=2652303","https://cucatalog.org/search/searchresults.aspx?ctx=6.1033.0.0.1&type=Keyword&page=0&by=GENRE&term=2652303",404,"Genre Search"
"https://cucatalog.org/polaris/view.aspx?CN=2652303","https://cucatalog.org/search/searchresults.aspx?ctx=6.1033.0.0.1&type=Keyword&page=0&by=AU&term=2652303",404,"Author Search"
"https://cucatalog.org/polaris/view.aspx?CN=2652303","https://cucatalog.org/search/searchresults.aspx?ctx=6.1033.0.0.1&type=Keyword&page=0&by=SE&term=2652303",404,"Series Search"
"https://cucatalog.org/polaris/view.aspx?CN=2652303","https://cucatalog.org/search/searchresults.aspx?ctx=6.1033.0.0.1&type=Keyword&page=0&by=NOTE&term=2652303",404,"General Notes Search"
"https://cucatalog.org/polaris/view.aspx?CN=2652303","https://cucatalog.org/search/searchresults.aspx?ctx=6.1033.0.0.1&type=Keyword&page=0&by=TI&term=2652303",404,"Title Search"
"https://cucatalog.org/polaris/view.aspx?CN=2652303","https://cucatalog.org/search/searchresults.aspx?ctx=6.1033.0.0.1&type=Browse&by=SU&term=Monsters&query=SU%3d%22MONSTERS%22&dash=1&page=0",404,"Monsters"
"https://cucatalog.org/polaris/view.aspx?CN=2652303","https://cucatalog.org/search/searchresults.aspx?ctx=6.1033.0.0.1&type=Keyword&page=0&by=SU&term=2652303",404,"Subject Search"
"https://cucatalog.org/polaris/view.aspx?CN=2652303","https://cucatalog.org/search/searchresults.aspx?ctx=6.1033.0.0.1&type=Browse&by=SU&term=Magic&query=SU%3d%22MAGIC%22&dash=1&page=0",404,"Magic"
"https://cucatalog.org/polaris/view.aspx?CN=2652303","https://cucatalog.org/search/searchresults.aspx?ctx=6.1033.0.0.1&type=Keyword&page=0&by=KW&term=2652303",404,"Any Field Search"
"https://cucatalog.org/polaris/view.aspx?CN=2652303","https://cucatalog.org/search/searchresults.aspx?ctx=6.1033.0.0.1&type=Browse&by=SU&term=Romans.&query=SU%3d%22ROMANS%22&dash=1&page=0",404,"Romans."
"https://cucatalog.org/polaris/view.aspx?CN=2652303","https://cucatalog.org/search/searchresults.aspx?ctx=6.1033.0.0.1&type=Browse&by=AU&term=Shirtaloon&query=AU%3d%22SHIRTALOON%22&dash=1&page=0",404,"Shirtaloon"
"https://cucatalog.org/polaris/view.aspx?CN=2652303","https://cucatalog.org/search/searchresults.aspx?ctx=6.1033.0.0.1&type=Browse&by=AU&term=Shirtaloon+(Fantasy+fiction+author)&query=AU%3d%22SHIRTALOON+FANTASY+FICTION+AUTHOR%22&dash=1&page=0",404,"Shirtaloon (Fantasy fiction author)"
"https://cucatalog.org/polaris/view.aspx?CN=2652303","https://cucatalog.org/search/searchresults.aspx?ctx=6.1033.0.0.1&type=Browse&by=SE&term=Shirtaloon+(Fantasy+fiction+author).+He+who+fights+with+monsters+(Series)+%3b+bk.+1.&query=SE%3d%22SHIRTALOON+FANTASY+FICTION+AUTHOR+HE+WHO+FIGHTS+WITH+MONSTERS+SERIES+BK+1%22&dash=1&page=0",404,"Shirtaloon (Fantasy fiction author). He who fights with monsters (Series) ; bk. 1."
"https://cucatalog.org/polaris/view.aspx?CN=2652303","https://cucatalog.org/search/searchresults.aspx?ctx=6.1033.0.0.1&type=Browse&by=SE&term=He+who+fights+with+monsters+%3b+book+1&query=SE%3d%22HE+WHO+FIGHTS+WITH+MONSTERS+BOOK+1%22&dash=1&page=0",404,"He who fights with monsters ; book 1"
"https://cucatalog.org/polaris/view.aspx?CN=2652303","https://cucatalog.org/search/searchresults.aspx?ctx=6.1033.0.0.1&type=Browse&by=SE&term=He+who+fights+with+monsters+(Series)&query=SE%3d%22HE+WHO+FIGHTS+WITH+MONSTERS+SERIES%22&dash=1&page=0",404,"He who fights with monsters (Series)"
"https://cucatalog.org/polaris/view.aspx?CN=2652303","https://cucatalog.org/polaris/search/searchresults.aspx?ctx=6.1033.0.0.1&type=Keyword&term=2652303&by=CN&sort=RELEVANCE&limit=TOM%3d*&query=&page=0&searchid=3&lp=0",404,"Regular Text"
"https://cucatalog.org/polaris/view.aspx?CN=2652303","https://cucatalog.org/polaris/search/searchresults.aspx?ctx=6.1033.0.0.1&type=Keyword&term=2652303&by=CN&sort=RELEVANCE&limit=TOM%3d*&query=&page=0&searchid=3&using=452",404,"Local History Online"
"https://cucatalog.org/polaris/view.aspx?CN=2652303","https://cucatalog.org/polaris/search/searchresults.aspx?ctx=6.1033.0.0.1&type=Keyword&term=2652303&by=CN&sort=RELEVANCE&limit=TOM%3d*&query=&page=0&searchid=3&using=92",404,"PAC"
"https://cucatalog.org/polaris/view.aspx?CN=2652303","https://cucatalog.org/polaris/search/searchresults.aspx?ctx=6.1033.0.0.1&type=Keyword&term=2652303&by=CN&sort=RELEVANCE&limit=TOM%3d*&query=&page=0&searchid=3&using=93",404,"WorldCat"
"https://cucatalog.org/polaris/view.aspx?CN=2640348","https://cucatalog.org/search/searchresults.aspx?ctx=6.1033.0.0.1&type=Keyword&page=0&by=KW&term=2640348",404,"Any Field Search"
"https://cucatalog.org/polaris/view.aspx?CN=2640348","https://cucatalog.org/search/browse.aspx?ctx=6.1033.0.0.1&type=Browse&by=AU&term=Wise%2c+Henry%2c+1982-&page=0",404,"Wise, Henry, 1982- author."
"https://cucatalog.org/polaris/view.aspx?CN=2640348","https://cucatalog.org/search/searchresults.aspx?ctx=6.1033.0.0.1&type=Keyword&page=0&by=GENRE&term=2640348",404,"Genre Search"
"https://cucatalog.org/polaris/view.aspx?CN=2640348","https://cucatalog.org/search/searchresults.aspx?ctx=6.1033.0.0.1&type=Keyword&page=0&by=AU&term=2640348",404,"Author Search"
"https://cucatalog.org/polaris/view.aspx?CN=2640348","https://cucatalog.org/search/searchresults.aspx?ctx=6.1033.0.0.1&type=Keyword&page=0&by=SE&term=2640348",404,"Series Search"
"https://cucatalog.org/polaris/view.aspx?CN=2640348","https://cucatalog.org/search/searchresults.aspx?ctx=6.1033.0.0.1&type=Keyword&page=0&by=SU&term=2640348",404,"Subject Search"
"https://cucatalog.org/polaris/view.aspx?CN=2640348","https://cucatalog.org/search/searchresults.aspx?ctx=6.1033.0.0.1&type=Keyword&page=0&by=PUB&term=2640348",404,"Publisher Search"
"https://cucatalog.org/polaris/view.aspx?CN=2640348","https://cucatalog.org/search/searchresults.aspx?ctx=6.1033.0.0.1&type=Browse&by=SU&term=Detective+and+mystery+fiction.&query=SU%3d%22DETECTIVE+AND+MYSTERY+FICTION%22&dash=1&page=0",404,"Detective and mystery fiction."
"https://cucatalog.org/polaris/view.aspx?CN=2640348","https://cucatalog.org/search/searchresults.aspx?ctx=6.1033.0.0.1&type=Browse&by=SU&term=Missing+persons&query=SU%3d%22MISSING+PERSONS%22&dash=1&page=0",404,"Missing persons"
"https://cucatalog.org/polaris/view.aspx?CN=2640348","https://cucatalog.org/search/searchresults.aspx?ctx=6.1033.0.0.1&type=Keyword&page=0&by=NOTE&term=2640348",404,"General Notes Search"
"https://cucatalog.org/polaris/view.aspx?CN=2640348","https://cucatalog.org/search/searchresults.aspx?ctx=6.1033.0.0.1&type=Keyword&page=0&by=TI&term=2640348",404,"Title Search"
"https://cucatalog.org/polaris/view.aspx?CN=2640348","https://cucatalog.org/search/searchresults.aspx?ctx=6.1033.0.0.1&type=Browse&by=SU&term=Mystery+fiction.&query=SU%3d%22MYSTERY+FICTION%22&dash=1&page=0",404,"Mystery fiction."
"https://cucatalog.org/polaris/view.aspx?CN=2640348","https://cucatalog.org/search/searchresults.aspx?ctx=6.1033.0.0.1&type=Browse&by=SU&term=Personnes+disparues&query=SU%3d%22PERSONNES+DISPARUES%22&dash=1&page=0",404,"Personnes disparues"
"https://cucatalog.org/polaris/view.aspx?CN=2640348","https://cucatalog.org/search/searchresults.aspx?ctx=6.1033.0.0.1&type=Browse&by=AU&term=Wise%2c+Henry%2c+1982-&query=AU%3d%22WISE+HENRY+1982%22&dash=1&page=0",404,"Wise, Henry, 1982-"
"https://cucatalog.org/polaris/view.aspx?CN=2640348","https://cucatalog.org/polaris/search/searchresults.aspx?ctx=6.1033.0.0.1&type=Keyword&term=2640348&by=CN&sort=RELEVANCE&limit=TOM%3d*&query=&page=0&searchid=4&lp=0",404,"Regular Text"
"https://cucatalog.org/polaris/view.aspx?CN=2640348","https://cucatalog.org/polaris/search/searchresults.aspx?ctx=6.1033.0.0.1&type=Keyword&term=2640348&by=CN&sort=RELEVANCE&limit=TOM%3d*&query=&page=0&searchid=4&using=452",404,"Local History Online"
"https://cucatalog.org/polaris/view.aspx?CN=2640348","https://cucatalog.org/polaris/search/searchresults.aspx?ctx=6.1033.0.0.1&type=Keyword&term=2640348&by=CN&sort=RELEVANCE&limit=TOM%3d*&query=&page=0&searchid=4&using=92",404,"PAC"
"https://cucatalog.org/polaris/view.aspx?CN=2640348","https://cucatalog.org/polaris/search/searchresults.aspx?ctx=6.1033.0.0.1&type=Keyword&term=2640348&by=CN&sort=RELEVANCE&limit=TOM%3d*&query=&page=0&searchid=4&using=93",404,"WorldCat"
"https://cucatalog.org/polaris/view.aspx?CN=2639995","https://cucatalog.org/search/browse.aspx?ctx=6.1033.0.0.1&type=Browse&by=AU&term=Truelove%2c+Barbara%2c&page=0",404,"Truelove, Barbara, author."
"https://cucatalog.org/polaris/view.aspx?CN=2639995","https://cucatalog.org/search/searchresults.aspx?ctx=6.1033.0.0.1&type=Keyword&page=0&by=KW&term=2639995",404,"Any Field Search"
"https://cucatalog.org/polaris/view.aspx?CN=2639995","https://cucatalog.org/search/searchresults.aspx?ctx=6.1033.0.0.1&type=Keyword&page=0&by=GENRE&term=2639995",404,"Genre Search"
"https://cucatalog.org/polaris/view.aspx?CN=2639995","https://cucatalog.org/search/searchresults.aspx?ctx=6.1033.0.0.1&type=Keyword&page=0&by=SE&term=2639995",404,"Series Search"
"https://cucatalog.org/polaris/view.aspx?CN=2639995","https://cucatalog.org/search/searchresults.aspx?ctx=6.1033.0.0.1&type=Keyword&page=0&by=NOTE&term=2639995",404,"General Notes Search"
"https://cucatalog.org/polaris/view.aspx?CN=2639995","https://cucatalog.org/search/searchresults.aspx?ctx=6.1033.0.0.1&type=Keyword&page=0&by=PUB&term=2639995",404,"Publisher Search"
"https://cucatalog.org/polaris/view.aspx?CN=2639995","https://cucatalog.org/search/searchresults.aspx?ctx=6.1033.0.0.1&type=Keyword&page=0&by=AU&term=2639995",404,"Author Search"
"https://cucatalog.org/polaris/view.aspx?CN=2639995","https://cucatalog.org/search/searchresults.aspx?ctx=6.1033.0.0.1&type=Browse&by=SU&term=Dolls&query=SU%3d%22DOLLS%22&dash=1&page=0",404,"Dolls"
"https://cucatalog.org/polaris/view.aspx?CN=2639995","https://cucatalog.org/search/searchresults.aspx?ctx=6.1033.0.0.1&type=Keyword&page=0&by=TI&term=2639995",404,"Title Search"
"https://cucatalog.org/polaris/view.aspx?CN=2639995","https://cucatalog.org/search/searchresults.aspx?ctx=6.1033.0.0.1&type=Browse&by=SU&term=Murder+victims&query=SU%3d%22MURDER+VICTIMS%22&dash=1&page=0",404,"Murder victims"
"https://cucatalog.org/polaris/view.aspx?CN=2639995","https://cucatalog.org/search/searchresults.aspx?ctx=6.1033.0.0.1&type=Browse&by=SU&term=Poupe%cc%81es&query=SU%3d%22POUPEES%22&dash=1&page=0",404,"Poupées"
"https://cucatalog.org/polaris/view.aspx?CN=2639995","https://cucatalog.org/search/searchresults.aspx?ctx=6.1033.0.0.1&type=Browse&by=SU&term=Horror+fiction.&query=SU%3d%22HORROR+FICTION%22&dash=1&page=0",404,"Horror fiction."
"https://cucatalog.org/polaris/view.aspx?CN=2639995","https://cucatalog.org/search/searchresults.aspx?ctx=6.1033.0.0.1&type=Browse&by=SU&term=Vengeance&query=SU%3d%22VENGEANCE%22&dash=1&page=0",404,"Vengeance"
"https://cucatalog.org/polaris/view.aspx?CN=2639995","https://cucatalog.org/search/searchresults.aspx?ctx=6.1033.0.0.1&type=Keyword&page=0&by=SU&term=2639995",404,"Subject Search"
"https://cucatalog.org/polaris/view.aspx?CN=2639995","https://cucatalog.org/search/searchresults.aspx?ctx=6.1033.0.0.1&type=Browse&by=AU&term=Truelove%2c+Barbara&query=AU%3d%22TRUELOVE+BARBARA%22&dash=1&page=0",404,"Truelove, Barbara"
"https://cucatalog.org/polaris/view.aspx?CN=2639995","https://cucatalog.org/polaris/search/searchresults.aspx?ctx=6.1033.0.0.1&type=Keyword&term=2639995&by=CN&sort=RELEVANCE&limit=TOM%3d*&query=&page=0&searchid=5&using=92",404,"PAC"
"https://cucatalog.org/polaris/view.aspx?CN=2639995","https://cucatalog.org/polaris/search/searchresults.aspx?ctx=6.1033.0.0.1&type=Keyword&term=2639995&by=CN&sort=RELEVANCE&limit=TOM%3d*&query=&page=0&searchid=5&using=93",404,"WorldCat"
"https://cucatalog.org/polaris/view.aspx?CN=2639995","https://cucatalog.org/polaris/search/searchresults.aspx?ctx=6.1033.0.0.1&type=Keyword&term=2639995&by=CN&sort=RELEVANCE&limit=TOM%3d*&query=&page=0&searchid=5&using=452",404,"Local History Online"
"https://cucatalog.org/polaris/view.aspx?CN=2639995","https://cucatalog.org/polaris/search/searchresults.aspx?ctx=6.1033.0.0.1&type=Keyword&term=2639995&by=CN&sort=RELEVANCE&limit=TOM%3d*&query=&page=0&searchid=5&lp=0",404,"Regular Text"
"https://cucatalog.org/polaris/view.aspx?CN=2640055","https://cucatalog.org/search/searchresults.aspx?ctx=6.1033.0.0.1&type=Keyword&page=0&by=TI&term=2640055",404,"Title Search"
"https://cucatalog.org/polaris/view.aspx?CN=2640055","https://cucatalog.org/search/browse.aspx?ctx=6.1033.0.0.1&type=Browse&by=AU&term=Islington%2c+James%2c+1981-&page=0",404,"Islington, James, 1981- author."
"https://cucatalog.org/polaris/view.aspx?CN=2640055","https://cucatalog.org/search/searchresults.aspx?ctx=6.1033.0.0.1&type=Keyword&page=0&by=KW&term=2640055",404,"Any Field Search"
"https://cucatalog.org/polaris/view.aspx?CN=2640055","https://cucatalog.org/search/searchresults.aspx?ctx=6.1033.0.0.1&type=Keyword&page=0&by=GENRE&term=2640055",404,"Genre Search"
"https://cucatalog.org/polaris/view.aspx?CN=2640055","https://cucatalog.org/search/searchresults.aspx?ctx=6.1033.0.0.1&type=Keyword&page=0&by=SE&term=2640055",404,"Series Search"
"https://cucatalog.org/polaris/view.aspx?CN=2640055","https://cucatalog.org/search/searchresults.aspx?ctx=6.1033.0.0.1&type=Browse&by=SU&term=Bodyguards&query=SU%3d%22BODYGUARDS%22&dash=1&page=0",404,"Bodyguards"
"https://cucatalog.org/polaris/view.aspx?CN=2640055","https://cucatalog.org/search/searchresults.aspx?ctx=6.1033.0.0.1&type=Browse&by=SU&term=Assassins&query=SU%3d%22ASSASSINS%22&dash=1&page=0",404,"Assassins"
"https://cucatalog.org/polaris/view.aspx?CN=2640055","https://cucatalog.org/search/searchresults.aspx?ctx=6.1033.0.0.1&type=Keyword&page=0&by=NOTE&term=2640055",404,"General Notes Search"
"https://cucatalog.org/polaris/view.aspx?CN=2640055","https://cucatalog.org/search/searchresults.aspx?ctx=6.1033.0.0.1&type=Keyword&page=0&by=SU&term=2640055",404,"Subject Search"
"https://cucatalog.org/polaris/view.aspx?CN=2640055","https://cucatalog.org/search/searchresults.aspx?ctx=6.1033.0.0.1&type=Browse&by=SU&term=Rich+people&query=SU%3d%22RICH+PEOPLE%22&dash=1&page=0",404,"Rich people"
"https://cucatalog.org/polaris/view.aspx?CN=2640055","https://cucatalog.org/search/searchresults.aspx?ctx=6.1033.0.0.1&type=Browse&by=SU&term=Corporations&query=SU%3d%22CORPORATIONS%22&dash=1&page=0",404,"Corporations"
"https://cucatalog.org/polaris/view.aspx?CN=2640055","https://cucatalog.org/search/searchresults.aspx?ctx=6.1033.0.0.1&type=Browse&by=AU&term=Islington%2c+James%2c+1981-&query=AU%3d%22ISLINGTON+JAMES+1981%22&dash=1&page=0",404,"Islington, James, 1981-"
"https://cucatalog.org/polaris/view.aspx?CN=2640055","https://cucatalog.org/search/searchresults.aspx?ctx=6.1033.0.0.1&type=Keyword&page=0&by=PUB&term=2640055",404,"Publisher Search"
"https://cucatalog.org/polaris/view.aspx?CN=2640055","https://cucatalog.org/search/searchresults.aspx?ctx=6.1033.0.0.1&type=Browse&by=SU&term=Science+fiction.&query=SU%3d%22SCIENCE+FICTION%22&dash=1&page=0",404,"Science fiction."
"https://cucatalog.org/polaris/view.aspx?CN=2640055","https://cucatalog.org/search/searchresults.aspx?ctx=6.1033.0.0.1&type=Keyword&page=0&by=AU&term=2640055",404,"Author Search"
"https://cucatalog.org/polaris/view.aspx?CN=2640055","https://cucatalog.org/polaris/search/searchresults.aspx?ctx=6.1033.0.0.1&type=Keyword&term=2640055&by=CN&sort=RELEVANCE&limit=TOM%3d*&query=&page=0&searchid=6&lp=0",404,"Regular Text"
"https://cucatalog.org/polaris/view.aspx?CN=2640055","https://cucatalog.org/polaris/search/searchresults.aspx?ctx=6.1033.0.0.1&type=Keyword&term=2640055&by=CN&sort=RELEVANCE&limit=TOM%3d*&query=&page=0&searchid=6&using=452",404,"Local History Online"
"https://cucatalog.org/polaris/view.aspx?CN=2640055","https://cucatalog.org/polaris/search/searchresults.aspx?ctx=6.1033.0.0.1&type=Keyword&term=2640055&by=CN&sort=RELEVANCE&limit=TOM%3d*&query=&page=0&searchid=6&using=93",404,"WorldCat"
"https://cucatalog.org/polaris/view.aspx?CN=2640055","https://cucatalog.org/polaris/search/searchresults.aspx?ctx=6.1033.0.0.1&type=Keyword&term=2640055&by=CN&sort=RELEVANCE&limit=TOM%3d*&query=&page=0&searchid=6&using=92",404,"PAC"
"https://cucatalog.org/polaris/view.aspx?CN=2640084","https://cucatalog.org/search/searchresults.aspx?ctx=6.1033.0.0.1&type=Keyword&page=0&by=KW&term=2640084",404,"Any Field Search"
"https://cucatalog.org/polaris/view.aspx?CN=2640084","https://cucatalog.org/search/browse.aspx?ctx=6.1033.0.0.1&type=Browse&by=AU&term=Collin%2c+Philippe%2c+1975-&page=0",404,"Collin, Philippe, 1975- author"
"https://cucatalog.org/polaris/view.aspx?CN=2640084","https://cucatalog.org/search/searchresults.aspx?ctx=6.1033.0.0.1&type=Keyword&page=0&by=GENRE&term=2640084",404,"Genre Search"
"https://cucatalog.org/polaris/view.aspx?CN=2640084","https://cucatalog.org/search/searchresults.aspx?ctx=6.1033.0.0.1&type=Keyword&page=0&by=SE&term=2640084",404,"Series Search"
"https://cucatalog.org/polaris/view.aspx?CN=2640084","https://cucatalog.org/search/searchresults.aspx?ctx=6.1033.0.0.1&type=Browse&by=SU&term=Bartenders&query=SU%3d%22BARTENDERS%22&dash=1&page=0",404,"Bartenders"
"https://cucatalog.org/polaris/view.aspx?CN=2640084","https://cucatalog.org/search/searchresults.aspx?ctx=6.1033.0.0.1&type=Keyword&page=0&by=PUB&term=2640084",404,"Publisher Search"
"https://cucatalog.org/polaris/view.aspx?CN=2640084","https://cucatalog.org/search/searchresults.aspx?ctx=6.1033.0.0.1&type=Keyword&page=0&by=NOTE&term=2640084",404,"General Notes Search"
"https://cucatalog.org/polaris/view.aspx?CN=2640084","https://cucatalog.org/search/searchresults.aspx?ctx=6.1033.0.0.1&type=Keyword&page=0&by=SU&term=2640084",404,"Subject Search"
"https://cucatalog.org/polaris/view.aspx?CN=2640084","https://cucatalog.org/search/searchresults.aspx?ctx=6.1033.0.0.1&type=Keyword&page=0&by=AU&term=2640084",404,"Author Search"
"https://cucatalog.org/polaris/view.aspx?CN=2640084","https://cucatalog.org/search/searchresults.aspx?ctx=6.1033.0.0.1&type=Keyword&page=0&by=TI&term=2640084",404,"Title Search"
"https://cucatalog.org/polaris/view.aspx?CN=2640084","https://cucatalog.org/search/searchresults.aspx?ctx=6.1033.0.0.1&type=Browse&by=SU&term=Government%2c+Resistance+to&query=SU%3d%22GOVERNMENT+RESISTANCE+TO%22&dash=1&page=0",404,"Government, Resistance to"
"https://cucatalog.org/polaris/view.aspx?CN=2640084","https://cucatalog.org/search/searchresults.aspx?ctx=6.1033.0.0.1&type=Browse&by=SU&term=Historical+fiction.&query=SU%3d%22HISTORICAL+FICTION%22&dash=1&page=0",404,"Historical fiction."
"https://cucatalog.org/polaris/view.aspx?CN=2640084","https://cucatalog.org/search/searchresults.aspx?ctx=6.1033.0.0.1&type=Browse&by=SU&term=Paris+(France)&query=SU%3d%22PARIS+FRANCE%22&dash=1&page=0",404,"Paris (France)"
"https://cucatalog.org/polaris/view.aspx?CN=2640084","https://cucatalog.org/search/searchresults.aspx?ctx=6.1033.0.0.1&type=Browse&by=SU&term=World+War%2c+1939-1945&query=SU%3d%22WORLD+WAR+1939+1945%22&dash=1&page=0",404,"World War, 1939-1945"
"https://cucatalog.org/polaris/view.aspx?CN=2640084","https://cucatalog.org/search/searchresults.aspx?ctx=6.1033.0.0.1&type=Browse&by=AU&term=Collin%2c+Philippe%2c+1975-&query=AU%3d%22COLLIN+PHILIPPE+1975%22&dash=1&page=0",404,"Collin, Philippe, 1975-"
"https://cucatalog.org/polaris/view.aspx?CN=2640084","https://cucatalog.org/search/searchresults.aspx?ctx=6.1033.0.0.1&type=Browse&by=AU&term=Wynne%2c+Frank&query=AU%3d%22WYNNE+FRANK%22&dash=1&page=0",404,"Wynne, Frank"
"https://cucatalog.org/polaris/view.aspx?CN=2640084","https://cucatalog.org/polaris/search/searchresults.aspx?ctx=6.1033.0.0.1&type=Keyword&term=2640084&by=CN&sort=RELEVANCE&limit=TOM%3d*&query=&page=0&searchid=7&lp=0",404,"Regular Text"
"https://cucatalog.org/polaris/view.aspx?CN=2640084","https://cucatalog.org/polaris/search/searchresults.aspx?ctx=6.1033.0.0.1&type=Keyword&term=2640084&by=CN&sort=RELEVANCE&limit=TOM%3d*&query=&page=0&searchid=7&using=93",404,"WorldCat"
"https://cucatalog.org/polaris/view.aspx?CN=2640084","https://cucatalog.org/polaris/search/searchresults.aspx?ctx=6.1033.0.0.1&type=Keyword&term=2640084&by=CN&sort=RELEVANCE&limit=TOM%3d*&query=&page=0&searchid=7&using=92",404,"PAC"
"https://cucatalog.org/polaris/view.aspx?CN=2640084","https://cucatalog.org/polaris/search/searchresults.aspx?ctx=6.1033.0.0.1&type=Keyword&term=2640084&by=CN&sort=RELEVANCE&limit=TOM%3d*&query=&page=0&searchid=7&using=452",404,"Local History Online"
"https://cucatalog.org/polaris/view.aspx?CN=2647264","https://cucatalog.org/search/searchresults.aspx?ctx=6.1033.0.0.1&type=Keyword&page=0&by=KW&term=2647264",404,"Any Field Search"
"https://cucatalog.org/polaris/view.aspx?CN=2647264","https://cucatalog.org/search/browse.aspx?ctx=6.1033.0.0.1&type=Browse&by=AU&term=Hoy-Kenny%2c+Marie%2c&page=0",404,"Hoy-Kenny, Marie, author."
"https://cucatalog.org/polaris/view.aspx?CN=2647264","https://cucatalog.org/search/searchresults.aspx?ctx=6.1033.0.0.1&type=Keyword&page=0&by=GENRE&term=2647264",404,"Genre Search"
"https://cucatalog.org/polaris/view.aspx?CN=2647264","https://cucatalog.org/search/searchresults.aspx?ctx=6.1033.0.0.1&type=Keyword&page=0&by=SE&term=2647264",404,"Series Search"
"https://cucatalog.org/polaris/view.aspx?CN=2647264","https://cucatalog.org/search/searchresults.aspx?ctx=6.1033.0.0.1&type=Keyword&page=0&by=AU&term=2647264",404,"Author Search"
"https://cucatalog.org/polaris/view.aspx?CN=2647264","https://cucatalog.org/search/searchresults.aspx?ctx=6.1033.0.0.1&type=Keyword&page=0&by=PUB&term=2647264",404,"Publisher Search"
"https://cucatalog.org/polaris/view.aspx?CN=2647264","https://cucatalog.org/search/searchresults.aspx?ctx=6.1033.0.0.1&type=Browse&by=SU&term=Adultery&query=SU%3d%22ADULTERY%22&dash=1&page=0",404,"Adultery"
"https://cucatalog.org/polaris/view.aspx?CN=2647264","https://cucatalog.org/search/searchresults.aspx?ctx=6.1033.0.0.1&type=Keyword&page=0&by=TI&term=2647264",404,"Title Search"
"https://cucatalog.org/polaris/view.aspx?CN=2647264","https://cucatalog.org/search/searchresults.aspx?ctx=6.1033.0.0.1&type=Browse&by=SU&term=Man-woman+relationships&query=SU%3d%22MAN+WOMAN+RELATIONSHIPS%22&dash=1&page=0",404,"Man-woman relationships"
"https://cucatalog.org/polaris/view.aspx?CN=2647264","https://cucatalog.org/search/searchresults.aspx?ctx=6.1033.0.0.1&type=Browse&by=SU&term=Love+stories.&query=SU%3d%22LOVE+STORIES%22&dash=1&page=0",404,"Love stories."
"https://cucatalog.org/polaris/view.aspx?CN=2647264","https://cucatalog.org/search/searchresults.aspx?ctx=6.1033.0.0.1&type=Browse&by=SU&term=Humorous+fiction.&query=SU%3d%22HUMOROUS+FICTION%22&dash=1&page=0",404,"Humorous fiction."
"https://cucatalog.org/polaris/view.aspx?CN=2647264","https://cucatalog.org/search/searchresults.aspx?ctx=6.1033.0.0.1&type=Keyword&page=0&by=SU&term=2647264",404,"Subject Search"
"https://cucatalog.org/polaris/view.aspx?CN=2647264","https://cucatalog.org/search/searchresults.aspx?ctx=6.1033.0.0.1&type=Browse&by=AU&term=Hoy-Kenny%2c+Marie&query=AU%3d%22HOY+KENNY+MARIE%22&dash=1&page=0",404,"Hoy-Kenny, Marie"
"https://cucatalog.org/polaris/view.aspx?CN=2647264","https://cucatalog.org/search/searchresults.aspx?ctx=6.1033.0.0.1&type=Keyword&page=0&by=NOTE&term=2647264",404,"General Notes Search"
"https://cucatalog.org/polaris/view.aspx?CN=2647264","https://cucatalog.org/polaris/search/searchresults.aspx?ctx=6.1033.0.0.1&type=Keyword&term=2647264&by=CN&sort=RELEVANCE&limit=TOM%3d*&query=&page=0&searchid=8&lp=0",404,"Regular Text"
"https://cucatalog.org/polaris/view.aspx?CN=2647264","https://cucatalog.org/polaris/search/searchresults.aspx?ctx=6.1033.0.0.1&type=Keyword&term=2647264&by=CN&sort=RELEVANCE&limit=TOM%3d*&query=&page=0&searchid=8&using=92",404,"PAC"
"https://cucatalog.org/polaris/view.aspx?CN=2647264","https://cucatalog.org/polaris/search/searchresults.aspx?ctx=6.1033.0.0.1&type=Keyword&term=2647264&by=CN&sort=RELEVANCE&limit=TOM%3d*&query=&page=0&searchid=8&using=452",404,"Local History Online"
"https://cucatalog.org/polaris/view.aspx?CN=2647264","https://cucatalog.org/polaris/search/searchresults.aspx?ctx=6.1033.0.0.1&type=Keyword&term=2647264&by=CN&sort=RELEVANCE&limit=TOM%3d*&query=&page=0&searchid=8&using=93",404,"WorldCat"
"https://cucatalog.org/polaris/view.aspx?CN=2642874","https://cucatalog.org/search/searchresults.aspx?ctx=6.1033.0.0.1&type=Keyword&page=0&by=KW&term=2642874",404,"Any Field Search"
"https://cucatalog.org/polaris/view.aspx?CN=2642874","https://cucatalog.org/search/browse.aspx?ctx=6.1033.0.0.1&type=Browse&by=AU&term=Reed%2c+Mackenzie&page=0",404,"Reed, Mackenzie author"
"https://cucatalog.org/polaris/view.aspx?CN=2642874","https://cucatalog.org/search/searchresults.aspx?ctx=6.1033.0.0.1&type=Keyword&page=0&by=GENRE&term=2642874",404,"Genre Search"
"https://cucatalog.org/polaris/view.aspx?CN=2642874","https://cucatalog.org/search/searchresults.aspx?ctx=6.1033.0.0.1&type=Keyword&page=0&by=SE&term=2642874",404,"Series Search"
"https://cucatalog.org/polaris/view.aspx?CN=2642874","https://cucatalog.org/search/searchresults.aspx?ctx=6.1033.0.0.1&type=Browse&by=SU&term=Demonology&query=SU%3d%22DEMONOLOGY%22&dash=1&page=0",404,"Demonology"
"https://cucatalog.org/polaris/view.aspx?CN=2642874","https://cucatalog.org/search/searchresults.aspx?ctx=6.1033.0.0.1&type=Keyword&page=0&by=SU&term=2642874",404,"Subject Search"
"https://cucatalog.org/polaris/view.aspx?CN=2642874","https://cucatalog.org/search/searchresults.aspx?ctx=6.1033.0.0.1&type=Keyword&page=0&by=AU&term=2642874",404,"Author Search"
"https://cucatalog.org/polaris/view.aspx?CN=2642874","https://cucatalog.org/search/searchresults.aspx?ctx=6.1033.0.0.1&type=Keyword&page=0&by=PUB&term=2642874",404,"Publisher Search"
"https://cucatalog.org/polaris/view.aspx?CN=2642874","https://cucatalog.org/search/searchresults.aspx?ctx=6.1033.0.0.1&type=Browse&by=SU&term=Paranormal+fiction.&query=SU%3d%22PARANORMAL+FICTION%22&dash=1&page=0",404,"Paranormal fiction."
"https://cucatalog.org/polaris/view.aspx?CN=2642874","https://cucatalog.org/search/searchresults.aspx?ctx=6.1033.0.0.1&type=Browse&by=AU&term=Reed%2c+Mackenzie&query=AU%3d%22REED+MACKENZIE%22&dash=1&page=0",404,"Reed, Mackenzie"
"https://cucatalog.org/polaris/view.aspx?CN=2642874","https://cucatalog.org/search/searchresults.aspx?ctx=6.1033.0.0.1&type=Keyword&page=0&by=TI&term=2642874",404,"Title Search"
"https://cucatalog.org/polaris/view.aspx?CN=2642874","https://cucatalog.org/search/searchresults.aspx?ctx=6.1033.0.0.1&type=Keyword&page=0&by=NOTE&term=2642874",404,"General Notes Search"
"https://cucatalog.org/polaris/view.aspx?CN=2642874","https://cucatalog.org/polaris/search/searchresults.aspx?ctx=6.1033.0.0.1&type=Keyword&term=2642874&by=CN&sort=RELEVANCE&limit=TOM%3d*&query=&page=0&searchid=9&lp=0",404,"Regular Text"
"https://cucatalog.org/polaris/view.aspx?CN=2642874","https://cucatalog.org/polaris/search/searchresults.aspx?ctx=6.1033.0.0.1&type=Keyword&term=2642874&by=CN&sort=RELEVANCE&limit=TOM%3d*&query=&page=0&searchid=9&using=92",404,"PAC"
"https://cucatalog.org/polaris/view.aspx?CN=2642874","https://cucatalog.org/polaris/search/searchresults.aspx?ctx=6.1033.0.0.1&type=Keyword&term=2642874&by=CN&sort=RELEVANCE&limit=TOM%3d*&query=&page=0&searchid=9&using=93",404,"WorldCat"
"https://cucatalog.org/polaris/view.aspx?CN=2642874","https://cucatalog.org/polaris/search/searchresults.aspx?ctx=6.1033.0.0.1&type=Keyword&term=2642874&by=CN&sort=RELEVANCE&limit=TOM%3d*&query=&page=0&searchid=9&using=452",404,"Local History Online"
"https://cucatalog.org/polaris/view.aspx?CN=2644257","https://cucatalog.org/search/searchresults.aspx?ctx=6.1033.0.0.1&type=Keyword&page=0&by=TI&term=2644257",404,"Title Search"
"https://cucatalog.org/polaris/view.aspx?CN=2644257","https://cucatalog.org/search/searchresults.aspx?ctx=6.1033.0.0.1&type=Keyword&page=0&by=KW&term=2644257",404,"Any Field Search"
"https://cucatalog.org/polaris/view.aspx?CN=2644257","https://cucatalog.org/search/searchresults.aspx?ctx=6.1033.0.0.1&type=Keyword&page=0&by=AU&term=2644257",404,"Author Search"
"https://cucatalog.org/polaris/view.aspx?CN=2644257","https://cucatalog.org/search/searchresults.aspx?ctx=6.1033.0.0.1&type=Keyword&page=0&by=SE&term=2644257",404,"Series Search"
"https://cucatalog.org/polaris/view.aspx?CN=2644257","https://cucatalog.org/search/searchresults.aspx?ctx=6.1033.0.0.1&type=Browse&by=SU&term=Books+and+reading&query=SU%3d%22BOOKS+AND+READING%22&dash=1&page=0",404,"Books and reading"
"https://cucatalog.org/polaris/view.aspx?CN=2644257","https://cucatalog.org/search/searchresults.aspx?ctx=6.1033.0.0.1&type=Browse&by=SU&term=Twain%2c+Mark&query=SU%3d%22TWAIN+MARK%22&dash=1&page=0",404,"Twain, Mark"
"https://cucatalog.org/polaris/view.aspx?CN=2644257","https://cucatalog.org/search/searchresults.aspx?ctx=6.1033.0.0.1&type=Keyword&page=0&by=SU&term=2644257",404,"Subject Search"
"https://cucatalog.org/polaris/view.aspx?CN=2644257","https://cucatalog.org/search/searchresults.aspx?ctx=6.1033.0.0.1&type=Browse&by=AU&term=Gribben%2c+Alan&query=AU%3d%22GRIBBEN+ALAN%22&dash=1&page=0",404,"Gribben, Alan"
"https://cucatalog.org/polaris/view.aspx?CN=2644257","https://cucatalog.org/search/searchresults.aspx?ctx=6.1033.0.0.1&type=Keyword&page=0&by=PUB&term=2644257",404,"Publisher Search"
"https://cucatalog.org/polaris/view.aspx?CN=2644257","https://cucatalog.org/search/searchresults.aspx?ctx=6.1033.0.0.1&type=Browse&by=AU&term=Rasmussen%2c+R.+Kent&query=AU%3d%22RASMUSSEN+R+KENT%22&dash=1&page=0",404,"Rasmussen, R. Kent"
"https://cucatalog.org/polaris/view.aspx?CN=2644257","https://cucatalog.org/search/searchresults.aspx?ctx=6.1033.0.0.1&type=Keyword&page=0&by=GENRE&term=2644257",404,"Genre Search"
"https://cucatalog.org/polaris/view.aspx?CN=2644257","https://cucatalog.org/search/searchresults.aspx?ctx=6.1033.0.0.1&type=Keyword&page=0&by=NOTE&term=2644257",404,"General Notes Search"
"https://cucatalog.org/polaris/view.aspx?CN=2644257","https://cucatalog.org/polaris/search/searchresults.aspx?ctx=6.1033.0.0.1&type=Keyword&term=2644257&by=CN&sort=RELEVANCE&limit=TOM%3d*&query=&page=0&searchid=10&lp=0",404,"Regular Text"
"https://cucatalog.org/polaris/view.aspx?CN=2644257","https://cucatalog.org/polaris/search/searchresults.aspx?ctx=6.1033.0.0.1&type=Keyword&term=2644257&by=CN&sort=RELEVANCE&limit=TOM%3d*&query=&page=0&searchid=10&using=92",404,"PAC"
"https://cucatalog.org/polaris/view.aspx?CN=2644257","https://cucatalog.org/polaris/search/searchresults.aspx?ctx=6.1033.0.0.1&type=Keyword&term=2644257&by=CN&sort=RELEVANCE&limit=TOM%3d*&query=&page=0&searchid=10&using=93",404,"WorldCat"
"https://cucatalog.org/polaris/view.aspx?CN=2644257","https://cucatalog.org/polaris/search/searchresults.aspx?ctx=6.1033.0.0.1&type=Keyword&term=2644257&by=CN&sort=RELEVANCE&limit=TOM%3d*&query=&page=0&searchid=10&using=452",404,"Local History Online"
"https://cucatalog.org/polaris/view.aspx?CN=2635153","https://cucatalog.org/search/browse.aspx?ctx=6.1033.0.0.1&type=Browse&by=AU&term=Jean%2c+Emiko&page=0",404,"Jean, Emiko author"
"https://cucatalog.org/polaris/view.aspx?CN=2635153","https://cucatalog.org/search/searchresults.aspx?ctx=6.1033.0.0.1&type=Keyword&page=0&by=KW&term=2635153",404,"Any Field Search"
"https://cucatalog.org/polaris/view.aspx?CN=2635153","https://cucatalog.org/search/searchresults.aspx?ctx=6.1033.0.0.1&type=Keyword&page=0&by=SU&term=2635153",404,"Subject Search"
"https://cucatalog.org/polaris/view.aspx?CN=2635153","https://cucatalog.org/search/searchresults.aspx?ctx=6.1033.0.0.1&type=Keyword&page=0&by=GENRE&term=2635153",404,"Genre Search"
"https://cucatalog.org/polaris/view.aspx?CN=2635153","https://cucatalog.org/search/searchresults.aspx?ctx=6.1033.0.0.1&type=Keyword&page=0&by=SE&term=2635153",404,"Series Search"
"https://cucatalog.org/polaris/view.aspx?CN=2635153","https://cucatalog.org/search/searchresults.aspx?ctx=6.1033.0.0.1&type=Keyword&page=0&by=TI&term=2635153",404,"Title Search"
"https://cucatalog.org/polaris/view.aspx?CN=2635153","https://cucatalog.org/search/searchresults.aspx?ctx=6.1033.0.0.1&type=Browse&by=SU&term=Murder&query=SU%3d%22MURDER%22&dash=1&page=0",404,"Murder"
"https://cucatalog.org/polaris/view.aspx?CN=2635153","https://cucatalog.org/search/searchresults.aspx?ctx=6.1033.0.0.1&type=Keyword&page=0&by=NOTE&term=2635153",404,"General Notes Search"
"https://cucatalog.org/polaris/view.aspx?CN=2635153","https://cucatalog.org/search/searchresults.aspx?ctx=6.1033.0.0.1&type=Keyword&page=0&by=AU&term=2635153",404,"Author Search"
"https://cucatalog.org/polaris/view.aspx?CN=2635153","https://cucatalog.org/search/searchresults.aspx?ctx=6.1033.0.0.1&type=Browse&by=AU&term=Jean%2c+Emiko&query=AU%3d%22JEAN+EMIKO%22&dash=1&page=0",404,"Jean, Emiko"
"https://cucatalog.org/polaris/view.aspx?CN=2635153","https://cucatalog.org/search/searchresults.aspx?ctx=6.1033.0.0.1&type=Keyword&page=0&by=PUB&term=2635153",404,"Publisher Search"
"https://cucatalog.org/polaris/view.aspx?CN=2635153","https://cucatalog.org/polaris/search/searchresults.aspx?ctx=6.1033.0.0.1&type=Keyword&term=2635153&by=CN&sort=RELEVANCE&limit=TOM%3d*&query=&page=0&searchid=11&using=92",404,"PAC"
"https://cucatalog.org/polaris/view.aspx?CN=2635153","https://cucatalog.org/polaris/search/searchresults.aspx?ctx=6.1033.0.0.1&type=Keyword&term=2635153&by=CN&sort=RELEVANCE&limit=TOM%3d*&query=&page=0&searchid=11&using=452",404,"Local History Online"
"https://cucatalog.org/polaris/view.aspx?CN=2635153","https://cucatalog.org/polaris/search/searchresults.aspx?ctx=6.1033.0.0.1&type=Keyword&term=2635153&by=CN&sort=RELEVANCE&limit=TOM%3d*&query=&page=0&searchid=11&lp=0",404,"Regular Text"
"https://cucatalog.org/polaris/view.aspx?CN=2635153","https://cucatalog.org/polaris/search/searchresults.aspx?ctx=6.1033.0.0.1&type=Keyword&term=2635153&by=CN&sort=RELEVANCE&limit=TOM%3d*&query=&page=0&searchid=11&using=93",404,"WorldCat"
"https://cucatalog.org/polaris/view.aspx?CN=2646487","https://cucatalog.org/search/browse.aspx?ctx=6.1033.0.0.1&type=Browse&by=AU&term=Wittels+Wachs%2c+Stephanie%2c&page=0",404,"Wittels Wachs, Stephanie, author."
"https://cucatalog.org/polaris/view.aspx?CN=2646487","https://cucatalog.org/search/searchresults.aspx?ctx=6.1033.0.0.1&type=Keyword&page=0&by=KW&term=2646487",404,"Any Field Search"
"https://cucatalog.org/polaris/view.aspx?CN=2646487","https://cucatalog.org/search/searchresults.aspx?ctx=6.1033.0.0.1&type=Keyword&page=0&by=TI&term=2646487",404,"Title Search"
"https://cucatalog.org/polaris/view.aspx?CN=2646487","https://cucatalog.org/search/searchresults.aspx?ctx=6.1033.0.0.1&type=Keyword&page=0&by=GENRE&term=2646487",404,"Genre Search"
"https://cucatalog.org/polaris/view.aspx?CN=2646487","https://cucatalog.org/search/searchresults.aspx?ctx=6.1033.0.0.1&type=Keyword&page=0&by=SE&term=2646487",404,"Series Search"
"https://cucatalog.org/polaris/view.aspx?CN=2646487","https://cucatalog.org/search/searchresults.aspx?ctx=6.1033.0.0.1&type=Browse&by=SU&term=Brothers&query=SU%3d%22BROTHERS%22&dash=1&page=0",404,"Brothers"
"https://cucatalog.org/polaris/view.aspx?CN=2646487","https://cucatalog.org/search/searchresults.aspx?ctx=6.1033.0.0.1&type=Keyword&page=0&by=SU&term=2646487",404,"Subject Search"
"https://cucatalog.org/polaris/view.aspx?CN=2646487","https://cucatalog.org/search/searchresults.aspx?ctx=6.1033.0.0.1&type=Keyword&page=0&by=AU&term=2646487",404,"Author Search"
"https://cucatalog.org/polaris/view.aspx?CN=2646487","https://cucatalog.org/search/searchresults.aspx?ctx=6.1033.0.0.1&type=Browse&by=SU&term=Drug+abuse&query=SU%3d%22DRUG+ABUSE%22&dash=1&page=0",404,"Drug abuse"
"https://cucatalog.org/polaris/view.aspx?CN=2646487","https://cucatalog.org/search/searchresults.aspx?ctx=6.1033.0.0.1&type=Browse&by=SU&term=Epidemics&query=SU%3d%22EPIDEMICS%22&dash=1&page=0",404,"Epidemics"
"https://cucatalog.org/polaris/view.aspx?CN=2646487","https://cucatalog.org/search/searchresults.aspx?ctx=6.1033.0.0.1&type=Browse&by=SU&term=Opioid+abuse&query=SU%3d%22OPIOID+ABUSE%22&dash=1&page=0",404,"Opioid abuse"
"https://cucatalog.org/polaris/view.aspx?CN=2646487","https://cucatalog.org/search/searchresults.aspx?ctx=6.1033.0.0.1&type=Keyword&page=0&by=NOTE&term=2646487",404,"General Notes Search"
"https://cucatalog.org/polaris/view.aspx?CN=2646487","https://cucatalog.org/search/searchresults.aspx?ctx=6.1033.0.0.1&type=Keyword&page=0&by=PUB&term=2646487",404,"Publisher Search"
"https://cucatalog.org/polaris/view.aspx?CN=2646487","https://cucatalog.org/search/searchresults.aspx?ctx=6.1033.0.0.1&type=Browse&by=AU&term=Wittels+Wachs%2c+Stephanie&query=AU%3d%22WITTELS+WACHS+STEPHANIE%22&dash=1&page=0",404,"Wittels Wachs, Stephanie"
"https://cucatalog.org/polaris/view.aspx?CN=2646487","https://cucatalog.org/polaris/search/searchresults.aspx?ctx=6.1033.0.0.1&type=Keyword&term=2646487&by=CN&sort=RELEVANCE&limit=TOM%3d*&query=&page=0&searchid=12&lp=0",404,"Regular Text"
"https://cucatalog.org/polaris/view.aspx?CN=2646487","https://cucatalog.org/polaris/search/searchresults.aspx?ctx=6.1033.0.0.1&type=Keyword&term=2646487&by=CN&sort=RELEVANCE&limit=TOM%3d*&query=&page=0&searchid=12&using=452",404,"Local History Online"
"https://cucatalog.org/polaris/view.aspx?CN=2646487","https://cucatalog.org/polaris/search/searchresults.aspx?ctx=6.1033.0.0.1&type=Keyword&term=2646487&by=CN&sort=RELEVANCE&limit=TOM%3d*&query=&page=0&searchid=12&using=92",404,"PAC"
"https://cucatalog.org/polaris/view.aspx?CN=2646487","https://cucatalog.org/polaris/search/searchresults.aspx?ctx=6.1033.0.0.1&type=Keyword&term=2646487&by=CN&sort=RELEVANCE&limit=TOM%3d*&query=&page=0&searchid=12&using=93",404,"WorldCat"
"https://cucatalog.org/polaris/view.aspx?CN=2634018","https://cucatalog.org/search/browse.aspx?ctx=6.1033.0.0.1&type=Browse&by=AU&term=Manning%2c+Kirsty%2c&page=0",404,"Manning, Kirsty, author."
"https://cucatalog.org/polaris/view.aspx?CN=2634018","https://cucatalog.org/search/browse.aspx?ctx=6.1033.0.0.1&type=Browse&by=SE&term=Manning%2c+Kirsty.+Charlie+James+mystery.&page=0",404,"Manning, Kirsty. Charlie James mystery."
"https://cucatalog.org/polaris/view.aspx?CN=2634018","https://cucatalog.org/search/searchresults.aspx?ctx=6.1033.0.0.1&type=Keyword&page=0&by=PUB&term=2634018",404,"Publisher Search"
"https://cucatalog.org/polaris/view.aspx?CN=2634018","https://cucatalog.org/search/searchresults.aspx?ctx=6.1033.0.0.1&type=Keyword&page=0&by=SU&term=2634018",404,"Subject Search"
"https://cucatalog.org/polaris/view.aspx?CN=2634018","https://cucatalog.org/search/searchresults.aspx?ctx=6.1033.0.0.1&type=Keyword&page=0&by=GENRE&term=2634018",404,"Genre Search"
"https://cucatalog.org/polaris/view.aspx?CN=2634018","https://cucatalog.org/search/searchresults.aspx?ctx=6.1033.0.0.1&type=Keyword&page=0&by=NOTE&term=2634018",404,"General Notes Search"
"https://cucatalog.org/polaris/view.aspx?CN=2634018","https://cucatalog.org/search/searchresults.aspx?ctx=6.1033.0.0.1&type=Keyword&page=0&by=TI&term=2634018",404,"Title Search"
"https://cucatalog.org/polaris/view.aspx?CN=2634018","https://cucatalog.org/search/searchresults.aspx?ctx=6.1033.0.0.1&type=Browse&by=AU&term=Manning%2c+Kirsty&query=AU%3d%22MANNING+KIRSTY%22&dash=1&page=0",404,"Manning, Kirsty"
"https://cucatalog.org/polaris/view.aspx?CN=2634018","https://cucatalog.org/search/searchresults.aspx?ctx=6.1033.0.0.1&type=Keyword&page=0&by=SE&term=2634018",404,"Series Search"
"https://cucatalog.org/polaris/view.aspx?CN=2634018","https://cucatalog.org/search/searchresults.aspx?ctx=6.1033.0.0.1&type=Keyword&page=0&by=KW&term=2634018",404,"Any Field Search"
"https://cucatalog.org/polaris/view.aspx?CN=2634018","https://cucatalog.org/search/searchresults.aspx?ctx=6.1033.0.0.1&type=Keyword&page=0&by=AU&term=2634018",404,"Author Search"
"https://cucatalog.org/polaris/view.aspx?CN=2634018","https://cucatalog.org/search/searchresults.aspx?ctx=6.1033.0.0.1&type=Browse&by=SE&term=A+Charlie+James+mystery&query=SE%3d%22A+CHARLIE+JAMES+MYSTERY%22&dash=1&page=0",404,"A Charlie James mystery"
"https://cucatalog.org/polaris/view.aspx?CN=2634018","https://cucatalog.org/search/searchresults.aspx?ctx=6.1033.0.0.1&type=Browse&by=SE&term=Charlie+James+mystery.&query=SE%3d%22CHARLIE+JAMES+MYSTERY%22&dash=1&page=0",404,"Charlie James mystery."
"https://cucatalog.org/polaris/view.aspx?CN=2634018","https://cucatalog.org/search/searchresults.aspx?ctx=6.1033.0.0.1&type=Browse&by=SE&term=Manning%2c+Kirsty.+Charlie+James+mystery.&query=SE%3d%22MANNING+KIRSTY+CHARLIE+JAMES+MYSTERY%22&dash=1&page=0",404,"Manning, Kirsty. Charlie James mystery."
"https://cucatalog.org/polaris/view.aspx?CN=2634018","https://cucatalog.org/polaris/search/searchresults.aspx?ctx=6.1033.0.0.1&type=Keyword&term=2634018&by=CN&sort=RELEVANCE&limit=TOM%3d*&query=&page=0&searchid=13&lp=0",404,"Regular Text"
"https://cucatalog.org/polaris/view.aspx?CN=2634018","https://cucatalog.org/polaris/search/searchresults.aspx?ctx=6.1033.0.0.1&type=Keyword&term=2634018&by=CN&sort=RELEVANCE&limit=TOM%3d*&query=&page=0&searchid=13&using=92",404,"PAC"
"https://cucatalog.org/polaris/view.aspx?CN=2634018","https://cucatalog.org/polaris/search/searchresults.aspx?ctx=6.1033.0.0.1&type=Keyword&term=2634018&by=CN&sort=RELEVANCE&limit=TOM%3d*&query=&page=0&searchid=13&using=452",404,"Local History Online"
"https://cucatalog.org/polaris/view.aspx?CN=2634018","https://cucatalog.org/polaris/search/searchresults.aspx?ctx=6.1033.0.0.1&type=Keyword&term=2634018&by=CN&sort=RELEVANCE&limit=TOM%3d*&query=&page=0&searchid=13&using=93",404,"WorldCat"
"https://cucatalog.org/polaris/view.aspx?CN=2640054","https://cucatalog.org/search/browse.aspx?ctx=6.1033.0.0.1&type=Browse&by=SE&term=Gillig%2c+Rachel.+Stonewater+Kingdom+%3b+bk.+1.&page=0",404,"Gillig, Rachel. Stonewater Kingdom ; bk. 1."
"https://cucatalog.org/polaris/view.aspx?CN=2640054","https://cucatalog.org/search/searchresults.aspx?ctx=6.1033.0.0.1&type=Keyword&page=0&by=NOTE&term=2640054",404,"General Notes Search"
"https://cucatalog.org/polaris/view.aspx?CN=2640054","https://cucatalog.org/search/searchresults.aspx?ctx=6.1033.0.0.1&type=Keyword&page=0&by=TI&term=2640054",404,"Title Search"
"https://cucatalog.org/polaris/view.aspx?CN=2640054","https://cucatalog.org/search/searchresults.aspx?ctx=6.1033.0.0.1&type=Keyword&page=0&by=SU&term=2640054",404,"Subject Search"
"https://cucatalog.org/polaris/view.aspx?CN=2640054","https://cucatalog.org/search/searchresults.aspx?ctx=6.1033.0.0.1&type=Keyword&page=0&by=KW&term=2640054",404,"Any Field Search"
"https://cucatalog.org/polaris/view.aspx?CN=2640054","https://cucatalog.org/search/searchresults.aspx?ctx=6.1033.0.0.1&type=Keyword&page=0&by=AU&term=2640054",404,"Author Search"
"https://cucatalog.org/polaris/view.aspx?CN=2640054","https://cucatalog.org/search/searchresults.aspx?ctx=6.1033.0.0.1&type=Keyword&page=0&by=PUB&term=2640054",404,"Publisher Search"
"https://cucatalog.org/polaris/view.aspx?CN=2640054","https://cucatalog.org/search/browse.aspx?ctx=6.1033.0.0.1&type=Browse&by=AU&term=Gillig%2c+Rachel%2c&page=0",404,"Gillig, Rachel, author."
"https://cucatalog.org/polaris/view.aspx?CN=2640054","https://cucatalog.org/search/searchresults.aspx?ctx=6.1033.0.0.1&type=Keyword&page=0&by=GENRE&term=2640054",404,"Genre Search"
"https://cucatalog.org/polaris/view.aspx?CN=2640054","https://cucatalog.org/search/searchresults.aspx?ctx=6.1033.0.0.1&type=Keyword&page=0&by=SE&term=2640054",404,"Series Search"
"https://cucatalog.org/polaris/view.aspx?CN=2640054","https://cucatalog.org/search/searchresults.aspx?ctx=6.1033.0.0.1&type=Browse&by=AU&term=Gillig%2c+Rachel&query=AU%3d%22GILLIG+RACHEL%22&dash=1&page=0",404,"Gillig, Rachel"
"https://cucatalog.org/polaris/view.aspx?CN=2640054","https://cucatalog.org/search/searchresults.aspx?ctx=6.1033.0.0.1&type=Browse&by=SE&term=Gillig%2c+Rachel.+Stonewater+Kingdom&query=SE%3d%22GILLIG+RACHEL+STONEWATER+KINGDOM%22&dash=1&page=0",404,"Gillig, Rachel. Stonewater Kingdom"
"https://cucatalog.org/polaris/view.aspx?CN=2640054","https://cucatalog.org/search/searchresults.aspx?ctx=6.1033.0.0.1&type=Browse&by=SE&term=Gillig%2c+Rachel.+Stonewater+Kingdom+%3b+bk.+1.&query=SE%3d%22GILLIG+RACHEL+STONEWATER+KINGDOM+BK+1%22&dash=1&page=0",404,"Gillig, Rachel. Stonewater Kingdom ; bk. 1."
"https://cucatalog.org/polaris/view.aspx?CN=2640054","https://cucatalog.org/search/searchresults.aspx?ctx=6.1033.0.0.1&type=Browse&by=SE&term=Stonewater+Kingdom&query=SE%3d%22STONEWATER+KINGDOM%22&dash=1&page=0",404,"Stonewater Kingdom"
"https://cucatalog.org/polaris/view.aspx?CN=2640054","https://cucatalog.org/search/searchresults.aspx?ctx=6.1033.0.0.1&type=Browse&by=SE&term=The+Stonewater+Kingdom+%3b+book+two&query=SE%3d%22THE+STONEWATER+KINGDOM+BOOK+TWO%22&dash=1&page=0",404,"The Stonewater Kingdom ; book two"
"https://cucatalog.org/polaris/view.aspx?CN=2640054","https://cucatalog.org/polaris/search/searchresults.aspx?ctx=6.1033.0.0.1&type=Keyword&term=2640054&by=CN&sort=RELEVANCE&limit=TOM%3d*&query=&page=0&searchid=14&lp=0",404,"Regular Text"
"https://cucatalog.org/polaris/view.aspx?CN=2640054","https://cucatalog.org/polaris/search/searchresults.aspx?ctx=6.1033.0.0.1&type=Keyword&term=2640054&by=CN&sort=RELEVANCE&limit=TOM%3d*&query=&page=0&searchid=14&using=452",404,"Local History Online"
"https://cucatalog.org/polaris/view.aspx?CN=2640054","https://cucatalog.org/polaris/search/searchresults.aspx?ctx=6.1033.0.0.1&type=Keyword&term=2640054&by=CN&sort=RELEVANCE&limit=TOM%3d*&query=&page=0&searchid=14&using=92",404,"PAC"
"https://cucatalog.org/polaris/view.aspx?CN=2640054","https://cucatalog.org/polaris/search/searchresults.aspx?ctx=6.1033.0.0.1&type=Keyword&term=2640054&by=CN&sort=RELEVANCE&limit=TOM%3d*&query=&page=0&searchid=14&using=93",404,"WorldCat"
"https://cucatalog.org/polaris/view.aspx?CN=2640354","https://cucatalog.org/search/browse.aspx?ctx=6.1033.0.0.1&type=Browse&by=SE&term=Nichols%2c+Jo.+Marigold+Cottages+mystery+%3b+2.&page=0",404,"Nichols, Jo. Marigold Cottages mystery ; 2."
"https://cucatalog.org/polaris/view.aspx?CN=2640354","https://cucatalog.org/search/browse.aspx?ctx=6.1033.0.0.1&type=Browse&by=AU&term=Nichols%2c+Jo%2c&page=0",404,"Nichols, Jo, author."
"https://cucatalog.org/polaris/view.aspx?CN=2640354","https://cucatalog.org/search/searchresults.aspx?ctx=6.1033.0.0.1&type=Keyword&page=0&by=PUB&term=2640354",404,"Publisher Search"
"https://cucatalog.org/polaris/view.aspx?CN=2640354","https://cucatalog.org/search/searchresults.aspx?ctx=6.1033.0.0.1&type=Keyword&page=0&by=GENRE&term=2640354",404,"Genre Search"
"https://cucatalog.org/polaris/view.aspx?CN=2640354","https://cucatalog.org/search/searchresults.aspx?ctx=6.1033.0.0.1&type=Keyword&page=0&by=SE&term=2640354",404,"Series Search"
"https://cucatalog.org/polaris/view.aspx?CN=2640354","https://cucatalog.org/search/searchresults.aspx?ctx=6.1033.0.0.1&type=Keyword&page=0&by=KW&term=2640354",404,"Any Field Search"
"https://cucatalog.org/polaris/view.aspx?CN=2640354","https://cucatalog.org/search/searchresults.aspx?ctx=6.1033.0.0.1&type=Keyword&page=0&by=SU&term=2640354",404,"Subject Search"
"https://cucatalog.org/polaris/view.aspx?CN=2640354","https://cucatalog.org/search/searchresults.aspx?ctx=6.1033.0.0.1&type=Keyword&page=0&by=TI&term=2640354",404,"Title Search"
"https://cucatalog.org/polaris/view.aspx?CN=2640354","https://cucatalog.org/search/searchresults.aspx?ctx=6.1033.0.0.1&type=Keyword&page=0&by=AU&term=2640354",404,"Author Search"
"https://cucatalog.org/polaris/view.aspx?CN=2640354","https://cucatalog.org/search/searchresults.aspx?ctx=6.1033.0.0.1&type=Browse&by=AU&term=Nichols%2c+Jo&query=AU%3d%22NICHOLS+JO%22&dash=1&page=0",404,"Nichols, Jo"
"https://cucatalog.org/polaris/view.aspx?CN=2640354","https://cucatalog.org/search/searchresults.aspx?ctx=6.1033.0.0.1&type=Keyword&page=0&by=NOTE&term=2640354",404,"General Notes Search"
"https://cucatalog.org/polaris/view.aspx?CN=2640354","https://cucatalog.org/search/searchresults.aspx?ctx=6.1033.0.0.1&type=Browse&by=SE&term=Marigold+Cottages+mystery&query=SE%3d%22MARIGOLD+COTTAGES+MYSTERY%22&dash=1&page=0",404,"Marigold Cottages mystery"
"https://cucatalog.org/polaris/view.aspx?CN=2640354","https://cucatalog.org/search/searchresults.aspx?ctx=6.1033.0.0.1&type=Browse&by=SE&term=A+Marigold+Cottages+mystery+%3b+%5b2%5d&query=SE%3d%22A+MARIGOLD+COTTAGES+MYSTERY+2%22&dash=1&page=0",404,"A Marigold Cottages mystery ; [2]"
"https://cucatalog.org/polaris/view.aspx?CN=2640354","https://cucatalog.org/search/searchresults.aspx?ctx=6.1033.0.0.1&type=Browse&by=SE&term=Nichols%2c+Jo.+Marigold+Cottages+mystery+%3b+2.&query=SE%3d%22NICHOLS+JO+MARIGOLD+COTTAGES+MYSTERY+2%22&dash=1&page=0",404,"Nichols, Jo. Marigold Cottages mystery ; 2."
"https://cucatalog.org/polaris/view.aspx?CN=2640354","https://cucatalog.org/polaris/search/searchresults.aspx?ctx=6.1033.0.0.1&type=Keyword&term=2640354&by=CN&sort=RELEVANCE&limit=TOM%3d*&query=&page=0&searchid=15&lp=0",404,"Regular Text"
"https://cucatalog.org/polaris/view.aspx?CN=2640354","https://cucatalog.org/polaris/search/searchresults.aspx?ctx=6.1033.0.0.1&type=Keyword&term=2640354&by=CN&sort=RELEVANCE&limit=TOM%3d*&query=&page=0&searchid=15&using=452",404,"Local History Online"
"https://cucatalog.org/polaris/view.aspx?CN=2640354","https://cucatalog.org/polaris/search/searchresults.aspx?ctx=6.1033.0.0.1&type=Keyword&term=2640354&by=CN&sort=RELEVANCE&limit=TOM%3d*&query=&page=0&searchid=15&using=93",404,"WorldCat"
"https://cucatalog.org/polaris/view.aspx?CN=2640354","https://cucatalog.org/polaris/search/searchresults.aspx?ctx=6.1033.0.0.1&type=Keyword&term=2640354&by=CN&sort=RELEVANCE&limit=TOM%3d*&query=&page=0&searchid=15&using=92",404,"PAC"
"https://cucatalog.org/polaris/view.aspx?CN=2633898","https://cucatalog.org/search/searchresults.aspx?ctx=6.1033.0.0.1&type=Keyword&page=0&by=KW&term=2633898",404,"Any Field Search"
"https://cucatalog.org/polaris/view.aspx?CN=2633898","https://cucatalog.org/search/browse.aspx?ctx=6.1033.0.0.1&type=Browse&by=AU&term=Simon%2c+Nina%2c&page=0",404,"Simon, Nina, author."
"https://cucatalog.org/polaris/view.aspx?CN=2633898","https://cucatalog.org/search/searchresults.aspx?ctx=6.1033.0.0.1&type=Keyword&page=0&by=TI&term=2633898",404,"Title Search"
"https://cucatalog.org/polaris/view.aspx?CN=2633898","https://cucatalog.org/search/searchresults.aspx?ctx=6.1033.0.0.1&type=Keyword&page=0&by=GENRE&term=2633898",404,"Genre Search"
"https://cucatalog.org/polaris/view.aspx?CN=2633898","https://cucatalog.org/search/searchresults.aspx?ctx=6.1033.0.0.1&type=Keyword&page=0&by=SE&term=2633898",404,"Series Search"
"https://cucatalog.org/polaris/view.aspx?CN=2633898","https://cucatalog.org/search/searchresults.aspx?ctx=6.1033.0.0.1&type=Keyword&page=0&by=PUB&term=2633898",404,"Publisher Search"
"https://cucatalog.org/polaris/view.aspx?CN=2633898","https://cucatalog.org/search/searchresults.aspx?ctx=6.1033.0.0.1&type=Browse&by=SU&term=Domestic+fiction.&query=SU%3d%22DOMESTIC+FICTION%22&dash=1&page=0",404,"Domestic fiction."
"https://cucatalog.org/polaris/view.aspx?CN=2633898","https://cucatalog.org/search/searchresults.aspx?ctx=6.1033.0.0.1&type=Keyword&page=0&by=AU&term=2633898",404,"Author Search"
"https://cucatalog.org/polaris/view.aspx?CN=2633898","https://cucatalog.org/search/searchresults.aspx?ctx=6.1033.0.0.1&type=Browse&by=AU&term=Simon%2c+Nina.&query=AU%3d%22SIMON+NINA%22&dash=1&page=0",404,"Simon, Nina."
"https://cucatalog.org/polaris/view.aspx?CN=2633898","https://cucatalog.org/search/searchresults.aspx?ctx=6.1033.0.0.1&type=Keyword&page=0&by=NOTE&term=2633898",404,"General Notes Search"
"https://cucatalog.org/polaris/view.aspx?CN=2633898","https://cucatalog.org/search/searchresults.aspx?ctx=6.1033.0.0.1&type=Keyword&page=0&by=SU&term=2633898",404,"Subject Search"
"https://cucatalog.org/polaris/view.aspx?CN=2633898","https://cucatalog.org/polaris/search/searchresults.aspx?ctx=6.1033.0.0.1&type=Keyword&term=2633898&by=CN&sort=RELEVANCE&limit=TOM%3d*&query=&page=0&searchid=16&lp=0",404,"Regular Text"
"https://cucatalog.org/polaris/view.aspx?CN=2633898","https://cucatalog.org/polaris/search/searchresults.aspx?ctx=6.1033.0.0.1&type=Keyword&term=2633898&by=CN&sort=RELEVANCE&limit=TOM%3d*&query=&page=0&searchid=16&using=93",404,"WorldCat"
"https://cucatalog.org/polaris/view.aspx?CN=2633898","https://cucatalog.org/polaris/search/searchresults.aspx?ctx=6.1033.0.0.1&type=Keyword&term=2633898&by=CN&sort=RELEVANCE&limit=TOM%3d*&query=&page=0&searchid=16&using=92",404,"PAC"
"https://cucatalog.org/polaris/view.aspx?CN=2633898","https://cucatalog.org/polaris/search/searchresults.aspx?ctx=6.1033.0.0.1&type=Keyword&term=2633898&by=CN&sort=RELEVANCE&limit=TOM%3d*&query=&page=0&searchid=16&using=452",404,"Local History Online"
"https://cucatalog.org/polaris/view.aspx?CN=2640100","https://cucatalog.org/search/searchresults.aspx?ctx=6.1033.0.0.1&type=Keyword&page=0&by=KW&term=2640100",404,"Any Field Search"
"https://cucatalog.org/polaris/view.aspx?CN=2640100","https://cucatalog.org/search/browse.aspx?ctx=6.1033.0.0.1&type=Browse&by=AU&term=Kahn%2c+Ashley%2c&page=0",404,"Kahn, Ashley, author."
"https://cucatalog.org/polaris/view.aspx?CN=2640100","https://cucatalog.org/search/searchresults.aspx?ctx=6.1033.0.0.1&type=Keyword&page=0&by=TI&term=2640100",404,"Title Search"
"https://cucatalog.org/polaris/view.aspx?CN=2640100","https://cucatalog.org/search/searchresults.aspx?ctx=6.1033.0.0.1&type=Keyword&page=0&by=GENRE&term=2640100",404,"Genre Search"
"https://cucatalog.org/polaris/view.aspx?CN=2640100","https://cucatalog.org/search/searchresults.aspx?ctx=6.1033.0.0.1&type=Keyword&page=0&by=SE&term=2640100",404,"Series Search"
"https://cucatalog.org/polaris/view.aspx?CN=2640100","https://cucatalog.org/search/searchresults.aspx?ctx=6.1033.0.0.1&type=Browse&by=SU&term=Anecdotes.&query=SU%3d%22ANECDOTES%22&dash=1&page=0",404,"Anecdotes."
"https://cucatalog.org/polaris/view.aspx?CN=2640100","https://cucatalog.org/search/searchresults.aspx?ctx=6.1033.0.0.1&type=Keyword&page=0&by=PUB&term=2640100",404,"Publisher Search"
"https://cucatalog.org/polaris/view.aspx?CN=2640100","https://cucatalog.org/search/searchresults.aspx?ctx=6.1033.0.0.1&type=Browse&by=SU&term=Enregistrements+sonores.&query=SU%3d%22ENREGISTREMENTS+SONORES%22&dash=1&page=0",404,"Enregistrements sonores."
"https://cucatalog.org/polaris/view.aspx?CN=2640100","https://cucatalog.org/search/searchresults.aspx?ctx=6.1033.0.0.1&type=Keyword&page=0&by=NOTE&term=2640100",404,"General Notes Search"
"https://cucatalog.org/polaris/view.aspx?CN=2640100","https://cucatalog.org/search/searchresults.aspx?ctx=6.1033.0.0.1&type=Keyword&page=0&by=SU&term=2640100",404,"Subject Search"
"https://cucatalog.org/polaris/view.aspx?CN=2640100","https://cucatalog.org/search/searchresults.aspx?ctx=6.1033.0.0.1&type=Keyword&page=0&by=AU&term=2640100",404,"Author Search"
"https://cucatalog.org/polaris/view.aspx?CN=2640100","https://cucatalog.org/search/searchresults.aspx?ctx=6.1033.0.0.1&type=Browse&by=SU&term=Interviews.&query=SU%3d%22INTERVIEWS%22&dash=1&page=0",404,"Interviews."
"https://cucatalog.org/polaris/view.aspx?CN=2640100","https://cucatalog.org/search/searchresults.aspx?ctx=6.1033.0.0.1&type=Browse&by=SU&term=Rock+music&query=SU%3d%22ROCK+MUSIC%22&dash=1&page=0",404,"Rock music"
"https://cucatalog.org/polaris/view.aspx?CN=2640100","https://cucatalog.org/search/searchresults.aspx?ctx=6.1033.0.0.1&type=Browse&by=SU&term=Rock+(Musique)&query=SU%3d%22ROCK+MUSIQUE%22&dash=1&page=0",404,"Rock (Musique)"
"https://cucatalog.org/polaris/view.aspx?CN=2640100","https://cucatalog.org/search/searchresults.aspx?ctx=6.1033.0.0.1&type=Browse&by=AU&term=Kahn%2c+Ashley&query=AU%3d%22KAHN+ASHLEY%22&dash=1&page=0",404,"Kahn, Ashley"
"https://cucatalog.org/polaris/view.aspx?CN=2640100","https://cucatalog.org/polaris/search/searchresults.aspx?ctx=6.1033.0.0.1&type=Keyword&term=2640100&by=CN&sort=RELEVANCE&limit=TOM%3d*&query=&page=0&searchid=17&lp=0",404,"Regular Text"
"https://cucatalog.org/polaris/view.aspx?CN=2640100","https://cucatalog.org/polaris/search/searchresults.aspx?ctx=6.1033.0.0.1&type=Keyword&term=2640100&by=CN&sort=RELEVANCE&limit=TOM%3d*&query=&page=0&searchid=17&using=93",404,"WorldCat"
"https://cucatalog.org/polaris/view.aspx?CN=2640100","https://cucatalog.org/polaris/search/searchresults.aspx?ctx=6.1033.0.0.1&type=Keyword&term=2640100&by=CN&sort=RELEVANCE&limit=TOM%3d*&query=&page=0&searchid=17&using=452",404,"Local History Online"
"https://cucatalog.org/polaris/view.aspx?CN=2640100","https://cucatalog.org/polaris/search/searchresults.aspx?ctx=6.1033.0.0.1&type=Keyword&term=2640100&by=CN&sort=RELEVANCE&limit=TOM%3d*&query=&page=0&searchid=17&using=92",404,"PAC"
"https://cucatalog.org/polaris/view.aspx?CN=2648948","https://cucatalog.org/search/browse.aspx?ctx=6.1033.0.0.1&type=Browse&by=AU&term=Fletcher%2c+Charlie%2c+1960-&page=0",404,"Fletcher, Charlie, 1960- author."
"https://cucatalog.org/polaris/view.aspx?CN=2648948","https://cucatalog.org/search/searchresults.aspx?ctx=6.1033.0.0.1&type=Keyword&page=0&by=KW&term=2648948",404,"Any Field Search"
"https://cucatalog.org/polaris/view.aspx?CN=2648948","https://cucatalog.org/search/searchresults.aspx?ctx=6.1033.0.0.1&type=Keyword&page=0&by=GENRE&term=2648948",404,"Genre Search"
"https://cucatalog.org/polaris/view.aspx?CN=2648948","https://cucatalog.org/search/searchresults.aspx?ctx=6.1033.0.0.1&type=Keyword&page=0&by=SE&term=2648948",404,"Series Search"
"https://cucatalog.org/polaris/view.aspx?CN=2648948","https://cucatalog.org/search/searchresults.aspx?ctx=6.1033.0.0.1&type=Keyword&page=0&by=SU&term=2648948",404,"Subject Search"
"https://cucatalog.org/polaris/view.aspx?CN=2648948","https://cucatalog.org/search/searchresults.aspx?ctx=6.1033.0.0.1&type=Keyword&page=0&by=TI&term=2648948",404,"Title Search"
"https://cucatalog.org/polaris/view.aspx?CN=2648948","https://cucatalog.org/search/searchresults.aspx?ctx=6.1033.0.0.1&type=Keyword&page=0&by=PUB&term=2648948",404,"Publisher Search"
"https://cucatalog.org/polaris/view.aspx?CN=2648948","https://cucatalog.org/search/searchresults.aspx?ctx=6.1033.0.0.1&type=Browse&by=SU&term=Apocalyptic+fiction.&query=SU%3d%22APOCALYPTIC+FICTION%22&dash=1&page=0",404,"Apocalyptic fiction."
"https://cucatalog.org/polaris/view.aspx?CN=2648948","https://cucatalog.org/search/searchresults.aspx?ctx=6.1033.0.0.1&type=Browse&by=SU&term=Dystopian+fiction.&query=SU%3d%22DYSTOPIAN+FICTION%22&dash=1&page=0",404,"Dystopian fiction."
"https://cucatalog.org/polaris/view.aspx?CN=2648948","https://cucatalog.org/search/searchresults.aspx?ctx=6.1033.0.0.1&type=Keyword&page=0&by=AU&term=2648948",404,"Author Search"
"https://cucatalog.org/polaris/view.aspx?CN=2648948","https://cucatalog.org/search/searchresults.aspx?ctx=6.1033.0.0.1&type=Browse&by=SU&term=Dystopias&query=SU%3d%22DYSTOPIAS%22&dash=1&page=0",404,"Dystopias"
"https://cucatalog.org/polaris/view.aspx?CN=2648948","https://cucatalog.org/search/searchresults.aspx?ctx=6.1033.0.0.1&type=Browse&by=SU&term=Dystopies&query=SU%3d%22DYSTOPIES%22&dash=1&page=0",404,"Dystopies"
"https://cucatalog.org/polaris/view.aspx?CN=2648948","https://cucatalog.org/search/searchresults.aspx?ctx=6.1033.0.0.1&type=Keyword&page=0&by=NOTE&term=2648948",404,"General Notes Search"
"https://cucatalog.org/polaris/view.aspx?CN=2648948","https://cucatalog.org/search/searchresults.aspx?ctx=6.1033.0.0.1&type=Browse&by=SU&term=End+of+the+world&query=SU%3d%22END+OF+THE+WORLD%22&dash=1&page=0",404,"End of the world"
"https://cucatalog.org/polaris/view.aspx?CN=2648948","https://cucatalog.org/search/searchresults.aspx?ctx=6.1033.0.0.1&type=Browse&by=AU&term=Fletcher%2c+Charlie%2c+1960-&query=AU%3d%22FLETCHER+CHARLIE+1960%22&dash=1&page=0",404,"Fletcher, Charlie, 1960-"
"https://cucatalog.org/polaris/view.aspx?CN=2648948","https://cucatalog.org/polaris/search/searchresults.aspx?ctx=6.1033.0.0.1&type=Keyword&term=2648948&by=CN&sort=RELEVANCE&limit=TOM%3d*&query=&page=0&searchid=18&lp=0",404,"Regular Text"
"https://cucatalog.org/polaris/view.aspx?CN=2648948","https://cucatalog.org/polaris/search/searchresults.aspx?ctx=6.1033.0.0.1&type=Keyword&term=2648948&by=CN&sort=RELEVANCE&limit=TOM%3d*&query=&page=0&searchid=18&using=452",404,"Local History Online"
"https://cucatalog.org/polaris/view.aspx?CN=2648948","https://cucatalog.org/polaris/search/searchresults.aspx?ctx=6.1033.0.0.1&type=Keyword&term=2648948&by=CN&sort=RELEVANCE&limit=TOM%3d*&query=&page=0&searchid=18&using=93",404,"WorldCat"
"https://cucatalog.org/polaris/view.aspx?CN=2648948","https://cucatalog.org/polaris/search/searchresults.aspx?ctx=6.1033.0.0.1&type=Keyword&term=2648948&by=CN&sort=RELEVANCE&limit=TOM%3d*&query=&page=0&searchid=18&using=92",404,"PAC"
"https://cucatalog.org/polaris/view.aspx?CN=2638613","https://cucatalog.org/search/browse.aspx?ctx=6.1033.0.0.1&type=Browse&by=AU&term=Osborne%2c+Lawrence%2c+1958-&page=0",404,"Osborne, Lawrence, 1958- author."
"https://cucatalog.org/polaris/view.aspx?CN=2638613","https://cucatalog.org/search/searchresults.aspx?ctx=6.1033.0.0.1&type=Keyword&page=0&by=KW&term=2638613",404,"Any Field Search"
"https://cucatalog.org/polaris/view.aspx?CN=2638613","https://cucatalog.org/search/searchresults.aspx?ctx=6.1033.0.0.1&type=Keyword&page=0&by=GENRE&term=2638613",404,"Genre Search"
"https://cucatalog.org/polaris/view.aspx?CN=2638613","https://cucatalog.org/search/searchresults.aspx?ctx=6.1033.0.0.1&type=Keyword&page=0&by=SE&term=2638613",404,"Series Search"
"https://cucatalog.org/polaris/view.aspx?CN=2638613","https://cucatalog.org/search/searchresults.aspx?ctx=6.1033.0.0.1&type=Browse&by=SU&term=Detectives&query=SU%3d%22DETECTIVES%22&dash=1&page=0",404,"Detectives"
"https://cucatalog.org/polaris/view.aspx?CN=2638613","https://cucatalog.org/search/searchresults.aspx?ctx=6.1033.0.0.1&type=Browse&by=SU&term=Istanbul+(Turkey)&query=SU%3d%22ISTANBUL+TURKEY%22&dash=1&page=0",404,"Istanbul (Turkey)"
"https://cucatalog.org/polaris/view.aspx?CN=2638613","https://cucatalog.org/search/searchresults.aspx?ctx=6.1033.0.0.1&type=Keyword&page=0&by=TI&term=2638613",404,"Title Search"
"https://cucatalog.org/polaris/view.aspx?CN=2638613","https://cucatalog.org/search/searchresults.aspx?ctx=6.1033.0.0.1&type=Browse&by=SU&term=Private+investigators&query=SU%3d%22PRIVATE+INVESTIGATORS%22&dash=1&page=0",404,"Private investigators"
"https://cucatalog.org/polaris/view.aspx?CN=2638613","https://cucatalog.org/search/searchresults.aspx?ctx=6.1033.0.0.1&type=Browse&by=SU&term=Psychological+fiction.&query=SU%3d%22PSYCHOLOGICAL+FICTION%22&dash=1&page=0",404,"Psychological fiction."
"https://cucatalog.org/polaris/view.aspx?CN=2638613","https://cucatalog.org/search/searchresults.aspx?ctx=6.1033.0.0.1&type=Keyword&page=0&by=NOTE&term=2638613",404,"General Notes Search"
"https://cucatalog.org/polaris/view.aspx?CN=2638613","https://cucatalog.org/search/searchresults.aspx?ctx=6.1033.0.0.1&type=Keyword&page=0&by=PUB&term=2638613",404,"Publisher Search"
"https://cucatalog.org/polaris/view.aspx?CN=2638613","https://cucatalog.org/search/searchresults.aspx?ctx=6.1033.0.0.1&type=Keyword&page=0&by=SU&term=2638613",404,"Subject Search"
"https://cucatalog.org/polaris/view.aspx?CN=2638613","https://cucatalog.org/search/searchresults.aspx?ctx=6.1033.0.0.1&type=Keyword&page=0&by=AU&term=2638613",404,"Author Search"
"https://cucatalog.org/polaris/view.aspx?CN=2638613","https://cucatalog.org/search/searchresults.aspx?ctx=6.1033.0.0.1&type=Browse&by=AU&term=Osborne%2c+Lawrence%2c+1958-&query=AU%3d%22OSBORNE+LAWRENCE+1958%22&dash=1&page=0",404,"Osborne, Lawrence, 1958-"
"https://cucatalog.org/polaris/view.aspx?CN=2638613","https://cucatalog.org/polaris/search/searchresults.aspx?ctx=6.1033.0.0.1&type=Keyword&term=2638613&by=CN&sort=RELEVANCE&limit=TOM%3d*&query=&page=0&searchid=19&lp=0",404,"Regular Text"
"https://cucatalog.org/polaris/view.aspx?CN=2638613","https://cucatalog.org/polaris/search/searchresults.aspx?ctx=6.1033.0.0.1&type=Keyword&term=2638613&by=CN&sort=RELEVANCE&limit=TOM%3d*&query=&page=0&searchid=19&using=452",404,"Local History Online"
"https://cucatalog.org/polaris/view.aspx?CN=2638613","https://cucatalog.org/polaris/search/searchresults.aspx?ctx=6.1033.0.0.1&type=Keyword&term=2638613&by=CN&sort=RELEVANCE&limit=TOM%3d*&query=&page=0&searchid=19&using=93",404,"WorldCat"
"https://cucatalog.org/polaris/view.aspx?CN=2638613","https://cucatalog.org/polaris/search/searchresults.aspx?ctx=6.1033.0.0.1&type=Keyword&term=2638613&by=CN&sort=RELEVANCE&limit=TOM%3d*&query=&page=0&searchid=19&using=92",404,"PAC"
"https://cucatalog.org/polaris/view.aspx?CN=2633913","https://cucatalog.org/search/browse.aspx?ctx=6.1033.0.0.1&type=Browse&by=AU&term=Alexander%2c+Poppy%2c&page=0",404,"Alexander, Poppy, author."
"https://cucatalog.org/polaris/view.aspx?CN=2633913","https://cucatalog.org/search/searchresults.aspx?ctx=6.1033.0.0.1&type=Keyword&page=0&by=KW&term=2633913",404,"Any Field Search"
"https://cucatalog.org/polaris/view.aspx?CN=2633913","https://cucatalog.org/search/searchresults.aspx?ctx=6.1033.0.0.1&type=Keyword&page=0&by=GENRE&term=2633913",404,"Genre Search"
"https://cucatalog.org/polaris/view.aspx?CN=2633913","https://cucatalog.org/search/searchresults.aspx?ctx=6.1033.0.0.1&type=Keyword&page=0&by=SE&term=2633913",404,"Series Search"
"https://cucatalog.org/polaris/view.aspx?CN=2633913","https://cucatalog.org/search/searchresults.aspx?ctx=6.1033.0.0.1&type=Browse&by=SU&term=Amitie%cc%81&query=SU%3d%22AMITIE%22&dash=1&page=0",404,"Amitié"
"https://cucatalog.org/polaris/view.aspx?CN=2633913","https://cucatalog.org/search/searchresults.aspx?ctx=6.1033.0.0.1&type=Keyword&page=0&by=AU&term=2633913",404,"Author Search"
"https://cucatalog.org/polaris/view.aspx?CN=2633913","https://cucatalog.org/search/searchresults.aspx?ctx=6.1033.0.0.1&type=Keyword&page=0&by=SU&term=2633913",404,"Subject Search"
"https://cucatalog.org/polaris/view.aspx?CN=2633913","https://cucatalog.org/search/searchresults.aspx?ctx=6.1033.0.0.1&type=Keyword&page=0&by=NOTE&term=2633913",404,"General Notes Search"
"https://cucatalog.org/polaris/view.aspx?CN=2633913","https://cucatalog.org/search/searchresults.aspx?ctx=6.1033.0.0.1&type=Browse&by=SU&term=Bookstores&query=SU%3d%22BOOKSTORES%22&dash=1&page=0",404,"Bookstores"
"https://cucatalog.org/polaris/view.aspx?CN=2633913","https://cucatalog.org/search/searchresults.aspx?ctx=6.1033.0.0.1&type=Keyword&page=0&by=TI&term=2633913",404,"Title Search"
"https://cucatalog.org/polaris/view.aspx?CN=2633913","https://cucatalog.org/search/searchresults.aspx?ctx=6.1033.0.0.1&type=Keyword&page=0&by=PUB&term=2633913",404,"Publisher Search"
"https://cucatalog.org/polaris/view.aspx?CN=2633913","https://cucatalog.org/search/searchresults.aspx?ctx=6.1033.0.0.1&type=Browse&by=SU&term=Friendship&query=SU%3d%22FRIENDSHIP%22&dash=1&page=0",404,"Friendship"
"https://cucatalog.org/polaris/view.aspx?CN=2633913","https://cucatalog.org/search/searchresults.aspx?ctx=6.1033.0.0.1&type=Browse&by=AU&term=Alexander%2c+Poppy&query=AU%3d%22ALEXANDER+POPPY%22&dash=1&page=0",404,"Alexander, Poppy"
"https://cucatalog.org/polaris/view.aspx?CN=2633913","https://cucatalog.org/polaris/search/searchresults.aspx?ctx=6.1033.0.0.1&type=Keyword&term=2633913&by=CN&sort=RELEVANCE&limit=TOM%3d*&query=&page=0&searchid=20&lp=0",404,"Regular Text"
"https://cucatalog.org/polaris/view.aspx?CN=2633913","https://cucatalog.org/polaris/search/searchresults.aspx?ctx=6.1033.0.0.1&type=Keyword&term=2633913&by=CN&sort=RELEVANCE&limit=TOM%3d*&query=&page=0&searchid=20&using=92",404,"PAC"
"https://cucatalog.org/polaris/view.aspx?CN=2633913","https://cucatalog.org/polaris/search/searchresults.aspx?ctx=6.1033.0.0.1&type=Keyword&term=2633913&by=CN&sort=RELEVANCE&limit=TOM%3d*&query=&page=0&searchid=20&using=452",404,"Local History Online"
"https://cucatalog.org/polaris/view.aspx?CN=2633913","https://cucatalog.org/polaris/search/searchresults.aspx?ctx=6.1033.0.0.1&type=Keyword&term=2633913&by=CN&sort=RELEVANCE&limit=TOM%3d*&query=&page=0&searchid=20&using=93",404,"WorldCat"
"https://cucatalog.org/polaris/view.aspx?CN=2634332","https://cucatalog.org/search/browse.aspx?ctx=6.1033.0.0.1&type=Browse&by=AU&term=James%2c+Marlon%2c+1970-&page=0",404,"James, Marlon, 1970- author."
"https://cucatalog.org/polaris/view.aspx?CN=2634332","https://cucatalog.org/search/searchresults.aspx?ctx=6.1033.0.0.1&type=Keyword&page=0&by=KW&term=2634332",404,"Any Field Search"
"https://cucatalog.org/polaris/view.aspx?CN=2634332","https://cucatalog.org/search/searchresults.aspx?ctx=6.1033.0.0.1&type=Keyword&page=0&by=GENRE&term=2634332",404,"Genre Search"
"https://cucatalog.org/polaris/view.aspx?CN=2634332","https://cucatalog.org/search/searchresults.aspx?ctx=6.1033.0.0.1&type=Keyword&page=0&by=TI&term=2634332",404,"Title Search"
"https://cucatalog.org/polaris/view.aspx?CN=2634332","https://cucatalog.org/search/searchresults.aspx?ctx=6.1033.0.0.1&type=Keyword&page=0&by=SE&term=2634332",404,"Series Search"
"https://cucatalog.org/polaris/view.aspx?CN=2634332","https://cucatalog.org/search/searchresults.aspx?ctx=6.1033.0.0.1&type=Browse&by=SU&term=Meurtre&query=SU%3d%22MEURTRE%22&dash=1&page=0",404,"Meurtre"
"https://cucatalog.org/polaris/view.aspx?CN=2634332","https://cucatalog.org/search/searchresults.aspx?ctx=6.1033.0.0.1&type=Browse&by=SU&term=Gay+men&query=SU%3d%22GAY+MEN%22&dash=1&page=0",404,"Gay men"
"https://cucatalog.org/polaris/view.aspx?CN=2634332","https://cucatalog.org/search/searchresults.aspx?ctx=6.1033.0.0.1&type=Keyword&page=0&by=SU&term=2634332",404,"Subject Search"
"https://cucatalog.org/polaris/view.aspx?CN=2634332","https://cucatalog.org/search/searchresults.aspx?ctx=6.1033.0.0.1&type=Browse&by=AU&term=James%2c+Marlon%2c+1970-&query=AU%3d%22JAMES+MARLON+1970%22&dash=1&page=0",404,"James, Marlon, 1970-"
"https://cucatalog.org/polaris/view.aspx?CN=2634332","https://cucatalog.org/search/searchresults.aspx?ctx=6.1033.0.0.1&type=Keyword&page=0&by=AU&term=2634332",404,"Author Search"
"https://cucatalog.org/polaris/view.aspx?CN=2634332","https://cucatalog.org/search/searchresults.aspx?ctx=6.1033.0.0.1&type=Keyword&page=0&by=PUB&term=2634332",404,"Publisher Search"
"https://cucatalog.org/polaris/view.aspx?CN=2634332","https://cucatalog.org/search/searchresults.aspx?ctx=6.1033.0.0.1&type=Keyword&page=0&by=NOTE&term=2634332",404,"General Notes Search"
"https://cucatalog.org/polaris/view.aspx?CN=2634332","https://cucatalog.org/polaris/search/searchresults.aspx?ctx=6.1033.0.0.1&type=Keyword&term=2634332&by=CN&sort=RELEVANCE&limit=TOM%3d*&query=&page=0&searchid=21&lp=0",404,"Regular Text"
"https://cucatalog.org/polaris/view.aspx?CN=2634332","https://cucatalog.org/polaris/search/searchresults.aspx?ctx=6.1033.0.0.1&type=Keyword&term=2634332&by=CN&sort=RELEVANCE&limit=TOM%3d*&query=&page=0&searchid=21&using=92",404,"PAC"
"https://cucatalog.org/polaris/view.aspx?CN=2634332","https://cucatalog.org/polaris/search/searchresults.aspx?ctx=6.1033.0.0.1&type=Keyword&term=2634332&by=CN&sort=RELEVANCE&limit=TOM%3d*&query=&page=0&searchid=21&using=452",404,"Local History Online"
"https://cucatalog.org/polaris/view.aspx?CN=2634332","https://cucatalog.org/polaris/search/searchresults.aspx?ctx=6.1033.0.0.1&type=Keyword&term=2634332&by=CN&sort=RELEVANCE&limit=TOM%3d*&query=&page=0&searchid=21&using=93",404,"WorldCat"
"https://cucatalog.org/polaris/view.aspx?CN=2635141","https://cucatalog.org/search/browse.aspx?ctx=6.1033.0.0.1&type=Browse&by=SE&term=Westbury%2c+Kate.+Oxford+Guide+%3b+book+1.&page=0",404,"Westbury, Kate. Oxford Guide ; book 1."
"https://cucatalog.org/polaris/view.aspx?CN=2635141","https://cucatalog.org/search/browse.aspx?ctx=6.1033.0.0.1&type=Browse&by=AU&term=Westbury%2c+Kate%2c&page=0",404,"Westbury, Kate, author."
"https://cucatalog.org/polaris/view.aspx?CN=2635141","https://cucatalog.org/search/searchresults.aspx?ctx=6.1033.0.0.1&type=Keyword&page=0&by=PUB&term=2635141",404,"Publisher Search"
"https://cucatalog.org/polaris/view.aspx?CN=2635141","https://cucatalog.org/search/searchresults.aspx?ctx=6.1033.0.0.1&type=Keyword&page=0&by=AU&term=2635141",404,"Author Search"
"https://cucatalog.org/polaris/view.aspx?CN=2635141","https://cucatalog.org/search/searchresults.aspx?ctx=6.1033.0.0.1&type=Keyword&page=0&by=GENRE&term=2635141",404,"Genre Search"
"https://cucatalog.org/polaris/view.aspx?CN=2635141","https://cucatalog.org/search/searchresults.aspx?ctx=6.1033.0.0.1&type=Keyword&page=0&by=NOTE&term=2635141",404,"General Notes Search"
"https://cucatalog.org/polaris/view.aspx?CN=2635141","https://cucatalog.org/search/searchresults.aspx?ctx=6.1033.0.0.1&type=Browse&by=AU&term=Westbury%2c+Kate&query=AU%3d%22WESTBURY+KATE%22&dash=1&page=0",404,"Westbury, Kate"
"https://cucatalog.org/polaris/view.aspx?CN=2635141","https://cucatalog.org/search/searchresults.aspx?ctx=6.1033.0.0.1&type=Keyword&page=0&by=TI&term=2635141",404,"Title Search"
"https://cucatalog.org/polaris/view.aspx?CN=2635141","https://cucatalog.org/search/searchresults.aspx?ctx=6.1033.0.0.1&type=Keyword&page=0&by=KW&term=2635141",404,"Any Field Search"
"https://cucatalog.org/polaris/view.aspx?CN=2635141","https://cucatalog.org/search/searchresults.aspx?ctx=6.1033.0.0.1&type=Keyword&page=0&by=SE&term=2635141",404,"Series Search"
"https://cucatalog.org/polaris/view.aspx?CN=2635141","https://cucatalog.org/search/searchresults.aspx?ctx=6.1033.0.0.1&type=Keyword&page=0&by=SU&term=2635141",404,"Subject Search"
"https://cucatalog.org/polaris/view.aspx?CN=2635141","https://cucatalog.org/search/searchresults.aspx?ctx=6.1033.0.0.1&type=Browse&by=SE&term=Oxford+Guide+%3b+1&query=SE%3d%22OXFORD+GUIDE+1%22&dash=1&page=0",404,"Oxford Guide ; 1"
"https://cucatalog.org/polaris/view.aspx?CN=2635141","https://cucatalog.org/search/searchresults.aspx?ctx=6.1033.0.0.1&type=Browse&by=SE&term=Oxford+Guide&query=SE%3d%22OXFORD+GUIDE%22&dash=1&page=0",404,"Oxford Guide"
"https://cucatalog.org/polaris/view.aspx?CN=2635141","https://cucatalog.org/search/searchresults.aspx?ctx=6.1033.0.0.1&type=Browse&by=SE&term=Westbury%2c+Kate.+Oxford+Guide+%3b+book+1.&query=SE%3d%22WESTBURY+KATE+OXFORD+GUIDE+BOOK+1%22&dash=1&page=0",404,"Westbury, Kate. Oxford Guide ; book 1."
"https://cucatalog.org/polaris/view.aspx?CN=2635141","https://cucatalog.org/polaris/search/searchresults.aspx?ctx=6.1033.0.0.1&type=Keyword&term=2635141&by=CN&sort=RELEVANCE&limit=TOM%3d*&query=&page=0&searchid=22&lp=0",404,"Regular Text"
"https://cucatalog.org/polaris/view.aspx?CN=2635141","https://cucatalog.org/polaris/search/searchresults.aspx?ctx=6.1033.0.0.1&type=Keyword&term=2635141&by=CN&sort=RELEVANCE&limit=TOM%3d*&query=&page=0&searchid=22&using=452",404,"Local History Online"
"https://cucatalog.org/polaris/view.aspx?CN=2635141","https://cucatalog.org/polaris/search/searchresults.aspx?ctx=6.1033.0.0.1&type=Keyword&term=2635141&by=CN&sort=RELEVANCE&limit=TOM%3d*&query=&page=0&searchid=22&using=92",404,"PAC"
"https://cucatalog.org/polaris/view.aspx?CN=2635141","https://cucatalog.org/polaris/search/searchresults.aspx?ctx=6.1033.0.0.1&type=Keyword&term=2635141&by=CN&sort=RELEVANCE&limit=TOM%3d*&query=&page=0&searchid=22&using=93",404,"WorldCat"
"https://cucatalog.org/polaris/view.aspx?CN=2633958","https://cucatalog.org/search/browse.aspx?ctx=6.1033.0.0.1&type=Browse&by=AU&term=Sharabianlou%2c+Lexie%2c&page=0",404,"Sharabianlou, Lexie, author."
"https://cucatalog.org/polaris/view.aspx?CN=2633958","https://cucatalog.org/search/searchresults.aspx?ctx=6.1033.0.0.1&type=Keyword&page=0&by=KW&term=2633958",404,"Any Field Search"
"https://cucatalog.org/polaris/view.aspx?CN=2633958","https://cucatalog.org/search/searchresults.aspx?ctx=6.1033.0.0.1&type=Keyword&page=0&by=AU&term=2633958",404,"Author Search"
"https://cucatalog.org/polaris/view.aspx?CN=2633958","https://cucatalog.org/search/searchresults.aspx?ctx=6.1033.0.0.1&type=Keyword&page=0&by=GENRE&term=2633958",404,"Genre Search"
"https://cucatalog.org/polaris/view.aspx?CN=2633958","https://cucatalog.org/search/searchresults.aspx?ctx=6.1033.0.0.1&type=Keyword&page=0&by=SE&term=2633958",404,"Series Search"
"https://cucatalog.org/polaris/view.aspx?CN=2633958","https://cucatalog.org/search/searchresults.aspx?ctx=6.1033.0.0.1&type=Keyword&page=0&by=SU&term=2633958",404,"Subject Search"
"https://cucatalog.org/polaris/view.aspx?CN=2633958","https://cucatalog.org/search/searchresults.aspx?ctx=6.1033.0.0.1&type=Browse&by=SU&term=Magie&query=SU%3d%22MAGIE%22&dash=1&page=0",404,"Magie"
"https://cucatalog.org/polaris/view.aspx?CN=2633958","https://cucatalog.org/search/searchresults.aspx?ctx=6.1033.0.0.1&type=Keyword&page=0&by=TI&term=2633958",404,"Title Search"
"https://cucatalog.org/polaris/view.aspx?CN=2633958","https://cucatalog.org/search/searchresults.aspx?ctx=6.1033.0.0.1&type=Keyword&page=0&by=NOTE&term=2633958",404,"General Notes Search"
"https://cucatalog.org/polaris/view.aspx?CN=2633958","https://cucatalog.org/search/searchresults.aspx?ctx=6.1033.0.0.1&type=Keyword&page=0&by=PUB&term=2633958",404,"Publisher Search"
"https://cucatalog.org/polaris/view.aspx?CN=2633958","https://cucatalog.org/search/searchresults.aspx?ctx=6.1033.0.0.1&type=Browse&by=SU&term=Restaurants&query=SU%3d%22RESTAURANTS%22&dash=1&page=0",404,"Restaurants"
"https://cucatalog.org/polaris/view.aspx?CN=2633958","https://cucatalog.org/search/searchresults.aspx?ctx=6.1033.0.0.1&type=Browse&by=AU&term=Sharabianlou%2c+Lexie&query=AU%3d%22SHARABIANLOU+LEXIE%22&dash=1&page=0",404,"Sharabianlou, Lexie"
"https://cucatalog.org/polaris/view.aspx?CN=2633958","https://cucatalog.org/polaris/search/searchresults.aspx?ctx=6.1033.0.0.1&type=Keyword&term=2633958&by=CN&sort=RELEVANCE&limit=TOM%3d*&query=&page=0&searchid=23&lp=0",404,"Regular Text"
"https://cucatalog.org/polaris/view.aspx?CN=2633958","https://cucatalog.org/polaris/search/searchresults.aspx?ctx=6.1033.0.0.1&type=Keyword&term=2633958&by=CN&sort=RELEVANCE&limit=TOM%3d*&query=&page=0&searchid=23&using=92",404,"PAC"
"https://cucatalog.org/polaris/view.aspx?CN=2633958","https://cucatalog.org/polaris/search/searchresults.aspx?ctx=6.1033.0.0.1&type=Keyword&term=2633958&by=CN&sort=RELEVANCE&limit=TOM%3d*&query=&page=0&searchid=23&using=452",404,"Local History Online"
"https://cucatalog.org/polaris/view.aspx?CN=2633958","https://cucatalog.org/polaris/search/searchresults.aspx?ctx=6.1033.0.0.1&type=Keyword&term=2633958&by=CN&sort=RELEVANCE&limit=TOM%3d*&query=&page=0&searchid=23&using=93",404,"WorldCat"
"https://cucatalog.org/polaris/view.aspx?CN=2638585","https://cucatalog.org/search/searchresults.aspx?ctx=6.1033.0.0.1&type=Keyword&page=0&by=KW&term=2638585",404,"Any Field Search"
"https://cucatalog.org/polaris/view.aspx?CN=2638585","https://cucatalog.org/search/browse.aspx?ctx=6.1033.0.0.1&type=Browse&by=AU&term=Dyer%2c+Alli%2c&page=0",404,"Dyer, Alli, author."
"https://cucatalog.org/polaris/view.aspx?CN=2638585","https://cucatalog.org/search/searchresults.aspx?ctx=6.1033.0.0.1&type=Keyword&page=0&by=GENRE&term=2638585",404,"Genre Search"
"https://cucatalog.org/polaris/view.aspx?CN=2638585","https://cucatalog.org/search/searchresults.aspx?ctx=6.1033.0.0.1&type=Keyword&page=0&by=SE&term=2638585",404,"Series Search"
"https://cucatalog.org/polaris/view.aspx?CN=2638585","https://cucatalog.org/search/searchresults.aspx?ctx=6.1033.0.0.1&type=Keyword&page=0&by=SU&term=2638585",404,"Subject Search"
"https://cucatalog.org/polaris/view.aspx?CN=2638585","https://cucatalog.org/search/searchresults.aspx?ctx=6.1033.0.0.1&type=Keyword&page=0&by=TI&term=2638585",404,"Title Search"
"https://cucatalog.org/polaris/view.aspx?CN=2638585","https://cucatalog.org/search/searchresults.aspx?ctx=6.1033.0.0.1&type=Browse&by=SU&term=Mothers+and+daughters&query=SU%3d%22MOTHERS+AND+DAUGHTERS%22&dash=1&page=0",404,"Mothers and daughters"
"https://cucatalog.org/polaris/view.aspx?CN=2638585","https://cucatalog.org/search/searchresults.aspx?ctx=6.1033.0.0.1&type=Keyword&page=0&by=AU&term=2638585",404,"Author Search"
"https://cucatalog.org/polaris/view.aspx?CN=2638585","https://cucatalog.org/search/searchresults.aspx?ctx=6.1033.0.0.1&type=Keyword&page=0&by=NOTE&term=2638585",404,"General Notes Search"
"https://cucatalog.org/polaris/view.aspx?CN=2638585","https://cucatalog.org/search/searchresults.aspx?ctx=6.1033.0.0.1&type=Browse&by=AU&term=Dyer%2c+Alli&query=AU%3d%22DYER+ALLI%22&dash=1&page=0",404,"Dyer, Alli"
"https://cucatalog.org/polaris/view.aspx?CN=2638585","https://cucatalog.org/search/searchresults.aspx?ctx=6.1033.0.0.1&type=Keyword&page=0&by=PUB&term=2638585",404,"Publisher Search"
"https://cucatalog.org/polaris/view.aspx?CN=2638585","https://cucatalog.org/polaris/search/searchresults.aspx?ctx=6.1033.0.0.1&type=Keyword&term=2638585&by=CN&sort=RELEVANCE&limit=TOM%3d*&query=&page=0&searchid=24&lp=0",404,"Regular Text"
"https://cucatalog.org/polaris/view.aspx?CN=2638585","https://cucatalog.org/polaris/search/searchresults.aspx?ctx=6.1033.0.0.1&type=Keyword&term=2638585&by=CN&sort=RELEVANCE&limit=TOM%3d*&query=&page=0&searchid=24&using=452",404,"Local History Online"
"https://cucatalog.org/polaris/view.aspx?CN=2638585","https://cucatalog.org/polaris/search/searchresults.aspx?ctx=6.1033.0.0.1&type=Keyword&term=2638585&by=CN&sort=RELEVANCE&limit=TOM%3d*&query=&page=0&searchid=24&using=92",404,"PAC"
"https://cucatalog.org/polaris/view.aspx?CN=2638585","https://cucatalog.org/polaris/search/searchresults.aspx?ctx=6.1033.0.0.1&type=Keyword&term=2638585&by=CN&sort=RELEVANCE&limit=TOM%3d*&query=&page=0&searchid=24&using=93",404,"WorldCat"
"https://cucatalog.org/polaris/view.aspx?CN=2633603","https://cucatalog.org/search/browse.aspx?ctx=6.1033.0.0.1&type=Browse&by=AU&term=Givhan%2c+Jennifer%2c&page=0",404,"Givhan, Jennifer, author."
"https://cucatalog.org/polaris/view.aspx?CN=2633603","https://cucatalog.org/search/searchresults.aspx?ctx=6.1033.0.0.1&type=Keyword&page=0&by=KW&term=2633603",404,"Any Field Search"
"https://cucatalog.org/polaris/view.aspx?CN=2633603","https://cucatalog.org/search/searchresults.aspx?ctx=6.1033.0.0.1&type=Keyword&page=0&by=SU&term=2633603",404,"Subject Search"
"https://cucatalog.org/polaris/view.aspx?CN=2633603","https://cucatalog.org/search/searchresults.aspx?ctx=6.1033.0.0.1&type=Keyword&page=0&by=GENRE&term=2633603",404,"Genre Search"
"https://cucatalog.org/polaris/view.aspx?CN=2633603","https://cucatalog.org/search/searchresults.aspx?ctx=6.1033.0.0.1&type=Keyword&page=0&by=SE&term=2633603",404,"Series Search"
"https://cucatalog.org/polaris/view.aspx?CN=2633603","https://cucatalog.org/search/searchresults.aspx?ctx=6.1033.0.0.1&type=Keyword&page=0&by=TI&term=2633603",404,"Title Search"
"https://cucatalog.org/polaris/view.aspx?CN=2633603","https://cucatalog.org/search/searchresults.aspx?ctx=6.1033.0.0.1&type=Browse&by=SU&term=Mothers&query=SU%3d%22MOTHERS%22&dash=1&page=0",404,"Mothers"
"https://cucatalog.org/polaris/view.aspx?CN=2633603","https://cucatalog.org/search/searchresults.aspx?ctx=6.1033.0.0.1&type=Keyword&page=0&by=NOTE&term=2633603",404,"General Notes Search"
"https://cucatalog.org/polaris/view.aspx?CN=2633603","https://cucatalog.org/search/searchresults.aspx?ctx=6.1033.0.0.1&type=Browse&by=SU&term=Secrecy&query=SU%3d%22SECRECY%22&dash=1&page=0",404,"Secrecy"
"https://cucatalog.org/polaris/view.aspx?CN=2633603","https://cucatalog.org/search/searchresults.aspx?ctx=6.1033.0.0.1&type=Browse&by=SU&term=Secret&query=SU%3d%22SECRET%22&dash=1&page=0",404,"Secret"
"https://cucatalog.org/polaris/view.aspx?CN=2633603","https://cucatalog.org/search/searchresults.aspx?ctx=6.1033.0.0.1&type=Keyword&page=0&by=AU&term=2633603",404,"Author Search"
"https://cucatalog.org/polaris/view.aspx?CN=2633603","https://cucatalog.org/search/searchresults.aspx?ctx=6.1033.0.0.1&type=Keyword&page=0&by=PUB&term=2633603",404,"Publisher Search"
"https://cucatalog.org/polaris/view.aspx?CN=2633603","https://cucatalog.org/search/searchresults.aspx?ctx=6.1033.0.0.1&type=Browse&by=AU&term=Givhan%2c+Jennifer&query=AU%3d%22GIVHAN+JENNIFER%22&dash=1&page=0",404,"Givhan, Jennifer"
"https://cucatalog.org/polaris/view.aspx?CN=2633603","https://cucatalog.org/polaris/search/searchresults.aspx?ctx=6.1033.0.0.1&type=Keyword&term=2633603&by=CN&sort=RELEVANCE&limit=TOM%3d*&query=&page=0&searchid=25&lp=0",404,"Regular Text"
"https://cucatalog.org/polaris/view.aspx?CN=2633603","https://cucatalog.org/polaris/search/searchresults.aspx?ctx=6.1033.0.0.1&type=Keyword&term=2633603&by=CN&sort=RELEVANCE&limit=TOM%3d*&query=&page=0&searchid=25&using=452",404,"Local History Online"
"https://cucatalog.org/polaris/view.aspx?CN=2633603","https://cucatalog.org/polaris/search/searchresults.aspx?ctx=6.1033.0.0.1&type=Keyword&term=2633603&by=CN&sort=RELEVANCE&limit=TOM%3d*&query=&page=0&searchid=25&using=92",404,"PAC"
"https://cucatalog.org/polaris/view.aspx?CN=2633603","https://cucatalog.org/polaris/search/searchresults.aspx?ctx=6.1033.0.0.1&type=Keyword&term=2633603&by=CN&sort=RELEVANCE&limit=TOM%3d*&query=&page=0&searchid=25&using=93",404,"WorldCat"
"https://cucatalog.org/polaris/view.aspx?CN=2642921","https://cucatalog.org/search/browse.aspx?ctx=6.1033.0.0.1&type=Browse&by=AU&term=Youers%2c+Rio%2c&page=0",404,"Youers, Rio, author."
"https://cucatalog.org/polaris/view.aspx?CN=2642921","https://cucatalog.org/search/searchresults.aspx?ctx=6.1033.0.0.1&type=Keyword&page=0&by=KW&term=2642921",404,"Any Field Search"
"https://cucatalog.org/polaris/view.aspx?CN=2642921","https://cucatalog.org/search/searchresults.aspx?ctx=6.1033.0.0.1&type=Keyword&page=0&by=GENRE&term=2642921",404,"Genre Search"
"https://cucatalog.org/polaris/view.aspx?CN=2642921","https://cucatalog.org/search/searchresults.aspx?ctx=6.1033.0.0.1&type=Keyword&page=0&by=SE&term=2642921",404,"Series Search"
"https://cucatalog.org/polaris/view.aspx?CN=2642921","https://cucatalog.org/search/searchresults.aspx?ctx=6.1033.0.0.1&type=Keyword&page=0&by=PUB&term=2642921",404,"Publisher Search"
"https://cucatalog.org/polaris/view.aspx?CN=2642921","https://cucatalog.org/search/searchresults.aspx?ctx=6.1033.0.0.1&type=Keyword&page=0&by=AU&term=2642921",404,"Author Search"
"https://cucatalog.org/polaris/view.aspx?CN=2642921","https://cucatalog.org/search/searchresults.aspx?ctx=6.1033.0.0.1&type=Keyword&page=0&by=SU&term=2642921",404,"Subject Search"
"https://cucatalog.org/polaris/view.aspx?CN=2642921","https://cucatalog.org/search/searchresults.aspx?ctx=6.1033.0.0.1&type=Keyword&page=0&by=TI&term=2642921",404,"Title Search"
"https://cucatalog.org/polaris/view.aspx?CN=2642921","https://cucatalog.org/search/searchresults.aspx?ctx=6.1033.0.0.1&type=Keyword&page=0&by=NOTE&term=2642921",404,"General Notes Search"
"https://cucatalog.org/polaris/view.aspx?CN=2642921","https://cucatalog.org/search/searchresults.aspx?ctx=6.1033.0.0.1&type=Browse&by=SU&term=Suspense+fiction.&query=SU%3d%22SUSPENSE+FICTION%22&dash=1&page=0",404,"Suspense fiction."
"https://cucatalog.org/polaris/view.aspx?CN=2642921","https://cucatalog.org/search/searchresults.aspx?ctx=6.1033.0.0.1&type=Browse&by=AU&term=Youers%2c+Rio&query=AU%3d%22YOUERS+RIO%22&dash=1&page=0",404,"Youers, Rio"
"https://cucatalog.org/polaris/view.aspx?CN=2642921","https://cucatalog.org/polaris/search/searchresults.aspx?ctx=6.1033.0.0.1&type=Keyword&term=2642921&by=CN&sort=RELEVANCE&limit=TOM%3d*&query=&page=0&searchid=26&using=92",404,"PAC"
"https://cucatalog.org/polaris/view.aspx?CN=2642921","https://cucatalog.org/polaris/search/searchresults.aspx?ctx=6.1033.0.0.1&type=Keyword&term=2642921&by=CN&sort=RELEVANCE&limit=TOM%3d*&query=&page=0&searchid=26&using=93",404,"WorldCat"
"https://cucatalog.org/polaris/view.aspx?CN=2642921","https://cucatalog.org/polaris/search/searchresults.aspx?ctx=6.1033.0.0.1&type=Keyword&term=2642921&by=CN&sort=RELEVANCE&limit=TOM%3d*&query=&page=0&searchid=26&lp=0",404,"Regular Text"
"https://cucatalog.org/polaris/view.aspx?CN=2642921","https://cucatalog.org/polaris/search/searchresults.aspx?ctx=6.1033.0.0.1&type=Keyword&term=2642921&by=CN&sort=RELEVANCE&limit=TOM%3d*&query=&page=0&searchid=26&using=452",404,"Local History Online"
"https://cucatalog.org/polaris/view.aspx?CN=2633924","https://cucatalog.org/search/searchresults.aspx?ctx=6.1033.0.0.1&type=Keyword&page=0&by=TI&term=2633924",404,"Title Search"
"https://cucatalog.org/polaris/view.aspx?CN=2633924","https://cucatalog.org/search/browse.aspx?ctx=6.1033.0.0.1&type=Browse&by=AU&term=Thayer%2c+A.+P.%2c&page=0",404,"Thayer, A. P., author."
"https://cucatalog.org/polaris/view.aspx?CN=2633924","https://cucatalog.org/search/searchresults.aspx?ctx=6.1033.0.0.1&type=Keyword&page=0&by=KW&term=2633924",404,"Any Field Search"
"https://cucatalog.org/polaris/view.aspx?CN=2633924","https://cucatalog.org/search/searchresults.aspx?ctx=6.1033.0.0.1&type=Keyword&page=0&by=GENRE&term=2633924",404,"Genre Search"
"https://cucatalog.org/polaris/view.aspx?CN=2633924","https://cucatalog.org/search/searchresults.aspx?ctx=6.1033.0.0.1&type=Keyword&page=0&by=SE&term=2633924",404,"Series Search"
"https://cucatalog.org/polaris/view.aspx?CN=2633924","https://cucatalog.org/search/searchresults.aspx?ctx=6.1033.0.0.1&type=Browse&by=SU&term=California&query=SU%3d%22CALIFORNIA%22&dash=1&page=0",404,"California"
"https://cucatalog.org/polaris/view.aspx?CN=2633924","https://cucatalog.org/search/searchresults.aspx?ctx=6.1033.0.0.1&type=Keyword&page=0&by=NOTE&term=2633924",404,"General Notes Search"
"https://cucatalog.org/polaris/view.aspx?CN=2633924","https://cucatalog.org/search/searchresults.aspx?ctx=6.1033.0.0.1&type=Keyword&page=0&by=SU&term=2633924",404,"Subject Search"
"https://cucatalog.org/polaris/view.aspx?CN=2633924","https://cucatalog.org/search/searchresults.aspx?ctx=6.1033.0.0.1&type=Keyword&page=0&by=AU&term=2633924",404,"Author Search"
"https://cucatalog.org/polaris/view.aspx?CN=2633924","https://cucatalog.org/search/searchresults.aspx?ctx=6.1033.0.0.1&type=Browse&by=SU&term=Deserts&query=SU%3d%22DESERTS%22&dash=1&page=0",404,"Deserts"
"https://cucatalog.org/polaris/view.aspx?CN=2633924","https://cucatalog.org/search/searchresults.aspx?ctx=6.1033.0.0.1&type=Browse&by=SU&term=Supernatural&query=SU%3d%22SUPERNATURAL%22&dash=1&page=0",404,"Supernatural"
"https://cucatalog.org/polaris/view.aspx?CN=2633924","https://cucatalog.org/search/searchresults.aspx?ctx=6.1033.0.0.1&type=Keyword&page=0&by=PUB&term=2633924",404,"Publisher Search"
"https://cucatalog.org/polaris/view.aspx?CN=2633924","https://cucatalog.org/search/searchresults.aspx?ctx=6.1033.0.0.1&type=Browse&by=AU&term=Thayer%2c+A+P&query=AU%3d%22THAYER+A+P%22&dash=1&page=0",404,"Thayer, A P"
"https://cucatalog.org/polaris/view.aspx?CN=2633924","https://cucatalog.org/polaris/search/searchresults.aspx?ctx=6.1033.0.0.1&type=Keyword&term=2633924&by=CN&sort=RELEVANCE&limit=TOM%3d*&query=&page=0&searchid=27&lp=0",404,"Regular Text"
"https://cucatalog.org/polaris/view.aspx?CN=2633924","https://cucatalog.org/polaris/search/searchresults.aspx?ctx=6.1033.0.0.1&type=Keyword&term=2633924&by=CN&sort=RELEVANCE&limit=TOM%3d*&query=&page=0&searchid=27&using=93",404,"WorldCat"
"https://cucatalog.org/polaris/view.aspx?CN=2633924","https://cucatalog.org/polaris/search/searchresults.aspx?ctx=6.1033.0.0.1&type=Keyword&term=2633924&by=CN&sort=RELEVANCE&limit=TOM%3d*&query=&page=0&searchid=27&using=452",404,"Local History Online"
"https://cucatalog.org/polaris/view.aspx?CN=2633924","https://cucatalog.org/polaris/search/searchresults.aspx?ctx=6.1033.0.0.1&type=Keyword&term=2633924&by=CN&sort=RELEVANCE&limit=TOM%3d*&query=&page=0&searchid=27&using=92",404,"PAC"
"https://cucatalog.org/polaris/view.aspx?CN=2638537","https://cucatalog.org/search/browse.aspx?ctx=6.1033.0.0.1&type=Browse&by=AU&term=Ali%2c+Rozina%2c&page=0",404,"Ali, Rozina, author."
"https://cucatalog.org/polaris/view.aspx?CN=2638537","https://cucatalog.org/search/searchresults.aspx?ctx=6.1033.0.0.1&type=Keyword&page=0&by=KW&term=2638537",404,"Any Field Search"
"https://cucatalog.org/polaris/view.aspx?CN=2638537","https://cucatalog.org/search/searchresults.aspx?ctx=6.1033.0.0.1&type=Keyword&page=0&by=SU&term=2638537",404,"Subject Search"
"https://cucatalog.org/polaris/view.aspx?CN=2638537","https://cucatalog.org/search/searchresults.aspx?ctx=6.1033.0.0.1&type=Keyword&page=0&by=GENRE&term=2638537",404,"Genre Search"
"https://cucatalog.org/polaris/view.aspx?CN=2638537","https://cucatalog.org/search/searchresults.aspx?ctx=6.1033.0.0.1&type=Keyword&page=0&by=SE&term=2638537",404,"Series Search"
"https://cucatalog.org/polaris/view.aspx?CN=2638537","https://cucatalog.org/search/searchresults.aspx?ctx=6.1033.0.0.1&type=Keyword&page=0&by=AU&term=2638537",404,"Author Search"
"https://cucatalog.org/polaris/view.aspx?CN=2638537","https://cucatalog.org/search/searchresults.aspx?ctx=6.1033.0.0.1&type=Keyword&page=0&by=PUB&term=2638537",404,"Publisher Search"
"https://cucatalog.org/polaris/view.aspx?CN=2638537","https://cucatalog.org/search/searchresults.aspx?ctx=6.1033.0.0.1&type=Browse&by=SU&term=American+Dream&query=SU%3d%22AMERICAN+DREAM%22&dash=1&page=0",404,"American Dream"
"https://cucatalog.org/polaris/view.aspx?CN=2638537","https://cucatalog.org/search/searchresults.aspx?ctx=6.1033.0.0.1&type=Keyword&page=0&by=TI&term=2638537",404,"Title Search"
"https://cucatalog.org/polaris/view.aspx?CN=2638537","https://cucatalog.org/search/searchresults.aspx?ctx=6.1033.0.0.1&type=Browse&by=SU&term=Muslims&query=SU%3d%22MUSLIMS%22&dash=1&page=0",404,"Muslims"
"https://cucatalog.org/polaris/view.aspx?CN=2638537","https://cucatalog.org/search/searchresults.aspx?ctx=6.1033.0.0.1&type=Browse&by=SU&term=Musulmans&query=SU%3d%22MUSULMANS%22&dash=1&page=0",404,"Musulmans"
"https://cucatalog.org/polaris/view.aspx?CN=2638537","https://cucatalog.org/search/searchresults.aspx?ctx=6.1033.0.0.1&type=Browse&by=SU&term=Personal+narratives.&query=SU%3d%22PERSONAL+NARRATIVES%22&dash=1&page=0",404,"Personal narratives."
"https://cucatalog.org/polaris/view.aspx?CN=2638537","https://cucatalog.org/search/searchresults.aspx?ctx=6.1033.0.0.1&type=Browse&by=SU&term=Re%cc%81cits+personnels.&query=SU%3d%22RECITS+PERSONNELS%22&dash=1&page=0",404,"Récits personnels."
"https://cucatalog.org/polaris/view.aspx?CN=2638537","https://cucatalog.org/search/searchresults.aspx?ctx=6.1033.0.0.1&type=Browse&by=AU&term=Ali%2c+Rozina&query=AU%3d%22ALI+ROZINA%22&dash=1&page=0",404,"Ali, Rozina"
"https://cucatalog.org/polaris/view.aspx?CN=2638537","https://cucatalog.org/search/searchresults.aspx?ctx=6.1033.0.0.1&type=Keyword&page=0&by=NOTE&term=2638537",404,"General Notes Search"
"https://cucatalog.org/polaris/view.aspx?CN=2638537","https://cucatalog.org/polaris/search/searchresults.aspx?ctx=6.1033.0.0.1&type=Keyword&term=2638537&by=CN&sort=RELEVANCE&limit=TOM%3d*&query=&page=0&searchid=28&lp=0",404,"Regular Text"
"https://cucatalog.org/polaris/view.aspx?CN=2638537","https://cucatalog.org/polaris/search/searchresults.aspx?ctx=6.1033.0.0.1&type=Keyword&term=2638537&by=CN&sort=RELEVANCE&limit=TOM%3d*&query=&page=0&searchid=28&using=452",404,"Local History Online"
"https://cucatalog.org/polaris/view.aspx?CN=2638537","https://cucatalog.org/polaris/search/searchresults.aspx?ctx=6.1033.0.0.1&type=Keyword&term=2638537&by=CN&sort=RELEVANCE&limit=TOM%3d*&query=&page=0&searchid=28&using=92",404,"PAC"
"https://cucatalog.org/polaris/view.aspx?CN=2638537","https://cucatalog.org/polaris/search/searchresults.aspx?ctx=6.1033.0.0.1&type=Keyword&term=2638537&by=CN&sort=RELEVANCE&limit=TOM%3d*&query=&page=0&searchid=28&using=93",404,"WorldCat"
"https://cucatalog.org/polaris/view.aspx?CN=2634342","https://cucatalog.org/search/browse.aspx?ctx=6.1033.0.0.1&type=Browse&by=AU&term=Harris%2c+Robert%2c+1957-&page=0",404,"Harris, Robert, 1957- author."
"https://cucatalog.org/polaris/view.aspx?CN=2634342","https://cucatalog.org/search/searchresults.aspx?ctx=6.1033.0.0.1&type=Keyword&page=0&by=KW&term=2634342",404,"Any Field Search"
"https://cucatalog.org/polaris/view.aspx?CN=2634342","https://cucatalog.org/search/searchresults.aspx?ctx=6.1033.0.0.1&type=Keyword&page=0&by=GENRE&term=2634342",404,"Genre Search"
"https://cucatalog.org/polaris/view.aspx?CN=2634342","https://cucatalog.org/search/searchresults.aspx?ctx=6.1033.0.0.1&type=Keyword&page=0&by=SE&term=2634342",404,"Series Search"
"https://cucatalog.org/polaris/view.aspx?CN=2634342","https://cucatalog.org/search/searchresults.aspx?ctx=6.1033.0.0.1&type=Browse&by=SU&term=Biographical+fiction.&query=SU%3d%22BIOGRAPHICAL+FICTION%22&dash=1&page=0",404,"Biographical fiction."
"https://cucatalog.org/polaris/view.aspx?CN=2634342","https://cucatalog.org/search/searchresults.aspx?ctx=6.1033.0.0.1&type=Browse&by=SU&term=Kings+and+rulers&query=SU%3d%22KINGS+AND+RULERS%22&dash=1&page=0",404,"Kings and rulers"
"https://cucatalog.org/polaris/view.aspx?CN=2634342","https://cucatalog.org/search/searchresults.aspx?ctx=6.1033.0.0.1&type=Keyword&page=0&by=AU&term=2634342",404,"Author Search"
"https://cucatalog.org/polaris/view.aspx?CN=2634342","https://cucatalog.org/search/searchresults.aspx?ctx=6.1033.0.0.1&type=Keyword&page=0&by=SU&term=2634342",404,"Subject Search"
"https://cucatalog.org/polaris/view.aspx?CN=2634342","https://cucatalog.org/search/searchresults.aspx?ctx=6.1033.0.0.1&type=Browse&by=AU&term=Harris%2c+Robert%2c+1957-&query=AU%3d%22HARRIS+ROBERT+1957%22&dash=1&page=0",404,"Harris, Robert, 1957-"
"https://cucatalog.org/polaris/view.aspx?CN=2634342","https://cucatalog.org/search/searchresults.aspx?ctx=6.1033.0.0.1&type=Keyword&page=0&by=TI&term=2634342",404,"Title Search"
"https://cucatalog.org/polaris/view.aspx?CN=2634342","https://cucatalog.org/search/searchresults.aspx?ctx=6.1033.0.0.1&type=Keyword&page=0&by=NOTE&term=2634342",404,"General Notes Search"
"https://cucatalog.org/polaris/view.aspx?CN=2634342","https://cucatalog.org/search/searchresults.aspx?ctx=6.1033.0.0.1&type=Keyword&page=0&by=PUB&term=2634342",404,"Publisher Search"
"https://cucatalog.org/polaris/view.aspx?CN=2634342","https://cucatalog.org/polaris/search/searchresults.aspx?ctx=6.1033.0.0.1&type=Keyword&term=2634342&by=CN&sort=RELEVANCE&limit=TOM%3d*&query=&page=0&searchid=29&lp=0",404,"Regular Text"
"https://cucatalog.org/polaris/view.aspx?CN=2634342","https://cucatalog.org/polaris/search/searchresults.aspx?ctx=6.1033.0.0.1&type=Keyword&term=2634342&by=CN&sort=RELEVANCE&limit=TOM%3d*&query=&page=0&searchid=29&using=452",404,"Local History Online"
"https://cucatalog.org/polaris/view.aspx?CN=2634342","https://cucatalog.org/polaris/search/searchresults.aspx?ctx=6.1033.0.0.1&type=Keyword&term=2634342&by=CN&sort=RELEVANCE&limit=TOM%3d*&query=&page=0&searchid=29&using=93",404,"WorldCat"
"https://cucatalog.org/polaris/view.aspx?CN=2634342","https://cucatalog.org/polaris/search/searchresults.aspx?ctx=6.1033.0.0.1&type=Keyword&term=2634342&by=CN&sort=RELEVANCE&limit=TOM%3d*&query=&page=0&searchid=29&using=92",404,"PAC"
"https://cucatalog.org/polaris/view.aspx?CN=2638906","https://cucatalog.org/search/browse.aspx?ctx=6.1033.0.0.1&type=Browse&by=AU&term=Wellington+Rollins%2c+Elizabeth&page=0",404,"Wellington Rollins, Elizabeth author"
"https://cucatalog.org/polaris/view.aspx?CN=2638906","https://cucatalog.org/search/searchresults.aspx?ctx=6.1033.0.0.1&type=Keyword&page=0&by=KW&term=2638906",404,"Any Field Search"
"https://cucatalog.org/polaris/view.aspx?CN=2638906","https://cucatalog.org/search/searchresults.aspx?ctx=6.1033.0.0.1&type=Keyword&page=0&by=GENRE&term=2638906",404,"Genre Search"
"https://cucatalog.org/polaris/view.aspx?CN=2638906","https://cucatalog.org/search/searchresults.aspx?ctx=6.1033.0.0.1&type=Keyword&page=0&by=SE&term=2638906",404,"Series Search"
"https://cucatalog.org/polaris/view.aspx?CN=2638906","https://cucatalog.org/search/searchresults.aspx?ctx=6.1033.0.0.1&type=Keyword&page=0&by=NOTE&term=2638906",404,"General Notes Search"
"https://cucatalog.org/polaris/view.aspx?CN=2638906","https://cucatalog.org/search/searchresults.aspx?ctx=6.1033.0.0.1&type=Browse&by=SU&term=Family+secrets&query=SU%3d%22FAMILY+SECRETS%22&dash=1&page=0",404,"Family secrets"
"https://cucatalog.org/polaris/view.aspx?CN=2638906","https://cucatalog.org/search/searchresults.aspx?ctx=6.1033.0.0.1&type=Keyword&page=0&by=PUB&term=2638906",404,"Publisher Search"
"https://cucatalog.org/polaris/view.aspx?CN=2638906","https://cucatalog.org/search/searchresults.aspx?ctx=6.1033.0.0.1&type=Browse&by=SU&term=Italian+American+women&query=SU%3d%22ITALIAN+AMERICAN+WOMEN%22&dash=1&page=0",404,"Italian American women"
"https://cucatalog.org/polaris/view.aspx?CN=2638906","https://cucatalog.org/search/searchresults.aspx?ctx=6.1033.0.0.1&type=Keyword&page=0&by=AU&term=2638906",404,"Author Search"
"https://cucatalog.org/polaris/view.aspx?CN=2638906","https://cucatalog.org/search/searchresults.aspx?ctx=6.1033.0.0.1&type=Keyword&page=0&by=TI&term=2638906",404,"Title Search"
"https://cucatalog.org/polaris/view.aspx?CN=2638906","https://cucatalog.org/search/searchresults.aspx?ctx=6.1033.0.0.1&type=Keyword&page=0&by=SU&term=2638906",404,"Subject Search"
"https://cucatalog.org/polaris/view.aspx?CN=2638906","https://cucatalog.org/search/searchresults.aspx?ctx=6.1033.0.0.1&type=Browse&by=SU&term=Me%cc%80res+et+filles&query=SU%3d%22MERES+ET+FILLES%22&dash=1&page=0",404,"Mères et filles"
"https://cucatalog.org/polaris/view.aspx?CN=2638906","https://cucatalog.org/search/searchresults.aspx?ctx=6.1033.0.0.1&type=Browse&by=AU&term=Wellington+Rollins%2c+Elizabeth&query=AU%3d%22WELLINGTON+ROLLINS+ELIZABETH%22&dash=1&page=0",404,"Wellington Rollins, Elizabeth"
"https://cucatalog.org/polaris/view.aspx?CN=2638906","https://cucatalog.org/polaris/search/searchresults.aspx?ctx=6.1033.0.0.1&type=Keyword&term=2638906&by=CN&sort=RELEVANCE&limit=TOM%3d*&query=&page=0&searchid=30&lp=0",404,"Regular Text"
"https://cucatalog.org/polaris/view.aspx?CN=2638906","https://cucatalog.org/polaris/search/searchresults.aspx?ctx=6.1033.0.0.1&type=Keyword&term=2638906&by=CN&sort=RELEVANCE&limit=TOM%3d*&query=&page=0&searchid=30&using=93",404,"WorldCat"
"https://cucatalog.org/polaris/view.aspx?CN=2638906","https://cucatalog.org/polaris/search/searchresults.aspx?ctx=6.1033.0.0.1&type=Keyword&term=2638906&by=CN&sort=RELEVANCE&limit=TOM%3d*&query=&page=0&searchid=30&using=92",404,"PAC"
"https://cucatalog.org/polaris/view.aspx?CN=2638906","https://cucatalog.org/polaris/search/searchresults.aspx?ctx=6.1033.0.0.1&type=Keyword&term=2638906&by=CN&sort=RELEVANCE&limit=TOM%3d*&query=&page=0&searchid=30&using=452",404,"Local History Online"
"https://cucatalog.org/polaris/view.aspx?CN=2644263","https://cucatalog.org/search/searchresults.aspx?ctx=6.1033.0.0.1&type=Keyword&page=0&by=KW&term=2644263",404,"Any Field Search"
"https://cucatalog.org/polaris/view.aspx?CN=2644263","https://cucatalog.org/search/browse.aspx?ctx=6.1033.0.0.1&type=Browse&by=AU&term=LeFlouria%2c+Talitha+L.%2c&page=0",404,"LeFlouria, Talitha L., author."
"https://cucatalog.org/polaris/view.aspx?CN=2644263","https://cucatalog.org/search/searchresults.aspx?ctx=6.1033.0.0.1&type=Keyword&page=0&by=GENRE&term=2644263",404,"Genre Search"
"https://cucatalog.org/polaris/view.aspx?CN=2644263","https://cucatalog.org/search/searchresults.aspx?ctx=6.1033.0.0.1&type=Keyword&page=0&by=SE&term=2644263",404,"Series Search"
"https://cucatalog.org/polaris/view.aspx?CN=2644263","https://cucatalog.org/search/searchresults.aspx?ctx=6.1033.0.0.1&type=Keyword&page=0&by=AU&term=2644263",404,"Author Search"
"https://cucatalog.org/polaris/view.aspx?CN=2644263","https://cucatalog.org/search/searchresults.aspx?ctx=6.1033.0.0.1&type=Browse&by=SU&term=African+American+women&query=SU%3d%22AFRICAN+AMERICAN+WOMEN%22&dash=1&page=0",404,"African American women"
"https://cucatalog.org/polaris/view.aspx?CN=2644263","https://cucatalog.org/search/searchresults.aspx?ctx=6.1033.0.0.1&type=Browse&by=SU&term=Esclavage&query=SU%3d%22ESCLAVAGE%22&dash=1&page=0",404,"Esclavage"
"https://cucatalog.org/polaris/view.aspx?CN=2644263","https://cucatalog.org/search/searchresults.aspx?ctx=6.1033.0.0.1&type=Keyword&page=0&by=NOTE&term=2644263",404,"General Notes Search"
"https://cucatalog.org/polaris/view.aspx?CN=2644263","https://cucatalog.org/search/searchresults.aspx?ctx=6.1033.0.0.1&type=Keyword&page=0&by=TI&term=2644263",404,"Title Search"
"https://cucatalog.org/polaris/view.aspx?CN=2644263","https://cucatalog.org/search/searchresults.aspx?ctx=6.1033.0.0.1&type=Browse&by=SU&term=African+American+women+prisoners&query=SU%3d%22AFRICAN+AMERICAN+WOMEN+PRISONERS%22&dash=1&page=0",404,"African American women prisoners"
"https://cucatalog.org/polaris/view.aspx?CN=2644263","https://cucatalog.org/search/searchresults.aspx?ctx=6.1033.0.0.1&type=Keyword&page=0&by=PUB&term=2644263",404,"Publisher Search"
"https://cucatalog.org/polaris/view.aspx?CN=2644263","https://cucatalog.org/search/searchresults.aspx?ctx=6.1033.0.0.1&type=Keyword&page=0&by=SU&term=2644263",404,"Subject Search"
"https://cucatalog.org/polaris/view.aspx?CN=2644263","https://cucatalog.org/search/searchresults.aspx?ctx=6.1033.0.0.1&type=Browse&by=SU&term=Mass+incarceration&query=SU%3d%22MASS+INCARCERATION%22&dash=1&page=0",404,"Mass incarceration"
"https://cucatalog.org/polaris/view.aspx?CN=2644263","https://cucatalog.org/search/searchresults.aspx?ctx=6.1033.0.0.1&type=Browse&by=SU&term=Slavery&query=SU%3d%22SLAVERY%22&dash=1&page=0",404,"Slavery"
"https://cucatalog.org/polaris/view.aspx?CN=2644263","https://cucatalog.org/search/searchresults.aspx?ctx=6.1033.0.0.1&type=Browse&by=AU&term=Leflouria%2c+Talitha+L&query=AU%3d%22LEFLOURIA+TALITHA+L%22&dash=1&page=0",404,"Leflouria, Talitha L"
"https://cucatalog.org/polaris/view.aspx?CN=2644263","https://cucatalog.org/polaris/search/searchresults.aspx?ctx=6.1033.0.0.1&type=Keyword&term=2644263&by=CN&sort=RELEVANCE&limit=TOM%3d*&query=&page=0&searchid=31&lp=0",404,"Regular Text"
"https://cucatalog.org/polaris/view.aspx?CN=2644263","https://cucatalog.org/polaris/search/searchresults.aspx?ctx=6.1033.0.0.1&type=Keyword&term=2644263&by=CN&sort=RELEVANCE&limit=TOM%3d*&query=&page=0&searchid=31&using=93",404,"WorldCat"
"https://cucatalog.org/polaris/view.aspx?CN=2644263","https://cucatalog.org/polaris/search/searchresults.aspx?ctx=6.1033.0.0.1&type=Keyword&term=2644263&by=CN&sort=RELEVANCE&limit=TOM%3d*&query=&page=0&searchid=31&using=92",404,"PAC"
"https://cucatalog.org/polaris/view.aspx?CN=2644263","https://cucatalog.org/polaris/search/searchresults.aspx?ctx=6.1033.0.0.1&type=Keyword&term=2644263&by=CN&sort=RELEVANCE&limit=TOM%3d*&query=&page=0&searchid=31&using=452",404,"Local History Online"