Source Page,Link,Status,Link Text
"https://urbanafreelibrary.libnet.info/events","https://urbanafreelibrary.org/events/150-years",403,"150th Anniversary"
"https://urbanafreelibrary.libnet.info/events","https://urbanafreelibrary.org/ebooks-more/music",403,"Music"
"https://urbanafreelibrary.libnet.info/events","https://urbanafreelibrary.org/about/cafe-book-shop",404,""
"https://urbanafreelibrary.libnet.info/events","https://twitter.com/search?f=tweets&vertical=default&q=urbanafree",403,""
"https://urbanafreelibrary.libnet.info/events","https://urbanafreelibrary.org/using-library/get-card",403,"Get a Card"
"https://urbanafreelibrary.libnet.info/events","https://urbanafreelibrary.org/using-library/borrow-return/borrow",404,"Borrow Items"
"https://urbanafreelibrary.libnet.info/events","https://app.etapestry.com/onlineforms/UrbanaFreeLibraryFoundation/donation.html",404,"Donate"
"https://urbanafreelibrary.libnet.info/event/13875993","https://addtocalendar.com/atc/ical?utz=0&uln=en-US@posix&vjs=1.5&e[0][date_start]=2026-09-03%2010%3A15%3A00&e[0][date_end]=2026-09-03%2010%3A45%3A00&e[0][timezone]=America%2FChicago&e[0][title]=Crafty%20Tales&e[0][location]=The%20Urbana%20Free%20Library%20-%20The%20Lewis%20Auditorium",FAILED,""
"https://urbanafreelibrary.libnet.info/event/13875993","https://addtocalendar.com/atc/google?utz=0&uln=en-US@posix&vjs=1.5&e[0][date_start]=2026-09-03%2010%3A15%3A00&e[0][date_end]=2026-09-03%2010%3A45%3A00&e[0][timezone]=America%2FChicago&e[0][title]=Crafty%20Tales&e[0][location]=The%20Urbana%20Free%20Library%20-%20The%20Lewis%20Auditorium",FAILED,""
"https://urbanafreelibrary.libnet.info/event/13875993","https://addtocalendar.com/atc/outlook?utz=0&uln=en-US@posix&vjs=1.5&e[0][date_start]=2026-09-03%2010%3A15%3A00&e[0][date_end]=2026-09-03%2010%3A45%3A00&e[0][timezone]=America%2FChicago&e[0][title]=Crafty%20Tales&e[0][location]=The%20Urbana%20Free%20Library%20-%20The%20Lewis%20Auditorium",FAILED,""
"https://urbanafreelibrary.libnet.info/event/13875993","https://addtocalendar.com/atc/outlookonline?utz=0&uln=en-US@posix&vjs=1.5&e[0][date_start]=2026-09-03%2010%3A15%3A00&e[0][date_end]=2026-09-03%2010%3A45%3A00&e[0][timezone]=America%2FChicago&e[0][title]=Crafty%20Tales&e[0][location]=The%20Urbana%20Free%20Library%20-%20The%20Lewis%20Auditorium",FAILED,""
"https://urbanafreelibrary.libnet.info/event/13875993","https://addtocalendar.com/atc/yahoo?utz=0&uln=en-US@posix&vjs=1.5&e[0][date_start]=2026-09-03%2010%3A15%3A00&e[0][date_end]=2026-09-03%2010%3A45%3A00&e[0][timezone]=America%2FChicago&e[0][title]=Crafty%20Tales&e[0][location]=The%20Urbana%20Free%20Library%20-%20The%20Lewis%20Auditorium",FAILED,""
"https://urbanafreelibrary.libnet.info/event/17264225","https://addtocalendar.com/atc/ical?utz=0&uln=en-US@posix&vjs=1.5&e[0][date_start]=2026-09-03%2015%3A00%3A00&e[0][date_end]=2026-09-03%2017%3A30%3A00&e[0][timezone]=America%2FChicago&e[0][title]=Teen%20Open%20Lab&e[0][location]=The%20Urbana%20Free%20Library%20-%20The%20Lewis%20Auditorium",FAILED,""
"https://urbanafreelibrary.libnet.info/event/17264225","https://addtocalendar.com/atc/google?utz=0&uln=en-US@posix&vjs=1.5&e[0][date_start]=2026-09-03%2015%3A00%3A00&e[0][date_end]=2026-09-03%2017%3A30%3A00&e[0][timezone]=America%2FChicago&e[0][title]=Teen%20Open%20Lab&e[0][location]=The%20Urbana%20Free%20Library%20-%20The%20Lewis%20Auditorium",FAILED,""
"https://urbanafreelibrary.libnet.info/event/17264225","https://addtocalendar.com/atc/outlook?utz=0&uln=en-US@posix&vjs=1.5&e[0][date_start]=2026-09-03%2015%3A00%3A00&e[0][date_end]=2026-09-03%2017%3A30%3A00&e[0][timezone]=America%2FChicago&e[0][title]=Teen%20Open%20Lab&e[0][location]=The%20Urbana%20Free%20Library%20-%20The%20Lewis%20Auditorium",FAILED,""
"https://urbanafreelibrary.libnet.info/event/17264225","https://addtocalendar.com/atc/outlookonline?utz=0&uln=en-US@posix&vjs=1.5&e[0][date_start]=2026-09-03%2015%3A00%3A00&e[0][date_end]=2026-09-03%2017%3A30%3A00&e[0][timezone]=America%2FChicago&e[0][title]=Teen%20Open%20Lab&e[0][location]=The%20Urbana%20Free%20Library%20-%20The%20Lewis%20Auditorium",FAILED,""
"https://urbanafreelibrary.libnet.info/event/17264225","https://addtocalendar.com/atc/yahoo?utz=0&uln=en-US@posix&vjs=1.5&e[0][date_start]=2026-09-03%2015%3A00%3A00&e[0][date_end]=2026-09-03%2017%3A30%3A00&e[0][timezone]=America%2FChicago&e[0][title]=Teen%20Open%20Lab&e[0][location]=The%20Urbana%20Free%20Library%20-%20The%20Lewis%20Auditorium",FAILED,""
"https://urbanafreelibrary.libnet.info/event/16857847","https://addtocalendar.com/atc/ical?utz=0&uln=en-US@posix&vjs=1.5&e[0][date_start]=2026-09-03%2017%3A30%3A00&e[0][date_end]=2026-09-03%2018%3A30%3A00&e[0][timezone]=America%2FChicago&e[0][title]=Conversation%20Caf%C3%A9%20%40%20Health%20and%20Wellness%20Center&e[0][location]=Health%20and%20Wellness%20Center%20-%20",FAILED,""
"https://urbanafreelibrary.libnet.info/event/16857847","https://addtocalendar.com/atc/google?utz=0&uln=en-US@posix&vjs=1.5&e[0][date_start]=2026-09-03%2017%3A30%3A00&e[0][date_end]=2026-09-03%2018%3A30%3A00&e[0][timezone]=America%2FChicago&e[0][title]=Conversation%20Caf%C3%A9%20%40%20Health%20and%20Wellness%20Center&e[0][location]=Health%20and%20Wellness%20Center%20-%20",FAILED,""
"https://urbanafreelibrary.libnet.info/event/16857847","https://addtocalendar.com/atc/outlook?utz=0&uln=en-US@posix&vjs=1.5&e[0][date_start]=2026-09-03%2017%3A30%3A00&e[0][date_end]=2026-09-03%2018%3A30%3A00&e[0][timezone]=America%2FChicago&e[0][title]=Conversation%20Caf%C3%A9%20%40%20Health%20and%20Wellness%20Center&e[0][location]=Health%20and%20Wellness%20Center%20-%20",FAILED,""
"https://urbanafreelibrary.libnet.info/event/16857847","https://addtocalendar.com/atc/outlookonline?utz=0&uln=en-US@posix&vjs=1.5&e[0][date_start]=2026-09-03%2017%3A30%3A00&e[0][date_end]=2026-09-03%2018%3A30%3A00&e[0][timezone]=America%2FChicago&e[0][title]=Conversation%20Caf%C3%A9%20%40%20Health%20and%20Wellness%20Center&e[0][location]=Health%20and%20Wellness%20Center%20-%20",FAILED,""
"https://urbanafreelibrary.libnet.info/event/16857847","https://addtocalendar.com/atc/yahoo?utz=0&uln=en-US@posix&vjs=1.5&e[0][date_start]=2026-09-03%2017%3A30%3A00&e[0][date_end]=2026-09-03%2018%3A30%3A00&e[0][timezone]=America%2FChicago&e[0][title]=Conversation%20Caf%C3%A9%20%40%20Health%20and%20Wellness%20Center&e[0][location]=Health%20and%20Wellness%20Center%20-%20",FAILED,""
"https://urbanafreelibrary.libnet.info/event/3300161","https://addtocalendar.com/atc/ical?utz=0&uln=en-US@posix&vjs=1.5&e[0][date_start]=2026-09-06%2000%3A00%3A00&e[0][date_end]=2026-09-06%2023%3A59%3A00&e[0][timezone]=America%2FChicago&e[0][title]=Labor%20Day&e[0][location]=The%20Urbana%20Free%20Library%20-%20",FAILED,""
"https://urbanafreelibrary.libnet.info/event/3300161","https://addtocalendar.com/atc/google?utz=0&uln=en-US@posix&vjs=1.5&e[0][date_start]=2026-09-06%2000%3A00%3A00&e[0][date_end]=2026-09-06%2023%3A59%3A00&e[0][timezone]=America%2FChicago&e[0][title]=Labor%20Day&e[0][location]=The%20Urbana%20Free%20Library%20-%20",FAILED,""
"https://urbanafreelibrary.libnet.info/event/3300161","https://addtocalendar.com/atc/outlook?utz=0&uln=en-US@posix&vjs=1.5&e[0][date_start]=2026-09-06%2000%3A00%3A00&e[0][date_end]=2026-09-06%2023%3A59%3A00&e[0][timezone]=America%2FChicago&e[0][title]=Labor%20Day&e[0][location]=The%20Urbana%20Free%20Library%20-%20",FAILED,""
"https://urbanafreelibrary.libnet.info/event/3300161","https://addtocalendar.com/atc/outlookonline?utz=0&uln=en-US@posix&vjs=1.5&e[0][date_start]=2026-09-06%2000%3A00%3A00&e[0][date_end]=2026-09-06%2023%3A59%3A00&e[0][timezone]=America%2FChicago&e[0][title]=Labor%20Day&e[0][location]=The%20Urbana%20Free%20Library%20-%20",FAILED,""
"https://urbanafreelibrary.libnet.info/event/3300161","https://addtocalendar.com/atc/yahoo?utz=0&uln=en-US@posix&vjs=1.5&e[0][date_start]=2026-09-06%2000%3A00%3A00&e[0][date_end]=2026-09-06%2023%3A59%3A00&e[0][timezone]=America%2FChicago&e[0][title]=Labor%20Day&e[0][location]=The%20Urbana%20Free%20Library%20-%20",FAILED,""
"https://urbanafreelibrary.libnet.info/event/3300162","https://addtocalendar.com/atc/ical?utz=0&uln=en-US@posix&vjs=1.5&e[0][date_start]=2026-09-07%2000%3A00%3A00&e[0][date_end]=2026-09-07%2023%3A59%3A00&e[0][timezone]=America%2FChicago&e[0][title]=Labor%20Day&e[0][location]=The%20Urbana%20Free%20Library%20-%20",FAILED,""
"https://urbanafreelibrary.libnet.info/event/3300162","https://addtocalendar.com/atc/google?utz=0&uln=en-US@posix&vjs=1.5&e[0][date_start]=2026-09-07%2000%3A00%3A00&e[0][date_end]=2026-09-07%2023%3A59%3A00&e[0][timezone]=America%2FChicago&e[0][title]=Labor%20Day&e[0][location]=The%20Urbana%20Free%20Library%20-%20",FAILED,""
"https://urbanafreelibrary.libnet.info/event/3300162","https://addtocalendar.com/atc/outlook?utz=0&uln=en-US@posix&vjs=1.5&e[0][date_start]=2026-09-07%2000%3A00%3A00&e[0][date_end]=2026-09-07%2023%3A59%3A00&e[0][timezone]=America%2FChicago&e[0][title]=Labor%20Day&e[0][location]=The%20Urbana%20Free%20Library%20-%20",FAILED,""
"https://urbanafreelibrary.libnet.info/event/3300162","https://addtocalendar.com/atc/outlookonline?utz=0&uln=en-US@posix&vjs=1.5&e[0][date_start]=2026-09-07%2000%3A00%3A00&e[0][date_end]=2026-09-07%2023%3A59%3A00&e[0][timezone]=America%2FChicago&e[0][title]=Labor%20Day&e[0][location]=The%20Urbana%20Free%20Library%20-%20",FAILED,""
"https://urbanafreelibrary.libnet.info/event/3300162","https://addtocalendar.com/atc/yahoo?utz=0&uln=en-US@posix&vjs=1.5&e[0][date_start]=2026-09-07%2000%3A00%3A00&e[0][date_end]=2026-09-07%2023%3A59%3A00&e[0][timezone]=America%2FChicago&e[0][title]=Labor%20Day&e[0][location]=The%20Urbana%20Free%20Library%20-%20",FAILED,""
"https://urbanafreelibrary.libnet.info/event/13875982","https://addtocalendar.com/atc/ical?utz=0&uln=en-US@posix&vjs=1.5&e[0][date_start]=2026-09-08%2010%3A15%3A00&e[0][date_end]=2026-09-08%2010%3A40%3A00&e[0][timezone]=America%2FChicago&e[0][title]=Books%20and%20Bounces!&e[0][location]=The%20Urbana%20Free%20Library%20-%20The%20Lewis%20Auditorium",FAILED,""
"https://urbanafreelibrary.libnet.info/event/13875982","https://addtocalendar.com/atc/google?utz=0&uln=en-US@posix&vjs=1.5&e[0][date_start]=2026-09-08%2010%3A15%3A00&e[0][date_end]=2026-09-08%2010%3A40%3A00&e[0][timezone]=America%2FChicago&e[0][title]=Books%20and%20Bounces!&e[0][location]=The%20Urbana%20Free%20Library%20-%20The%20Lewis%20Auditorium",FAILED,""
"https://urbanafreelibrary.libnet.info/event/13875982","https://addtocalendar.com/atc/outlook?utz=0&uln=en-US@posix&vjs=1.5&e[0][date_start]=2026-09-08%2010%3A15%3A00&e[0][date_end]=2026-09-08%2010%3A40%3A00&e[0][timezone]=America%2FChicago&e[0][title]=Books%20and%20Bounces!&e[0][location]=The%20Urbana%20Free%20Library%20-%20The%20Lewis%20Auditorium",FAILED,""
"https://urbanafreelibrary.libnet.info/event/13875982","https://addtocalendar.com/atc/outlookonline?utz=0&uln=en-US@posix&vjs=1.5&e[0][date_start]=2026-09-08%2010%3A15%3A00&e[0][date_end]=2026-09-08%2010%3A40%3A00&e[0][timezone]=America%2FChicago&e[0][title]=Books%20and%20Bounces!&e[0][location]=The%20Urbana%20Free%20Library%20-%20The%20Lewis%20Auditorium",FAILED,""
"https://urbanafreelibrary.libnet.info/event/13875982","https://addtocalendar.com/atc/yahoo?utz=0&uln=en-US@posix&vjs=1.5&e[0][date_start]=2026-09-08%2010%3A15%3A00&e[0][date_end]=2026-09-08%2010%3A40%3A00&e[0][timezone]=America%2FChicago&e[0][title]=Books%20and%20Bounces!&e[0][location]=The%20Urbana%20Free%20Library%20-%20The%20Lewis%20Auditorium",FAILED,""
"https://urbanafreelibrary.libnet.info/event/17239275","https://addtocalendar.com/atc/ical?utz=0&uln=en-US@posix&vjs=1.5&e[0][date_start]=2026-09-08%2010%3A45%3A00&e[0][date_end]=2026-09-08%2011%3A45%3A00&e[0][timezone]=America%2FChicago&e[0][title]=Play%20%26amp%3B%20Learn%20With%20Me!%20A%20Paving%20Pathways%20Playgroup&e[0][location]=The%20Urbana%20Free%20Library%20-%20Megan%27s%20Reading%20Room",FAILED,""
"https://urbanafreelibrary.libnet.info/event/17239275","https://addtocalendar.com/atc/google?utz=0&uln=en-US@posix&vjs=1.5&e[0][date_start]=2026-09-08%2010%3A45%3A00&e[0][date_end]=2026-09-08%2011%3A45%3A00&e[0][timezone]=America%2FChicago&e[0][title]=Play%20%26amp%3B%20Learn%20With%20Me!%20A%20Paving%20Pathways%20Playgroup&e[0][location]=The%20Urbana%20Free%20Library%20-%20Megan%27s%20Reading%20Room",FAILED,""
"https://urbanafreelibrary.libnet.info/event/17239275","https://addtocalendar.com/atc/outlook?utz=0&uln=en-US@posix&vjs=1.5&e[0][date_start]=2026-09-08%2010%3A45%3A00&e[0][date_end]=2026-09-08%2011%3A45%3A00&e[0][timezone]=America%2FChicago&e[0][title]=Play%20%26amp%3B%20Learn%20With%20Me!%20A%20Paving%20Pathways%20Playgroup&e[0][location]=The%20Urbana%20Free%20Library%20-%20Megan%27s%20Reading%20Room",FAILED,""
"https://urbanafreelibrary.libnet.info/event/17239275","https://addtocalendar.com/atc/outlookonline?utz=0&uln=en-US@posix&vjs=1.5&e[0][date_start]=2026-09-08%2010%3A45%3A00&e[0][date_end]=2026-09-08%2011%3A45%3A00&e[0][timezone]=America%2FChicago&e[0][title]=Play%20%26amp%3B%20Learn%20With%20Me!%20A%20Paving%20Pathways%20Playgroup&e[0][location]=The%20Urbana%20Free%20Library%20-%20Megan%27s%20Reading%20Room",FAILED,""
"https://urbanafreelibrary.libnet.info/event/17239275","https://addtocalendar.com/atc/yahoo?utz=0&uln=en-US@posix&vjs=1.5&e[0][date_start]=2026-09-08%2010%3A45%3A00&e[0][date_end]=2026-09-08%2011%3A45%3A00&e[0][timezone]=America%2FChicago&e[0][title]=Play%20%26amp%3B%20Learn%20With%20Me!%20A%20Paving%20Pathways%20Playgroup&e[0][location]=The%20Urbana%20Free%20Library%20-%20Megan%27s%20Reading%20Room",FAILED,""
"https://urbanafreelibrary.libnet.info/event/16318090","https://addtocalendar.com/atc/ical?utz=0&uln=en-US@posix&vjs=1.5&e[0][date_start]=2026-09-08%2011%3A00%3A00&e[0][date_end]=2026-09-08%2013%3A00%3A00&e[0][timezone]=America%2FChicago&e[0][title]=Champaign%20County%20Health%20Care%20Consumers%20&e[0][location]=The%20Urbana%20Free%20Library%20-%20",FAILED,""
"https://urbanafreelibrary.libnet.info/event/16318090","https://addtocalendar.com/atc/google?utz=0&uln=en-US@posix&vjs=1.5&e[0][date_start]=2026-09-08%2011%3A00%3A00&e[0][date_end]=2026-09-08%2013%3A00%3A00&e[0][timezone]=America%2FChicago&e[0][title]=Champaign%20County%20Health%20Care%20Consumers%20&e[0][location]=The%20Urbana%20Free%20Library%20-%20",FAILED,""
"https://urbanafreelibrary.libnet.info/event/16318090","https://addtocalendar.com/atc/outlook?utz=0&uln=en-US@posix&vjs=1.5&e[0][date_start]=2026-09-08%2011%3A00%3A00&e[0][date_end]=2026-09-08%2013%3A00%3A00&e[0][timezone]=America%2FChicago&e[0][title]=Champaign%20County%20Health%20Care%20Consumers%20&e[0][location]=The%20Urbana%20Free%20Library%20-%20",FAILED,""
"https://urbanafreelibrary.libnet.info/event/16318090","https://addtocalendar.com/atc/outlookonline?utz=0&uln=en-US@posix&vjs=1.5&e[0][date_start]=2026-09-08%2011%3A00%3A00&e[0][date_end]=2026-09-08%2013%3A00%3A00&e[0][timezone]=America%2FChicago&e[0][title]=Champaign%20County%20Health%20Care%20Consumers%20&e[0][location]=The%20Urbana%20Free%20Library%20-%20",FAILED,""
"https://urbanafreelibrary.libnet.info/event/16318090","https://addtocalendar.com/atc/yahoo?utz=0&uln=en-US@posix&vjs=1.5&e[0][date_start]=2026-09-08%2011%3A00%3A00&e[0][date_end]=2026-09-08%2013%3A00%3A00&e[0][timezone]=America%2FChicago&e[0][title]=Champaign%20County%20Health%20Care%20Consumers%20&e[0][location]=The%20Urbana%20Free%20Library%20-%20",FAILED,""
"https://urbanafreelibrary.libnet.info/event/17265128","https://addtocalendar.com/atc/ical?utz=0&uln=en-US@posix&vjs=1.5&e[0][date_start]=2026-09-08%2015%3A00%3A00&e[0][date_end]=2026-09-08%2017%3A30%3A00&e[0][timezone]=America%2FChicago&e[0][title]=Teen%20Open%20Lab&e[0][location]=The%20Urbana%20Free%20Library%20-%20The%20Lewis%20Auditorium",FAILED,""
"https://urbanafreelibrary.libnet.info/event/17265128","https://addtocalendar.com/atc/google?utz=0&uln=en-US@posix&vjs=1.5&e[0][date_start]=2026-09-08%2015%3A00%3A00&e[0][date_end]=2026-09-08%2017%3A30%3A00&e[0][timezone]=America%2FChicago&e[0][title]=Teen%20Open%20Lab&e[0][location]=The%20Urbana%20Free%20Library%20-%20The%20Lewis%20Auditorium",FAILED,""
"https://urbanafreelibrary.libnet.info/event/17265128","https://addtocalendar.com/atc/outlook?utz=0&uln=en-US@posix&vjs=1.5&e[0][date_start]=2026-09-08%2015%3A00%3A00&e[0][date_end]=2026-09-08%2017%3A30%3A00&e[0][timezone]=America%2FChicago&e[0][title]=Teen%20Open%20Lab&e[0][location]=The%20Urbana%20Free%20Library%20-%20The%20Lewis%20Auditorium",FAILED,""
"https://urbanafreelibrary.libnet.info/event/17265128","https://addtocalendar.com/atc/outlookonline?utz=0&uln=en-US@posix&vjs=1.5&e[0][date_start]=2026-09-08%2015%3A00%3A00&e[0][date_end]=2026-09-08%2017%3A30%3A00&e[0][timezone]=America%2FChicago&e[0][title]=Teen%20Open%20Lab&e[0][location]=The%20Urbana%20Free%20Library%20-%20The%20Lewis%20Auditorium",FAILED,""
"https://urbanafreelibrary.libnet.info/event/17265128","https://addtocalendar.com/atc/yahoo?utz=0&uln=en-US@posix&vjs=1.5&e[0][date_start]=2026-09-08%2015%3A00%3A00&e[0][date_end]=2026-09-08%2017%3A30%3A00&e[0][timezone]=America%2FChicago&e[0][title]=Teen%20Open%20Lab&e[0][location]=The%20Urbana%20Free%20Library%20-%20The%20Lewis%20Auditorium",FAILED,""
"https://urbanafreelibrary.libnet.info/event/16563179","https://addtocalendar.com/atc/ical?utz=0&uln=en-US@posix&vjs=1.5&e[0][date_start]=2026-09-08%2017%3A00%3A00&e[0][date_end]=2026-09-08%2019%3A30%3A00&e[0][timezone]=America%2FChicago&e[0][title]=Stitching%20Circle&e[0][location]=The%20Urbana%20Free%20Library%20-%20MacFarlane-Hood%20Reading%20Room",FAILED,""
"https://urbanafreelibrary.libnet.info/event/16563179","https://addtocalendar.com/atc/google?utz=0&uln=en-US@posix&vjs=1.5&e[0][date_start]=2026-09-08%2017%3A00%3A00&e[0][date_end]=2026-09-08%2019%3A30%3A00&e[0][timezone]=America%2FChicago&e[0][title]=Stitching%20Circle&e[0][location]=The%20Urbana%20Free%20Library%20-%20MacFarlane-Hood%20Reading%20Room",FAILED,""
"https://urbanafreelibrary.libnet.info/event/16563179","https://addtocalendar.com/atc/outlook?utz=0&uln=en-US@posix&vjs=1.5&e[0][date_start]=2026-09-08%2017%3A00%3A00&e[0][date_end]=2026-09-08%2019%3A30%3A00&e[0][timezone]=America%2FChicago&e[0][title]=Stitching%20Circle&e[0][location]=The%20Urbana%20Free%20Library%20-%20MacFarlane-Hood%20Reading%20Room",FAILED,""
"https://urbanafreelibrary.libnet.info/event/16563179","https://addtocalendar.com/atc/outlookonline?utz=0&uln=en-US@posix&vjs=1.5&e[0][date_start]=2026-09-08%2017%3A00%3A00&e[0][date_end]=2026-09-08%2019%3A30%3A00&e[0][timezone]=America%2FChicago&e[0][title]=Stitching%20Circle&e[0][location]=The%20Urbana%20Free%20Library%20-%20MacFarlane-Hood%20Reading%20Room",FAILED,""
"https://urbanafreelibrary.libnet.info/event/16563179","https://addtocalendar.com/atc/yahoo?utz=0&uln=en-US@posix&vjs=1.5&e[0][date_start]=2026-09-08%2017%3A00%3A00&e[0][date_end]=2026-09-08%2019%3A30%3A00&e[0][timezone]=America%2FChicago&e[0][title]=Stitching%20Circle&e[0][location]=The%20Urbana%20Free%20Library%20-%20MacFarlane-Hood%20Reading%20Room",FAILED,""
"https://urbanafreelibrary.libnet.info/event/12816278","https://addtocalendar.com/atc/ical?utz=0&uln=en-US@posix&vjs=1.5&e[0][date_start]=2026-09-08%2019%3A00%3A00&e[0][date_end]=2026-09-08%2021%3A00%3A00&e[0][timezone]=America%2FChicago&e[0][title]=The%20Urbana%20Free%20Library%20Board%20Meeting&e[0][location]=The%20Urbana%20Free%20Library%20-%20The%20Lewis%20Auditorium",FAILED,""
"https://urbanafreelibrary.libnet.info/event/12816278","https://addtocalendar.com/atc/google?utz=0&uln=en-US@posix&vjs=1.5&e[0][date_start]=2026-09-08%2019%3A00%3A00&e[0][date_end]=2026-09-08%2021%3A00%3A00&e[0][timezone]=America%2FChicago&e[0][title]=The%20Urbana%20Free%20Library%20Board%20Meeting&e[0][location]=The%20Urbana%20Free%20Library%20-%20The%20Lewis%20Auditorium",FAILED,""
"https://urbanafreelibrary.libnet.info/event/12816278","https://addtocalendar.com/atc/outlook?utz=0&uln=en-US@posix&vjs=1.5&e[0][date_start]=2026-09-08%2019%3A00%3A00&e[0][date_end]=2026-09-08%2021%3A00%3A00&e[0][timezone]=America%2FChicago&e[0][title]=The%20Urbana%20Free%20Library%20Board%20Meeting&e[0][location]=The%20Urbana%20Free%20Library%20-%20The%20Lewis%20Auditorium",FAILED,""
"https://urbanafreelibrary.libnet.info/event/12816278","https://addtocalendar.com/atc/outlookonline?utz=0&uln=en-US@posix&vjs=1.5&e[0][date_start]=2026-09-08%2019%3A00%3A00&e[0][date_end]=2026-09-08%2021%3A00%3A00&e[0][timezone]=America%2FChicago&e[0][title]=The%20Urbana%20Free%20Library%20Board%20Meeting&e[0][location]=The%20Urbana%20Free%20Library%20-%20The%20Lewis%20Auditorium",FAILED,""
"https://urbanafreelibrary.libnet.info/event/12816278","https://addtocalendar.com/atc/yahoo?utz=0&uln=en-US@posix&vjs=1.5&e[0][date_start]=2026-09-08%2019%3A00%3A00&e[0][date_end]=2026-09-08%2021%3A00%3A00&e[0][timezone]=America%2FChicago&e[0][title]=The%20Urbana%20Free%20Library%20Board%20Meeting&e[0][location]=The%20Urbana%20Free%20Library%20-%20The%20Lewis%20Auditorium",FAILED,""
"https://urbanafreelibrary.libnet.info/event/16209186","https://addtocalendar.com/atc/ical?utz=0&uln=en-US@posix&vjs=1.5&e[0][date_start]=2026-09-08%2019%3A00%3A00&e[0][date_end]=2026-09-08%2020%3A00%3A00&e[0][timezone]=America%2FChicago&e[0][title]=Mapping%20Your%20Family%20History&e[0][location]=Online%20-%20",FAILED,""
"https://urbanafreelibrary.libnet.info/event/16209186","https://addtocalendar.com/atc/google?utz=0&uln=en-US@posix&vjs=1.5&e[0][date_start]=2026-09-08%2019%3A00%3A00&e[0][date_end]=2026-09-08%2020%3A00%3A00&e[0][timezone]=America%2FChicago&e[0][title]=Mapping%20Your%20Family%20History&e[0][location]=Online%20-%20",FAILED,""
"https://urbanafreelibrary.libnet.info/event/16209186","https://addtocalendar.com/atc/outlook?utz=0&uln=en-US@posix&vjs=1.5&e[0][date_start]=2026-09-08%2019%3A00%3A00&e[0][date_end]=2026-09-08%2020%3A00%3A00&e[0][timezone]=America%2FChicago&e[0][title]=Mapping%20Your%20Family%20History&e[0][location]=Online%20-%20",FAILED,""
"https://urbanafreelibrary.libnet.info/event/16209186","https://addtocalendar.com/atc/outlookonline?utz=0&uln=en-US@posix&vjs=1.5&e[0][date_start]=2026-09-08%2019%3A00%3A00&e[0][date_end]=2026-09-08%2020%3A00%3A00&e[0][timezone]=America%2FChicago&e[0][title]=Mapping%20Your%20Family%20History&e[0][location]=Online%20-%20",FAILED,""
"https://urbanafreelibrary.libnet.info/event/16209186","https://addtocalendar.com/atc/yahoo?utz=0&uln=en-US@posix&vjs=1.5&e[0][date_start]=2026-09-08%2019%3A00%3A00&e[0][date_end]=2026-09-08%2020%3A00%3A00&e[0][timezone]=America%2FChicago&e[0][title]=Mapping%20Your%20Family%20History&e[0][location]=Online%20-%20",FAILED,""
"https://urbanafreelibrary.libnet.info/event/16209186","https://www.genealogyjourney.net/about/",FAILED,"Susie Wickman"
"https://urbanafreelibrary.libnet.info/event/17264230","https://addtocalendar.com/atc/ical?utz=0&uln=en-US@posix&vjs=1.5&e[0][date_start]=2026-09-09%2015%3A00%3A00&e[0][date_end]=2026-09-09%2017%3A30%3A00&e[0][timezone]=America%2FChicago&e[0][title]=Teen%20Open%20Lab&e[0][location]=The%20Urbana%20Free%20Library%20-%20The%20Lewis%20Auditorium",FAILED,""
"https://urbanafreelibrary.libnet.info/event/17264230","https://addtocalendar.com/atc/google?utz=0&uln=en-US@posix&vjs=1.5&e[0][date_start]=2026-09-09%2015%3A00%3A00&e[0][date_end]=2026-09-09%2017%3A30%3A00&e[0][timezone]=America%2FChicago&e[0][title]=Teen%20Open%20Lab&e[0][location]=The%20Urbana%20Free%20Library%20-%20The%20Lewis%20Auditorium",FAILED,""
"https://urbanafreelibrary.libnet.info/event/17264230","https://addtocalendar.com/atc/outlook?utz=0&uln=en-US@posix&vjs=1.5&e[0][date_start]=2026-09-09%2015%3A00%3A00&e[0][date_end]=2026-09-09%2017%3A30%3A00&e[0][timezone]=America%2FChicago&e[0][title]=Teen%20Open%20Lab&e[0][location]=The%20Urbana%20Free%20Library%20-%20The%20Lewis%20Auditorium",FAILED,""
"https://urbanafreelibrary.libnet.info/event/17264230","https://addtocalendar.com/atc/outlookonline?utz=0&uln=en-US@posix&vjs=1.5&e[0][date_start]=2026-09-09%2015%3A00%3A00&e[0][date_end]=2026-09-09%2017%3A30%3A00&e[0][timezone]=America%2FChicago&e[0][title]=Teen%20Open%20Lab&e[0][location]=The%20Urbana%20Free%20Library%20-%20The%20Lewis%20Auditorium",FAILED,""
"https://urbanafreelibrary.libnet.info/event/17264230","https://addtocalendar.com/atc/yahoo?utz=0&uln=en-US@posix&vjs=1.5&e[0][date_start]=2026-09-09%2015%3A00%3A00&e[0][date_end]=2026-09-09%2017%3A30%3A00&e[0][timezone]=America%2FChicago&e[0][title]=Teen%20Open%20Lab&e[0][location]=The%20Urbana%20Free%20Library%20-%20The%20Lewis%20Auditorium",FAILED,""
"https://urbanafreelibrary.libnet.info/event/13875994","https://addtocalendar.com/atc/ical?utz=0&uln=en-US@posix&vjs=1.5&e[0][date_start]=2026-09-10%2010%3A15%3A00&e[0][date_end]=2026-09-10%2010%3A45%3A00&e[0][timezone]=America%2FChicago&e[0][title]=Crafty%20Tales&e[0][location]=The%20Urbana%20Free%20Library%20-%20The%20Lewis%20Auditorium",FAILED,""
"https://urbanafreelibrary.libnet.info/event/13875994","https://addtocalendar.com/atc/google?utz=0&uln=en-US@posix&vjs=1.5&e[0][date_start]=2026-09-10%2010%3A15%3A00&e[0][date_end]=2026-09-10%2010%3A45%3A00&e[0][timezone]=America%2FChicago&e[0][title]=Crafty%20Tales&e[0][location]=The%20Urbana%20Free%20Library%20-%20The%20Lewis%20Auditorium",FAILED,""
"https://urbanafreelibrary.libnet.info/event/13875994","https://addtocalendar.com/atc/outlook?utz=0&uln=en-US@posix&vjs=1.5&e[0][date_start]=2026-09-10%2010%3A15%3A00&e[0][date_end]=2026-09-10%2010%3A45%3A00&e[0][timezone]=America%2FChicago&e[0][title]=Crafty%20Tales&e[0][location]=The%20Urbana%20Free%20Library%20-%20The%20Lewis%20Auditorium",FAILED,""
"https://urbanafreelibrary.libnet.info/event/13875994","https://addtocalendar.com/atc/outlookonline?utz=0&uln=en-US@posix&vjs=1.5&e[0][date_start]=2026-09-10%2010%3A15%3A00&e[0][date_end]=2026-09-10%2010%3A45%3A00&e[0][timezone]=America%2FChicago&e[0][title]=Crafty%20Tales&e[0][location]=The%20Urbana%20Free%20Library%20-%20The%20Lewis%20Auditorium",FAILED,""
"https://urbanafreelibrary.libnet.info/event/13875994","https://addtocalendar.com/atc/yahoo?utz=0&uln=en-US@posix&vjs=1.5&e[0][date_start]=2026-09-10%2010%3A15%3A00&e[0][date_end]=2026-09-10%2010%3A45%3A00&e[0][timezone]=America%2FChicago&e[0][title]=Crafty%20Tales&e[0][location]=The%20Urbana%20Free%20Library%20-%20The%20Lewis%20Auditorium",FAILED,""
"https://urbanafreelibrary.libnet.info/event/17318382","https://addtocalendar.com/atc/ical?utz=0&uln=en-US@posix&vjs=1.5&e[0][date_start]=2026-09-10%2015%3A00%3A00&e[0][date_end]=2026-09-10%2016%3A30%3A00&e[0][timezone]=America%2FChicago&e[0][title]=Teen%20Open%20Lab&e[0][location]=The%20Urbana%20Free%20Library%20-%20The%20Lewis%20Auditorium",FAILED,""
"https://urbanafreelibrary.libnet.info/event/17318382","https://addtocalendar.com/atc/google?utz=0&uln=en-US@posix&vjs=1.5&e[0][date_start]=2026-09-10%2015%3A00%3A00&e[0][date_end]=2026-09-10%2016%3A30%3A00&e[0][timezone]=America%2FChicago&e[0][title]=Teen%20Open%20Lab&e[0][location]=The%20Urbana%20Free%20Library%20-%20The%20Lewis%20Auditorium",FAILED,""
"https://urbanafreelibrary.libnet.info/event/17318382","https://addtocalendar.com/atc/outlook?utz=0&uln=en-US@posix&vjs=1.5&e[0][date_start]=2026-09-10%2015%3A00%3A00&e[0][date_end]=2026-09-10%2016%3A30%3A00&e[0][timezone]=America%2FChicago&e[0][title]=Teen%20Open%20Lab&e[0][location]=The%20Urbana%20Free%20Library%20-%20The%20Lewis%20Auditorium",FAILED,""
"https://urbanafreelibrary.libnet.info/event/17318382","https://addtocalendar.com/atc/outlookonline?utz=0&uln=en-US@posix&vjs=1.5&e[0][date_start]=2026-09-10%2015%3A00%3A00&e[0][date_end]=2026-09-10%2016%3A30%3A00&e[0][timezone]=America%2FChicago&e[0][title]=Teen%20Open%20Lab&e[0][location]=The%20Urbana%20Free%20Library%20-%20The%20Lewis%20Auditorium",FAILED,""
"https://urbanafreelibrary.libnet.info/event/17318382","https://addtocalendar.com/atc/yahoo?utz=0&uln=en-US@posix&vjs=1.5&e[0][date_start]=2026-09-10%2015%3A00%3A00&e[0][date_end]=2026-09-10%2016%3A30%3A00&e[0][timezone]=America%2FChicago&e[0][title]=Teen%20Open%20Lab&e[0][location]=The%20Urbana%20Free%20Library%20-%20The%20Lewis%20Auditorium",FAILED,""
"https://urbanafreelibrary.libnet.info/event/16897101","https://addtocalendar.com/atc/ical?utz=0&uln=en-US@posix&vjs=1.5&e[0][date_start]=2026-09-11%2016%3A00%3A00&e[0][date_end]=2026-09-11%2017%3A00%3A00&e[0][timezone]=America%2FChicago&e[0][title]=Write%20On!&e[0][location]=The%20Urbana%20Free%20Library%20-%20The%20Lewis%20Auditorium",FAILED,""
"https://urbanafreelibrary.libnet.info/event/16897101","https://addtocalendar.com/atc/google?utz=0&uln=en-US@posix&vjs=1.5&e[0][date_start]=2026-09-11%2016%3A00%3A00&e[0][date_end]=2026-09-11%2017%3A00%3A00&e[0][timezone]=America%2FChicago&e[0][title]=Write%20On!&e[0][location]=The%20Urbana%20Free%20Library%20-%20The%20Lewis%20Auditorium",FAILED,""
"https://urbanafreelibrary.libnet.info/event/16897101","https://addtocalendar.com/atc/outlook?utz=0&uln=en-US@posix&vjs=1.5&e[0][date_start]=2026-09-11%2016%3A00%3A00&e[0][date_end]=2026-09-11%2017%3A00%3A00&e[0][timezone]=America%2FChicago&e[0][title]=Write%20On!&e[0][location]=The%20Urbana%20Free%20Library%20-%20The%20Lewis%20Auditorium",FAILED,""
"https://urbanafreelibrary.libnet.info/event/16897101","https://addtocalendar.com/atc/outlookonline?utz=0&uln=en-US@posix&vjs=1.5&e[0][date_start]=2026-09-11%2016%3A00%3A00&e[0][date_end]=2026-09-11%2017%3A00%3A00&e[0][timezone]=America%2FChicago&e[0][title]=Write%20On!&e[0][location]=The%20Urbana%20Free%20Library%20-%20The%20Lewis%20Auditorium",FAILED,""
"https://urbanafreelibrary.libnet.info/event/16897101","https://addtocalendar.com/atc/yahoo?utz=0&uln=en-US@posix&vjs=1.5&e[0][date_start]=2026-09-11%2016%3A00%3A00&e[0][date_end]=2026-09-11%2017%3A00%3A00&e[0][timezone]=America%2FChicago&e[0][title]=Write%20On!&e[0][location]=The%20Urbana%20Free%20Library%20-%20The%20Lewis%20Auditorium",FAILED,""
"https://urbanafreelibrary.libnet.info/event/16857851","https://addtocalendar.com/atc/ical?utz=0&uln=en-US@posix&vjs=1.5&e[0][date_start]=2026-09-12%2011%3A00%3A00&e[0][date_end]=2026-09-12%2012%3A00%3A00&e[0][timezone]=America%2FChicago&e[0][title]=Conversation%20Caf%C3%A9&e[0][location]=The%20Urbana%20Free%20Library%20-%20Busey-Mills%20Reading%20Room%2C%20Library%20Gallery",FAILED,""
"https://urbanafreelibrary.libnet.info/event/16857851","https://addtocalendar.com/atc/google?utz=0&uln=en-US@posix&vjs=1.5&e[0][date_start]=2026-09-12%2011%3A00%3A00&e[0][date_end]=2026-09-12%2012%3A00%3A00&e[0][timezone]=America%2FChicago&e[0][title]=Conversation%20Caf%C3%A9&e[0][location]=The%20Urbana%20Free%20Library%20-%20Busey-Mills%20Reading%20Room%2C%20Library%20Gallery",FAILED,""
"https://urbanafreelibrary.libnet.info/event/16857851","https://addtocalendar.com/atc/outlook?utz=0&uln=en-US@posix&vjs=1.5&e[0][date_start]=2026-09-12%2011%3A00%3A00&e[0][date_end]=2026-09-12%2012%3A00%3A00&e[0][timezone]=America%2FChicago&e[0][title]=Conversation%20Caf%C3%A9&e[0][location]=The%20Urbana%20Free%20Library%20-%20Busey-Mills%20Reading%20Room%2C%20Library%20Gallery",FAILED,""
"https://urbanafreelibrary.libnet.info/event/16857851","https://addtocalendar.com/atc/outlookonline?utz=0&uln=en-US@posix&vjs=1.5&e[0][date_start]=2026-09-12%2011%3A00%3A00&e[0][date_end]=2026-09-12%2012%3A00%3A00&e[0][timezone]=America%2FChicago&e[0][title]=Conversation%20Caf%C3%A9&e[0][location]=The%20Urbana%20Free%20Library%20-%20Busey-Mills%20Reading%20Room%2C%20Library%20Gallery",FAILED,""
"https://urbanafreelibrary.libnet.info/event/16857851","https://addtocalendar.com/atc/yahoo?utz=0&uln=en-US@posix&vjs=1.5&e[0][date_start]=2026-09-12%2011%3A00%3A00&e[0][date_end]=2026-09-12%2012%3A00%3A00&e[0][timezone]=America%2FChicago&e[0][title]=Conversation%20Caf%C3%A9&e[0][location]=The%20Urbana%20Free%20Library%20-%20Busey-Mills%20Reading%20Room%2C%20Library%20Gallery",FAILED,""
"https://urbanafreelibrary.libnet.info/event/15954255","https://addtocalendar.com/atc/ical?utz=0&uln=en-US@posix&vjs=1.5&e[0][date_start]=2026-09-12%2014%3A00%3A00&e[0][date_end]=2026-09-12%2015%3A00%3A00&e[0][timezone]=America%2FChicago&e[0][title]=Latin%20American%20Story%20Time&e[0][location]=The%20Urbana%20Free%20Library%20-%20The%20Lewis%20Auditorium",FAILED,""
"https://urbanafreelibrary.libnet.info/event/15954255","https://addtocalendar.com/atc/google?utz=0&uln=en-US@posix&vjs=1.5&e[0][date_start]=2026-09-12%2014%3A00%3A00&e[0][date_end]=2026-09-12%2015%3A00%3A00&e[0][timezone]=America%2FChicago&e[0][title]=Latin%20American%20Story%20Time&e[0][location]=The%20Urbana%20Free%20Library%20-%20The%20Lewis%20Auditorium",FAILED,""
"https://urbanafreelibrary.libnet.info/event/15954255","https://addtocalendar.com/atc/outlook?utz=0&uln=en-US@posix&vjs=1.5&e[0][date_start]=2026-09-12%2014%3A00%3A00&e[0][date_end]=2026-09-12%2015%3A00%3A00&e[0][timezone]=America%2FChicago&e[0][title]=Latin%20American%20Story%20Time&e[0][location]=The%20Urbana%20Free%20Library%20-%20The%20Lewis%20Auditorium",FAILED,""
"https://urbanafreelibrary.libnet.info/event/15954255","https://addtocalendar.com/atc/outlookonline?utz=0&uln=en-US@posix&vjs=1.5&e[0][date_start]=2026-09-12%2014%3A00%3A00&e[0][date_end]=2026-09-12%2015%3A00%3A00&e[0][timezone]=America%2FChicago&e[0][title]=Latin%20American%20Story%20Time&e[0][location]=The%20Urbana%20Free%20Library%20-%20The%20Lewis%20Auditorium",FAILED,""
"https://urbanafreelibrary.libnet.info/event/15954255","https://addtocalendar.com/atc/yahoo?utz=0&uln=en-US@posix&vjs=1.5&e[0][date_start]=2026-09-12%2014%3A00%3A00&e[0][date_end]=2026-09-12%2015%3A00%3A00&e[0][timezone]=America%2FChicago&e[0][title]=Latin%20American%20Story%20Time&e[0][location]=The%20Urbana%20Free%20Library%20-%20The%20Lewis%20Auditorium",FAILED,""
"https://urbanafreelibrary.libnet.info/event/17233802","https://addtocalendar.com/atc/ical?utz=0&uln=en-US@posix&vjs=1.5&e[0][date_start]=2026-09-13%2014%3A00%3A00&e[0][date_end]=2026-09-13%2016%3A30%3A00&e[0][timezone]=America%2FChicago&e[0][title]=Global%20CU%3A%20Neighbors%20Connecting%20Through%20Cultures%20and%20Stories&e[0][location]=The%20Urbana%20Free%20Library%20-%20Busey-Mills%20Reading%20Room%2C%20Library%20Gallery%2C%20MacFarlane-Hood%20Reading%20Room",FAILED,""
"https://urbanafreelibrary.libnet.info/event/17233802","https://addtocalendar.com/atc/google?utz=0&uln=en-US@posix&vjs=1.5&e[0][date_start]=2026-09-13%2014%3A00%3A00&e[0][date_end]=2026-09-13%2016%3A30%3A00&e[0][timezone]=America%2FChicago&e[0][title]=Global%20CU%3A%20Neighbors%20Connecting%20Through%20Cultures%20and%20Stories&e[0][location]=The%20Urbana%20Free%20Library%20-%20Busey-Mills%20Reading%20Room%2C%20Library%20Gallery%2C%20MacFarlane-Hood%20Reading%20Room",FAILED,""
"https://urbanafreelibrary.libnet.info/event/17233802","https://addtocalendar.com/atc/outlook?utz=0&uln=en-US@posix&vjs=1.5&e[0][date_start]=2026-09-13%2014%3A00%3A00&e[0][date_end]=2026-09-13%2016%3A30%3A00&e[0][timezone]=America%2FChicago&e[0][title]=Global%20CU%3A%20Neighbors%20Connecting%20Through%20Cultures%20and%20Stories&e[0][location]=The%20Urbana%20Free%20Library%20-%20Busey-Mills%20Reading%20Room%2C%20Library%20Gallery%2C%20MacFarlane-Hood%20Reading%20Room",FAILED,""
"https://urbanafreelibrary.libnet.info/event/17233802","https://addtocalendar.com/atc/outlookonline?utz=0&uln=en-US@posix&vjs=1.5&e[0][date_start]=2026-09-13%2014%3A00%3A00&e[0][date_end]=2026-09-13%2016%3A30%3A00&e[0][timezone]=America%2FChicago&e[0][title]=Global%20CU%3A%20Neighbors%20Connecting%20Through%20Cultures%20and%20Stories&e[0][location]=The%20Urbana%20Free%20Library%20-%20Busey-Mills%20Reading%20Room%2C%20Library%20Gallery%2C%20MacFarlane-Hood%20Reading%20Room",FAILED,""
"https://urbanafreelibrary.libnet.info/event/17233802","https://addtocalendar.com/atc/yahoo?utz=0&uln=en-US@posix&vjs=1.5&e[0][date_start]=2026-09-13%2014%3A00%3A00&e[0][date_end]=2026-09-13%2016%3A30%3A00&e[0][timezone]=America%2FChicago&e[0][title]=Global%20CU%3A%20Neighbors%20Connecting%20Through%20Cultures%20and%20Stories&e[0][location]=The%20Urbana%20Free%20Library%20-%20Busey-Mills%20Reading%20Room%2C%20Library%20Gallery%2C%20MacFarlane-Hood%20Reading%20Room",FAILED,""
"https://urbanafreelibrary.libnet.info/event/16868704","https://addtocalendar.com/atc/ical?utz=0&uln=en-US@posix&vjs=1.5&e[0][date_start]=2026-09-13%2014%3A00%3A00&e[0][date_end]=2026-09-13%2015%3A00%3A00&e[0][timezone]=America%2FChicago&e[0][title]=Writer%27s%20Workshop&e[0][location]=The%20Urbana%20Free%20Library%20-%20The%20Lewis%20Auditorium",FAILED,""
"https://urbanafreelibrary.libnet.info/event/16868704","https://addtocalendar.com/atc/google?utz=0&uln=en-US@posix&vjs=1.5&e[0][date_start]=2026-09-13%2014%3A00%3A00&e[0][date_end]=2026-09-13%2015%3A00%3A00&e[0][timezone]=America%2FChicago&e[0][title]=Writer%27s%20Workshop&e[0][location]=The%20Urbana%20Free%20Library%20-%20The%20Lewis%20Auditorium",FAILED,""
"https://urbanafreelibrary.libnet.info/event/16868704","https://addtocalendar.com/atc/outlook?utz=0&uln=en-US@posix&vjs=1.5&e[0][date_start]=2026-09-13%2014%3A00%3A00&e[0][date_end]=2026-09-13%2015%3A00%3A00&e[0][timezone]=America%2FChicago&e[0][title]=Writer%27s%20Workshop&e[0][location]=The%20Urbana%20Free%20Library%20-%20The%20Lewis%20Auditorium",FAILED,""
"https://urbanafreelibrary.libnet.info/event/16868704","https://addtocalendar.com/atc/outlookonline?utz=0&uln=en-US@posix&vjs=1.5&e[0][date_start]=2026-09-13%2014%3A00%3A00&e[0][date_end]=2026-09-13%2015%3A00%3A00&e[0][timezone]=America%2FChicago&e[0][title]=Writer%27s%20Workshop&e[0][location]=The%20Urbana%20Free%20Library%20-%20The%20Lewis%20Auditorium",FAILED,""
"https://urbanafreelibrary.libnet.info/event/16868704","https://addtocalendar.com/atc/yahoo?utz=0&uln=en-US@posix&vjs=1.5&e[0][date_start]=2026-09-13%2014%3A00%3A00&e[0][date_end]=2026-09-13%2015%3A00%3A00&e[0][timezone]=America%2FChicago&e[0][title]=Writer%27s%20Workshop&e[0][location]=The%20Urbana%20Free%20Library%20-%20The%20Lewis%20Auditorium",FAILED,""
"https://urbanafreelibrary.libnet.info/event/16868561","https://addtocalendar.com/atc/ical?utz=0&uln=en-US@posix&vjs=1.5&e[0][date_start]=2026-09-13%2015%3A00%3A00&e[0][date_end]=2026-09-13%2017%3A00%3A00&e[0][timezone]=America%2FChicago&e[0][title]=Writer%27s%20Critique%20Session&e[0][location]=The%20Urbana%20Free%20Library%20-%20The%20Satterthwaite%20Conference%20Room",FAILED,""
"https://urbanafreelibrary.libnet.info/event/16868561","https://addtocalendar.com/atc/google?utz=0&uln=en-US@posix&vjs=1.5&e[0][date_start]=2026-09-13%2015%3A00%3A00&e[0][date_end]=2026-09-13%2017%3A00%3A00&e[0][timezone]=America%2FChicago&e[0][title]=Writer%27s%20Critique%20Session&e[0][location]=The%20Urbana%20Free%20Library%20-%20The%20Satterthwaite%20Conference%20Room",FAILED,""
"https://urbanafreelibrary.libnet.info/event/16868561","https://addtocalendar.com/atc/outlook?utz=0&uln=en-US@posix&vjs=1.5&e[0][date_start]=2026-09-13%2015%3A00%3A00&e[0][date_end]=2026-09-13%2017%3A00%3A00&e[0][timezone]=America%2FChicago&e[0][title]=Writer%27s%20Critique%20Session&e[0][location]=The%20Urbana%20Free%20Library%20-%20The%20Satterthwaite%20Conference%20Room",FAILED,""
"https://urbanafreelibrary.libnet.info/event/16868561","https://addtocalendar.com/atc/outlookonline?utz=0&uln=en-US@posix&vjs=1.5&e[0][date_start]=2026-09-13%2015%3A00%3A00&e[0][date_end]=2026-09-13%2017%3A00%3A00&e[0][timezone]=America%2FChicago&e[0][title]=Writer%27s%20Critique%20Session&e[0][location]=The%20Urbana%20Free%20Library%20-%20The%20Satterthwaite%20Conference%20Room",FAILED,""
"https://urbanafreelibrary.libnet.info/event/16868561","https://addtocalendar.com/atc/yahoo?utz=0&uln=en-US@posix&vjs=1.5&e[0][date_start]=2026-09-13%2015%3A00%3A00&e[0][date_end]=2026-09-13%2017%3A00%3A00&e[0][timezone]=America%2FChicago&e[0][title]=Writer%27s%20Critique%20Session&e[0][location]=The%20Urbana%20Free%20Library%20-%20The%20Satterthwaite%20Conference%20Room",FAILED,""
"https://urbanafreelibrary.libnet.info/event/16603827","https://addtocalendar.com/atc/ical?utz=0&uln=en-US@posix&vjs=1.5&e[0][date_start]=2026-09-14%2010%3A00%3A00&e[0][date_end]=2026-09-14%2012%3A00%3A00&e[0][timezone]=America%2FChicago&e[0][title]=Project%20Read&e[0][location]=The%20Urbana%20Free%20Library%20-%20The%20Lewis%20Auditorium",FAILED,""
"https://urbanafreelibrary.libnet.info/event/16603827","https://addtocalendar.com/atc/google?utz=0&uln=en-US@posix&vjs=1.5&e[0][date_start]=2026-09-14%2010%3A00%3A00&e[0][date_end]=2026-09-14%2012%3A00%3A00&e[0][timezone]=America%2FChicago&e[0][title]=Project%20Read&e[0][location]=The%20Urbana%20Free%20Library%20-%20The%20Lewis%20Auditorium",FAILED,""
"https://urbanafreelibrary.libnet.info/event/16603827","https://addtocalendar.com/atc/outlook?utz=0&uln=en-US@posix&vjs=1.5&e[0][date_start]=2026-09-14%2010%3A00%3A00&e[0][date_end]=2026-09-14%2012%3A00%3A00&e[0][timezone]=America%2FChicago&e[0][title]=Project%20Read&e[0][location]=The%20Urbana%20Free%20Library%20-%20The%20Lewis%20Auditorium",FAILED,""
"https://urbanafreelibrary.libnet.info/event/16603827","https://addtocalendar.com/atc/outlookonline?utz=0&uln=en-US@posix&vjs=1.5&e[0][date_start]=2026-09-14%2010%3A00%3A00&e[0][date_end]=2026-09-14%2012%3A00%3A00&e[0][timezone]=America%2FChicago&e[0][title]=Project%20Read&e[0][location]=The%20Urbana%20Free%20Library%20-%20The%20Lewis%20Auditorium",FAILED,""
"https://urbanafreelibrary.libnet.info/event/16603827","https://addtocalendar.com/atc/yahoo?utz=0&uln=en-US@posix&vjs=1.5&e[0][date_start]=2026-09-14%2010%3A00%3A00&e[0][date_end]=2026-09-14%2012%3A00%3A00&e[0][timezone]=America%2FChicago&e[0][title]=Project%20Read&e[0][location]=The%20Urbana%20Free%20Library%20-%20The%20Lewis%20Auditorium",FAILED,""
"https://urbanafreelibrary.libnet.info/event/15345003","https://addtocalendar.com/atc/ical?utz=0&uln=en-US@posix&vjs=1.5&e[0][date_start]=2026-09-14%2013%3A00%3A00&e[0][date_end]=2026-09-14%2016%3A30%3A00&e[0][timezone]=America%2FChicago&e[0][title]=Senior%20Movies%20and%20Sharing%20&e[0][location]=The%20Urbana%20Free%20Library%20-%20The%20Lewis%20Auditorium",FAILED,""
"https://urbanafreelibrary.libnet.info/event/15345003","https://addtocalendar.com/atc/google?utz=0&uln=en-US@posix&vjs=1.5&e[0][date_start]=2026-09-14%2013%3A00%3A00&e[0][date_end]=2026-09-14%2016%3A30%3A00&e[0][timezone]=America%2FChicago&e[0][title]=Senior%20Movies%20and%20Sharing%20&e[0][location]=The%20Urbana%20Free%20Library%20-%20The%20Lewis%20Auditorium",FAILED,""
"https://urbanafreelibrary.libnet.info/event/15345003","https://addtocalendar.com/atc/outlook?utz=0&uln=en-US@posix&vjs=1.5&e[0][date_start]=2026-09-14%2013%3A00%3A00&e[0][date_end]=2026-09-14%2016%3A30%3A00&e[0][timezone]=America%2FChicago&e[0][title]=Senior%20Movies%20and%20Sharing%20&e[0][location]=The%20Urbana%20Free%20Library%20-%20The%20Lewis%20Auditorium",FAILED,""
"https://urbanafreelibrary.libnet.info/event/15345003","https://addtocalendar.com/atc/outlookonline?utz=0&uln=en-US@posix&vjs=1.5&e[0][date_start]=2026-09-14%2013%3A00%3A00&e[0][date_end]=2026-09-14%2016%3A30%3A00&e[0][timezone]=America%2FChicago&e[0][title]=Senior%20Movies%20and%20Sharing%20&e[0][location]=The%20Urbana%20Free%20Library%20-%20The%20Lewis%20Auditorium",FAILED,""
"https://urbanafreelibrary.libnet.info/event/15345003","https://addtocalendar.com/atc/yahoo?utz=0&uln=en-US@posix&vjs=1.5&e[0][date_start]=2026-09-14%2013%3A00%3A00&e[0][date_end]=2026-09-14%2016%3A30%3A00&e[0][timezone]=America%2FChicago&e[0][title]=Senior%20Movies%20and%20Sharing%20&e[0][location]=The%20Urbana%20Free%20Library%20-%20The%20Lewis%20Auditorium",FAILED,""
"https://urbanafreelibrary.libnet.info/event/16484163","https://addtocalendar.com/atc/ical?utz=0&uln=en-US@posix&vjs=1.5&e[0][date_start]=2026-09-14%2018%3A00%3A00&e[0][date_end]=2026-09-14%2019%3A30%3A00&e[0][timezone]=America%2FChicago&e[0][title]=Paint%20your%20Person&e[0][location]=The%20Urbana%20Free%20Library%20-%20The%20Lewis%20Auditorium",FAILED,""
"https://urbanafreelibrary.libnet.info/event/16484163","https://addtocalendar.com/atc/google?utz=0&uln=en-US@posix&vjs=1.5&e[0][date_start]=2026-09-14%2018%3A00%3A00&e[0][date_end]=2026-09-14%2019%3A30%3A00&e[0][timezone]=America%2FChicago&e[0][title]=Paint%20your%20Person&e[0][location]=The%20Urbana%20Free%20Library%20-%20The%20Lewis%20Auditorium",FAILED,""
"https://urbanafreelibrary.libnet.info/event/16484163","https://addtocalendar.com/atc/outlook?utz=0&uln=en-US@posix&vjs=1.5&e[0][date_start]=2026-09-14%2018%3A00%3A00&e[0][date_end]=2026-09-14%2019%3A30%3A00&e[0][timezone]=America%2FChicago&e[0][title]=Paint%20your%20Person&e[0][location]=The%20Urbana%20Free%20Library%20-%20The%20Lewis%20Auditorium",FAILED,""
"https://urbanafreelibrary.libnet.info/event/16484163","https://addtocalendar.com/atc/outlookonline?utz=0&uln=en-US@posix&vjs=1.5&e[0][date_start]=2026-09-14%2018%3A00%3A00&e[0][date_end]=2026-09-14%2019%3A30%3A00&e[0][timezone]=America%2FChicago&e[0][title]=Paint%20your%20Person&e[0][location]=The%20Urbana%20Free%20Library%20-%20The%20Lewis%20Auditorium",FAILED,""
"https://urbanafreelibrary.libnet.info/event/16484163","https://addtocalendar.com/atc/yahoo?utz=0&uln=en-US@posix&vjs=1.5&e[0][date_start]=2026-09-14%2018%3A00%3A00&e[0][date_end]=2026-09-14%2019%3A30%3A00&e[0][timezone]=America%2FChicago&e[0][title]=Paint%20your%20Person&e[0][location]=The%20Urbana%20Free%20Library%20-%20The%20Lewis%20Auditorium",FAILED,""
"https://urbanafreelibrary.libnet.info/event/13875983","https://addtocalendar.com/atc/ical?utz=0&uln=en-US@posix&vjs=1.5&e[0][date_start]=2026-09-15%2010%3A15%3A00&e[0][date_end]=2026-09-15%2010%3A40%3A00&e[0][timezone]=America%2FChicago&e[0][title]=Books%20and%20Bounces!&e[0][location]=The%20Urbana%20Free%20Library%20-%20The%20Lewis%20Auditorium",FAILED,""
"https://urbanafreelibrary.libnet.info/event/13875983","https://addtocalendar.com/atc/google?utz=0&uln=en-US@posix&vjs=1.5&e[0][date_start]=2026-09-15%2010%3A15%3A00&e[0][date_end]=2026-09-15%2010%3A40%3A00&e[0][timezone]=America%2FChicago&e[0][title]=Books%20and%20Bounces!&e[0][location]=The%20Urbana%20Free%20Library%20-%20The%20Lewis%20Auditorium",FAILED,""
"https://urbanafreelibrary.libnet.info/event/13875983","https://addtocalendar.com/atc/outlook?utz=0&uln=en-US@posix&vjs=1.5&e[0][date_start]=2026-09-15%2010%3A15%3A00&e[0][date_end]=2026-09-15%2010%3A40%3A00&e[0][timezone]=America%2FChicago&e[0][title]=Books%20and%20Bounces!&e[0][location]=The%20Urbana%20Free%20Library%20-%20The%20Lewis%20Auditorium",FAILED,""
"https://urbanafreelibrary.libnet.info/event/13875983","https://addtocalendar.com/atc/outlookonline?utz=0&uln=en-US@posix&vjs=1.5&e[0][date_start]=2026-09-15%2010%3A15%3A00&e[0][date_end]=2026-09-15%2010%3A40%3A00&e[0][timezone]=America%2FChicago&e[0][title]=Books%20and%20Bounces!&e[0][location]=The%20Urbana%20Free%20Library%20-%20The%20Lewis%20Auditorium",FAILED,""
"https://urbanafreelibrary.libnet.info/event/13875983","https://addtocalendar.com/atc/yahoo?utz=0&uln=en-US@posix&vjs=1.5&e[0][date_start]=2026-09-15%2010%3A15%3A00&e[0][date_end]=2026-09-15%2010%3A40%3A00&e[0][timezone]=America%2FChicago&e[0][title]=Books%20and%20Bounces!&e[0][location]=The%20Urbana%20Free%20Library%20-%20The%20Lewis%20Auditorium",FAILED,""
"https://urbanafreelibrary.libnet.info/event/17239276","https://addtocalendar.com/atc/ical?utz=0&uln=en-US@posix&vjs=1.5&e[0][date_start]=2026-09-15%2010%3A45%3A00&e[0][date_end]=2026-09-15%2011%3A45%3A00&e[0][timezone]=America%2FChicago&e[0][title]=Play%20%26amp%3B%20Learn%20With%20Me!%20A%20Paving%20Pathways%20Playgroup&e[0][location]=The%20Urbana%20Free%20Library%20-%20Megan%27s%20Reading%20Room",FAILED,""
"https://urbanafreelibrary.libnet.info/event/17239276","https://addtocalendar.com/atc/google?utz=0&uln=en-US@posix&vjs=1.5&e[0][date_start]=2026-09-15%2010%3A45%3A00&e[0][date_end]=2026-09-15%2011%3A45%3A00&e[0][timezone]=America%2FChicago&e[0][title]=Play%20%26amp%3B%20Learn%20With%20Me!%20A%20Paving%20Pathways%20Playgroup&e[0][location]=The%20Urbana%20Free%20Library%20-%20Megan%27s%20Reading%20Room",FAILED,""
"https://urbanafreelibrary.libnet.info/event/17239276","https://addtocalendar.com/atc/outlook?utz=0&uln=en-US@posix&vjs=1.5&e[0][date_start]=2026-09-15%2010%3A45%3A00&e[0][date_end]=2026-09-15%2011%3A45%3A00&e[0][timezone]=America%2FChicago&e[0][title]=Play%20%26amp%3B%20Learn%20With%20Me!%20A%20Paving%20Pathways%20Playgroup&e[0][location]=The%20Urbana%20Free%20Library%20-%20Megan%27s%20Reading%20Room",FAILED,""
"https://urbanafreelibrary.libnet.info/event/17239276","https://addtocalendar.com/atc/outlookonline?utz=0&uln=en-US@posix&vjs=1.5&e[0][date_start]=2026-09-15%2010%3A45%3A00&e[0][date_end]=2026-09-15%2011%3A45%3A00&e[0][timezone]=America%2FChicago&e[0][title]=Play%20%26amp%3B%20Learn%20With%20Me!%20A%20Paving%20Pathways%20Playgroup&e[0][location]=The%20Urbana%20Free%20Library%20-%20Megan%27s%20Reading%20Room",FAILED,""
"https://urbanafreelibrary.libnet.info/event/17239276","https://addtocalendar.com/atc/yahoo?utz=0&uln=en-US@posix&vjs=1.5&e[0][date_start]=2026-09-15%2010%3A45%3A00&e[0][date_end]=2026-09-15%2011%3A45%3A00&e[0][timezone]=America%2FChicago&e[0][title]=Play%20%26amp%3B%20Learn%20With%20Me!%20A%20Paving%20Pathways%20Playgroup&e[0][location]=The%20Urbana%20Free%20Library%20-%20Megan%27s%20Reading%20Room",FAILED,""
"https://urbanafreelibrary.libnet.info/event/17265129","https://addtocalendar.com/atc/ical?utz=0&uln=en-US@posix&vjs=1.5&e[0][date_start]=2026-09-15%2015%3A00%3A00&e[0][date_end]=2026-09-15%2017%3A30%3A00&e[0][timezone]=America%2FChicago&e[0][title]=Teen%20Open%20Lab&e[0][location]=The%20Urbana%20Free%20Library%20-%20The%20Lewis%20Auditorium",FAILED,""
"https://urbanafreelibrary.libnet.info/event/17265129","https://addtocalendar.com/atc/google?utz=0&uln=en-US@posix&vjs=1.5&e[0][date_start]=2026-09-15%2015%3A00%3A00&e[0][date_end]=2026-09-15%2017%3A30%3A00&e[0][timezone]=America%2FChicago&e[0][title]=Teen%20Open%20Lab&e[0][location]=The%20Urbana%20Free%20Library%20-%20The%20Lewis%20Auditorium",FAILED,""
"https://urbanafreelibrary.libnet.info/event/17265129","https://addtocalendar.com/atc/outlook?utz=0&uln=en-US@posix&vjs=1.5&e[0][date_start]=2026-09-15%2015%3A00%3A00&e[0][date_end]=2026-09-15%2017%3A30%3A00&e[0][timezone]=America%2FChicago&e[0][title]=Teen%20Open%20Lab&e[0][location]=The%20Urbana%20Free%20Library%20-%20The%20Lewis%20Auditorium",FAILED,""
"https://urbanafreelibrary.libnet.info/event/17265129","https://addtocalendar.com/atc/outlookonline?utz=0&uln=en-US@posix&vjs=1.5&e[0][date_start]=2026-09-15%2015%3A00%3A00&e[0][date_end]=2026-09-15%2017%3A30%3A00&e[0][timezone]=America%2FChicago&e[0][title]=Teen%20Open%20Lab&e[0][location]=The%20Urbana%20Free%20Library%20-%20The%20Lewis%20Auditorium",FAILED,""
"https://urbanafreelibrary.libnet.info/event/17265129","https://addtocalendar.com/atc/yahoo?utz=0&uln=en-US@posix&vjs=1.5&e[0][date_start]=2026-09-15%2015%3A00%3A00&e[0][date_end]=2026-09-15%2017%3A30%3A00&e[0][timezone]=America%2FChicago&e[0][title]=Teen%20Open%20Lab&e[0][location]=The%20Urbana%20Free%20Library%20-%20The%20Lewis%20Auditorium",FAILED,""
"https://urbanafreelibrary.libnet.info/event/16563117","https://addtocalendar.com/atc/ical?utz=0&uln=en-US@posix&vjs=1.5&e[0][date_start]=2026-09-15%2017%3A00%3A00&e[0][date_end]=2026-09-15%2019%3A30%3A00&e[0][timezone]=America%2FChicago&e[0][title]=Stitching%20Circle&e[0][location]=The%20Urbana%20Free%20Library%20-%20MacFarlane-Hood%20Reading%20Room",FAILED,""
"https://urbanafreelibrary.libnet.info/event/16563117","https://addtocalendar.com/atc/google?utz=0&uln=en-US@posix&vjs=1.5&e[0][date_start]=2026-09-15%2017%3A00%3A00&e[0][date_end]=2026-09-15%2019%3A30%3A00&e[0][timezone]=America%2FChicago&e[0][title]=Stitching%20Circle&e[0][location]=The%20Urbana%20Free%20Library%20-%20MacFarlane-Hood%20Reading%20Room",FAILED,""
"https://urbanafreelibrary.libnet.info/event/16563117","https://addtocalendar.com/atc/outlook?utz=0&uln=en-US@posix&vjs=1.5&e[0][date_start]=2026-09-15%2017%3A00%3A00&e[0][date_end]=2026-09-15%2019%3A30%3A00&e[0][timezone]=America%2FChicago&e[0][title]=Stitching%20Circle&e[0][location]=The%20Urbana%20Free%20Library%20-%20MacFarlane-Hood%20Reading%20Room",FAILED,""
"https://urbanafreelibrary.libnet.info/event/16563117","https://addtocalendar.com/atc/outlookonline?utz=0&uln=en-US@posix&vjs=1.5&e[0][date_start]=2026-09-15%2017%3A00%3A00&e[0][date_end]=2026-09-15%2019%3A30%3A00&e[0][timezone]=America%2FChicago&e[0][title]=Stitching%20Circle&e[0][location]=The%20Urbana%20Free%20Library%20-%20MacFarlane-Hood%20Reading%20Room",FAILED,""
"https://urbanafreelibrary.libnet.info/event/16563117","https://addtocalendar.com/atc/yahoo?utz=0&uln=en-US@posix&vjs=1.5&e[0][date_start]=2026-09-15%2017%3A00%3A00&e[0][date_end]=2026-09-15%2019%3A30%3A00&e[0][timezone]=America%2FChicago&e[0][title]=Stitching%20Circle&e[0][location]=The%20Urbana%20Free%20Library%20-%20MacFarlane-Hood%20Reading%20Room",FAILED,""
"https://urbanafreelibrary.libnet.info/event/17318424","https://addtocalendar.com/atc/ical?utz=0&uln=en-US@posix&vjs=1.5&e[0][date_start]=2026-09-16%2015%3A00%3A00&e[0][date_end]=2026-09-16%2016%3A30%3A00&e[0][timezone]=America%2FChicago&e[0][title]=Teen%20Open%20Lab&e[0][location]=The%20Urbana%20Free%20Library%20-%20",FAILED,""
"https://urbanafreelibrary.libnet.info/event/17318424","https://addtocalendar.com/atc/google?utz=0&uln=en-US@posix&vjs=1.5&e[0][date_start]=2026-09-16%2015%3A00%3A00&e[0][date_end]=2026-09-16%2016%3A30%3A00&e[0][timezone]=America%2FChicago&e[0][title]=Teen%20Open%20Lab&e[0][location]=The%20Urbana%20Free%20Library%20-%20",FAILED,""
"https://urbanafreelibrary.libnet.info/event/17318424","https://addtocalendar.com/atc/outlook?utz=0&uln=en-US@posix&vjs=1.5&e[0][date_start]=2026-09-16%2015%3A00%3A00&e[0][date_end]=2026-09-16%2016%3A30%3A00&e[0][timezone]=America%2FChicago&e[0][title]=Teen%20Open%20Lab&e[0][location]=The%20Urbana%20Free%20Library%20-%20",FAILED,""
"https://urbanafreelibrary.libnet.info/event/17318424","https://addtocalendar.com/atc/outlookonline?utz=0&uln=en-US@posix&vjs=1.5&e[0][date_start]=2026-09-16%2015%3A00%3A00&e[0][date_end]=2026-09-16%2016%3A30%3A00&e[0][timezone]=America%2FChicago&e[0][title]=Teen%20Open%20Lab&e[0][location]=The%20Urbana%20Free%20Library%20-%20",FAILED,""
"https://urbanafreelibrary.libnet.info/event/17318424","https://addtocalendar.com/atc/yahoo?utz=0&uln=en-US@posix&vjs=1.5&e[0][date_start]=2026-09-16%2015%3A00%3A00&e[0][date_end]=2026-09-16%2016%3A30%3A00&e[0][timezone]=America%2FChicago&e[0][title]=Teen%20Open%20Lab&e[0][location]=The%20Urbana%20Free%20Library%20-%20",FAILED,""
"https://urbanafreelibrary.libnet.info/event/17203201","https://addtocalendar.com/atc/ical?utz=0&uln=en-US@posix&vjs=1.5&e[0][date_start]=2026-09-16%2018%3A00%3A00&e[0][date_end]=2026-09-16%2019%3A50%3A00&e[0][timezone]=America%2FChicago&e[0][title]=State%20Funding%20%26amp%3B%20Business%20Resources%20for%20IL%20Business%20Owners&e[0][location]=The%20Urbana%20Free%20Library%20-%20The%20Lewis%20Auditorium",FAILED,""
"https://urbanafreelibrary.libnet.info/event/17203201","https://addtocalendar.com/atc/google?utz=0&uln=en-US@posix&vjs=1.5&e[0][date_start]=2026-09-16%2018%3A00%3A00&e[0][date_end]=2026-09-16%2019%3A50%3A00&e[0][timezone]=America%2FChicago&e[0][title]=State%20Funding%20%26amp%3B%20Business%20Resources%20for%20IL%20Business%20Owners&e[0][location]=The%20Urbana%20Free%20Library%20-%20The%20Lewis%20Auditorium",FAILED,""
"https://urbanafreelibrary.libnet.info/event/17203201","https://addtocalendar.com/atc/outlook?utz=0&uln=en-US@posix&vjs=1.5&e[0][date_start]=2026-09-16%2018%3A00%3A00&e[0][date_end]=2026-09-16%2019%3A50%3A00&e[0][timezone]=America%2FChicago&e[0][title]=State%20Funding%20%26amp%3B%20Business%20Resources%20for%20IL%20Business%20Owners&e[0][location]=The%20Urbana%20Free%20Library%20-%20The%20Lewis%20Auditorium",FAILED,""
"https://urbanafreelibrary.libnet.info/event/17203201","https://addtocalendar.com/atc/outlookonline?utz=0&uln=en-US@posix&vjs=1.5&e[0][date_start]=2026-09-16%2018%3A00%3A00&e[0][date_end]=2026-09-16%2019%3A50%3A00&e[0][timezone]=America%2FChicago&e[0][title]=State%20Funding%20%26amp%3B%20Business%20Resources%20for%20IL%20Business%20Owners&e[0][location]=The%20Urbana%20Free%20Library%20-%20The%20Lewis%20Auditorium",FAILED,""
"https://urbanafreelibrary.libnet.info/event/17203201","https://addtocalendar.com/atc/yahoo?utz=0&uln=en-US@posix&vjs=1.5&e[0][date_start]=2026-09-16%2018%3A00%3A00&e[0][date_end]=2026-09-16%2019%3A50%3A00&e[0][timezone]=America%2FChicago&e[0][title]=State%20Funding%20%26amp%3B%20Business%20Resources%20for%20IL%20Business%20Owners&e[0][location]=The%20Urbana%20Free%20Library%20-%20The%20Lewis%20Auditorium",FAILED,""
"https://urbanafreelibrary.libnet.info/event/13875995","https://addtocalendar.com/atc/ical?utz=0&uln=en-US@posix&vjs=1.5&e[0][date_start]=2026-09-17%2010%3A15%3A00&e[0][date_end]=2026-09-17%2010%3A45%3A00&e[0][timezone]=America%2FChicago&e[0][title]=Crafty%20Tales&e[0][location]=The%20Urbana%20Free%20Library%20-%20The%20Lewis%20Auditorium",FAILED,""
"https://urbanafreelibrary.libnet.info/event/13875995","https://addtocalendar.com/atc/google?utz=0&uln=en-US@posix&vjs=1.5&e[0][date_start]=2026-09-17%2010%3A15%3A00&e[0][date_end]=2026-09-17%2010%3A45%3A00&e[0][timezone]=America%2FChicago&e[0][title]=Crafty%20Tales&e[0][location]=The%20Urbana%20Free%20Library%20-%20The%20Lewis%20Auditorium",FAILED,""
"https://urbanafreelibrary.libnet.info/event/13875995","https://addtocalendar.com/atc/outlook?utz=0&uln=en-US@posix&vjs=1.5&e[0][date_start]=2026-09-17%2010%3A15%3A00&e[0][date_end]=2026-09-17%2010%3A45%3A00&e[0][timezone]=America%2FChicago&e[0][title]=Crafty%20Tales&e[0][location]=The%20Urbana%20Free%20Library%20-%20The%20Lewis%20Auditorium",FAILED,""
"https://urbanafreelibrary.libnet.info/event/13875995","https://addtocalendar.com/atc/outlookonline?utz=0&uln=en-US@posix&vjs=1.5&e[0][date_start]=2026-09-17%2010%3A15%3A00&e[0][date_end]=2026-09-17%2010%3A45%3A00&e[0][timezone]=America%2FChicago&e[0][title]=Crafty%20Tales&e[0][location]=The%20Urbana%20Free%20Library%20-%20The%20Lewis%20Auditorium",FAILED,""
"https://urbanafreelibrary.libnet.info/event/13875995","https://addtocalendar.com/atc/yahoo?utz=0&uln=en-US@posix&vjs=1.5&e[0][date_start]=2026-09-17%2010%3A15%3A00&e[0][date_end]=2026-09-17%2010%3A45%3A00&e[0][timezone]=America%2FChicago&e[0][title]=Crafty%20Tales&e[0][location]=The%20Urbana%20Free%20Library%20-%20The%20Lewis%20Auditorium",FAILED,""
"https://urbanafreelibrary.libnet.info/event/17264226","https://addtocalendar.com/atc/ical?utz=0&uln=en-US@posix&vjs=1.5&e[0][date_start]=2026-09-17%2015%3A00%3A00&e[0][date_end]=2026-09-17%2017%3A30%3A00&e[0][timezone]=America%2FChicago&e[0][title]=Teen%20Open%20Lab&e[0][location]=The%20Urbana%20Free%20Library%20-%20The%20Lewis%20Auditorium",FAILED,""
"https://urbanafreelibrary.libnet.info/event/17264226","https://addtocalendar.com/atc/google?utz=0&uln=en-US@posix&vjs=1.5&e[0][date_start]=2026-09-17%2015%3A00%3A00&e[0][date_end]=2026-09-17%2017%3A30%3A00&e[0][timezone]=America%2FChicago&e[0][title]=Teen%20Open%20Lab&e[0][location]=The%20Urbana%20Free%20Library%20-%20The%20Lewis%20Auditorium",FAILED,""
"https://urbanafreelibrary.libnet.info/event/17264226","https://addtocalendar.com/atc/outlook?utz=0&uln=en-US@posix&vjs=1.5&e[0][date_start]=2026-09-17%2015%3A00%3A00&e[0][date_end]=2026-09-17%2017%3A30%3A00&e[0][timezone]=America%2FChicago&e[0][title]=Teen%20Open%20Lab&e[0][location]=The%20Urbana%20Free%20Library%20-%20The%20Lewis%20Auditorium",FAILED,""
"https://urbanafreelibrary.libnet.info/event/17264226","https://addtocalendar.com/atc/outlookonline?utz=0&uln=en-US@posix&vjs=1.5&e[0][date_start]=2026-09-17%2015%3A00%3A00&e[0][date_end]=2026-09-17%2017%3A30%3A00&e[0][timezone]=America%2FChicago&e[0][title]=Teen%20Open%20Lab&e[0][location]=The%20Urbana%20Free%20Library%20-%20The%20Lewis%20Auditorium",FAILED,""
"https://urbanafreelibrary.libnet.info/event/17264226","https://addtocalendar.com/atc/yahoo?utz=0&uln=en-US@posix&vjs=1.5&e[0][date_start]=2026-09-17%2015%3A00%3A00&e[0][date_end]=2026-09-17%2017%3A30%3A00&e[0][timezone]=America%2FChicago&e[0][title]=Teen%20Open%20Lab&e[0][location]=The%20Urbana%20Free%20Library%20-%20The%20Lewis%20Auditorium",FAILED,""
"https://urbanafreelibrary.libnet.info/event/16916451","https://addtocalendar.com/atc/ical?utz=0&uln=en-US@posix&vjs=1.5&e[0][date_start]=2026-09-17%2018%3A00%3A00&e[0][date_end]=2026-09-17%2019%3A00%3A00&e[0][timezone]=America%2FChicago&e[0][title]=Intro%20to%20Hispanic%20Genealogy%2FIntro%20a%20la%20Genealog%C3%ADa%20Hispana&e[0][location]=The%20Urbana%20Free%20Library%20-%20Online",FAILED,""
"https://urbanafreelibrary.libnet.info/event/16916451","https://addtocalendar.com/atc/google?utz=0&uln=en-US@posix&vjs=1.5&e[0][date_start]=2026-09-17%2018%3A00%3A00&e[0][date_end]=2026-09-17%2019%3A00%3A00&e[0][timezone]=America%2FChicago&e[0][title]=Intro%20to%20Hispanic%20Genealogy%2FIntro%20a%20la%20Genealog%C3%ADa%20Hispana&e[0][location]=The%20Urbana%20Free%20Library%20-%20Online",FAILED,""
"https://urbanafreelibrary.libnet.info/event/16916451","https://addtocalendar.com/atc/outlook?utz=0&uln=en-US@posix&vjs=1.5&e[0][date_start]=2026-09-17%2018%3A00%3A00&e[0][date_end]=2026-09-17%2019%3A00%3A00&e[0][timezone]=America%2FChicago&e[0][title]=Intro%20to%20Hispanic%20Genealogy%2FIntro%20a%20la%20Genealog%C3%ADa%20Hispana&e[0][location]=The%20Urbana%20Free%20Library%20-%20Online",FAILED,""
"https://urbanafreelibrary.libnet.info/event/16916451","https://addtocalendar.com/atc/outlookonline?utz=0&uln=en-US@posix&vjs=1.5&e[0][date_start]=2026-09-17%2018%3A00%3A00&e[0][date_end]=2026-09-17%2019%3A00%3A00&e[0][timezone]=America%2FChicago&e[0][title]=Intro%20to%20Hispanic%20Genealogy%2FIntro%20a%20la%20Genealog%C3%ADa%20Hispana&e[0][location]=The%20Urbana%20Free%20Library%20-%20Online",FAILED,""
"https://urbanafreelibrary.libnet.info/event/16916451","https://addtocalendar.com/atc/yahoo?utz=0&uln=en-US@posix&vjs=1.5&e[0][date_start]=2026-09-17%2018%3A00%3A00&e[0][date_end]=2026-09-17%2019%3A00%3A00&e[0][timezone]=America%2FChicago&e[0][title]=Intro%20to%20Hispanic%20Genealogy%2FIntro%20a%20la%20Genealog%C3%ADa%20Hispana&e[0][location]=The%20Urbana%20Free%20Library%20-%20Online",FAILED,""
"https://urbanafreelibrary.libnet.info/event/17186240","https://addtocalendar.com/atc/ical?utz=0&uln=en-US@posix&vjs=1.5&e[0][date_start]=2026-09-17%2019%3A00%3A00&e[0][date_end]=2026-09-17%2020%3A00%3A00&e[0][timezone]=America%2FChicago&e[0][title]=Inside%20the%20Empire%20of%20AI%20with%20Karen%20Hao&e[0][location]=The%20Urbana%20Free%20Library%20-%20Online",FAILED,""
"https://urbanafreelibrary.libnet.info/event/17186240","https://addtocalendar.com/atc/google?utz=0&uln=en-US@posix&vjs=1.5&e[0][date_start]=2026-09-17%2019%3A00%3A00&e[0][date_end]=2026-09-17%2020%3A00%3A00&e[0][timezone]=America%2FChicago&e[0][title]=Inside%20the%20Empire%20of%20AI%20with%20Karen%20Hao&e[0][location]=The%20Urbana%20Free%20Library%20-%20Online",FAILED,""
"https://urbanafreelibrary.libnet.info/event/17186240","https://addtocalendar.com/atc/outlook?utz=0&uln=en-US@posix&vjs=1.5&e[0][date_start]=2026-09-17%2019%3A00%3A00&e[0][date_end]=2026-09-17%2020%3A00%3A00&e[0][timezone]=America%2FChicago&e[0][title]=Inside%20the%20Empire%20of%20AI%20with%20Karen%20Hao&e[0][location]=The%20Urbana%20Free%20Library%20-%20Online",FAILED,""
"https://urbanafreelibrary.libnet.info/event/17186240","https://addtocalendar.com/atc/outlookonline?utz=0&uln=en-US@posix&vjs=1.5&e[0][date_start]=2026-09-17%2019%3A00%3A00&e[0][date_end]=2026-09-17%2020%3A00%3A00&e[0][timezone]=America%2FChicago&e[0][title]=Inside%20the%20Empire%20of%20AI%20with%20Karen%20Hao&e[0][location]=The%20Urbana%20Free%20Library%20-%20Online",FAILED,""
"https://urbanafreelibrary.libnet.info/event/17186240","https://addtocalendar.com/atc/yahoo?utz=0&uln=en-US@posix&vjs=1.5&e[0][date_start]=2026-09-17%2019%3A00%3A00&e[0][date_end]=2026-09-17%2020%3A00%3A00&e[0][timezone]=America%2FChicago&e[0][title]=Inside%20the%20Empire%20of%20AI%20with%20Karen%20Hao&e[0][location]=The%20Urbana%20Free%20Library%20-%20Online",FAILED,""
"https://urbanafreelibrary.libnet.info/event/16706102","https://addtocalendar.com/atc/ical?utz=0&uln=en-US@posix&vjs=1.5&e[0][date_start]=2026-09-19%2011%3A00%3A00&e[0][date_end]=2026-09-19%2011%3A30%3A00&e[0][timezone]=America%2FChicago&e[0][title]=Concert%20for%20Kids&e[0][location]=The%20Urbana%20Free%20Library%20-%20The%20Lewis%20Auditorium",FAILED,""
"https://urbanafreelibrary.libnet.info/event/16706102","https://addtocalendar.com/atc/google?utz=0&uln=en-US@posix&vjs=1.5&e[0][date_start]=2026-09-19%2011%3A00%3A00&e[0][date_end]=2026-09-19%2011%3A30%3A00&e[0][timezone]=America%2FChicago&e[0][title]=Concert%20for%20Kids&e[0][location]=The%20Urbana%20Free%20Library%20-%20The%20Lewis%20Auditorium",FAILED,""
"https://urbanafreelibrary.libnet.info/event/16706102","https://addtocalendar.com/atc/outlook?utz=0&uln=en-US@posix&vjs=1.5&e[0][date_start]=2026-09-19%2011%3A00%3A00&e[0][date_end]=2026-09-19%2011%3A30%3A00&e[0][timezone]=America%2FChicago&e[0][title]=Concert%20for%20Kids&e[0][location]=The%20Urbana%20Free%20Library%20-%20The%20Lewis%20Auditorium",FAILED,""
"https://urbanafreelibrary.libnet.info/event/16706102","https://addtocalendar.com/atc/outlookonline?utz=0&uln=en-US@posix&vjs=1.5&e[0][date_start]=2026-09-19%2011%3A00%3A00&e[0][date_end]=2026-09-19%2011%3A30%3A00&e[0][timezone]=America%2FChicago&e[0][title]=Concert%20for%20Kids&e[0][location]=The%20Urbana%20Free%20Library%20-%20The%20Lewis%20Auditorium",FAILED,""
"https://urbanafreelibrary.libnet.info/event/16706102","https://addtocalendar.com/atc/yahoo?utz=0&uln=en-US@posix&vjs=1.5&e[0][date_start]=2026-09-19%2011%3A00%3A00&e[0][date_end]=2026-09-19%2011%3A30%3A00&e[0][timezone]=America%2FChicago&e[0][title]=Concert%20for%20Kids&e[0][location]=The%20Urbana%20Free%20Library%20-%20The%20Lewis%20Auditorium",FAILED,""
"https://urbanafreelibrary.libnet.info/event/16723751","https://addtocalendar.com/atc/ical?utz=0&uln=en-US@posix&vjs=1.5&e[0][date_start]=2026-09-19%2013%3A30%3A00&e[0][date_end]=2026-09-19%2015%3A00%3A00&e[0][timezone]=America%2FChicago&e[0][title]=13th%20Annual%20Welcome%20Week%20Awards&e[0][location]=The%20Urbana%20Free%20Library%20-%20The%20Lewis%20Auditorium",FAILED,""
"https://urbanafreelibrary.libnet.info/event/16723751","https://addtocalendar.com/atc/google?utz=0&uln=en-US@posix&vjs=1.5&e[0][date_start]=2026-09-19%2013%3A30%3A00&e[0][date_end]=2026-09-19%2015%3A00%3A00&e[0][timezone]=America%2FChicago&e[0][title]=13th%20Annual%20Welcome%20Week%20Awards&e[0][location]=The%20Urbana%20Free%20Library%20-%20The%20Lewis%20Auditorium",FAILED,""
"https://urbanafreelibrary.libnet.info/event/16723751","https://addtocalendar.com/atc/outlook?utz=0&uln=en-US@posix&vjs=1.5&e[0][date_start]=2026-09-19%2013%3A30%3A00&e[0][date_end]=2026-09-19%2015%3A00%3A00&e[0][timezone]=America%2FChicago&e[0][title]=13th%20Annual%20Welcome%20Week%20Awards&e[0][location]=The%20Urbana%20Free%20Library%20-%20The%20Lewis%20Auditorium",FAILED,""
"https://urbanafreelibrary.libnet.info/event/16723751","https://addtocalendar.com/atc/outlookonline?utz=0&uln=en-US@posix&vjs=1.5&e[0][date_start]=2026-09-19%2013%3A30%3A00&e[0][date_end]=2026-09-19%2015%3A00%3A00&e[0][timezone]=America%2FChicago&e[0][title]=13th%20Annual%20Welcome%20Week%20Awards&e[0][location]=The%20Urbana%20Free%20Library%20-%20The%20Lewis%20Auditorium",FAILED,""
"https://urbanafreelibrary.libnet.info/event/16723751","https://addtocalendar.com/atc/yahoo?utz=0&uln=en-US@posix&vjs=1.5&e[0][date_start]=2026-09-19%2013%3A30%3A00&e[0][date_end]=2026-09-19%2015%3A00%3A00&e[0][timezone]=America%2FChicago&e[0][title]=13th%20Annual%20Welcome%20Week%20Awards&e[0][location]=The%20Urbana%20Free%20Library%20-%20The%20Lewis%20Auditorium",FAILED,""
"https://urbanafreelibrary.libnet.info/event/16603828","https://addtocalendar.com/atc/ical?utz=0&uln=en-US@posix&vjs=1.5&e[0][date_start]=2026-09-21%2010%3A00%3A00&e[0][date_end]=2026-09-21%2012%3A00%3A00&e[0][timezone]=America%2FChicago&e[0][title]=Project%20Read&e[0][location]=The%20Urbana%20Free%20Library%20-%20The%20Lewis%20Auditorium",FAILED,""
"https://urbanafreelibrary.libnet.info/event/16603828","https://addtocalendar.com/atc/google?utz=0&uln=en-US@posix&vjs=1.5&e[0][date_start]=2026-09-21%2010%3A00%3A00&e[0][date_end]=2026-09-21%2012%3A00%3A00&e[0][timezone]=America%2FChicago&e[0][title]=Project%20Read&e[0][location]=The%20Urbana%20Free%20Library%20-%20The%20Lewis%20Auditorium",FAILED,""
"https://urbanafreelibrary.libnet.info/event/16603828","https://addtocalendar.com/atc/outlook?utz=0&uln=en-US@posix&vjs=1.5&e[0][date_start]=2026-09-21%2010%3A00%3A00&e[0][date_end]=2026-09-21%2012%3A00%3A00&e[0][timezone]=America%2FChicago&e[0][title]=Project%20Read&e[0][location]=The%20Urbana%20Free%20Library%20-%20The%20Lewis%20Auditorium",FAILED,""
"https://urbanafreelibrary.libnet.info/event/16603828","https://addtocalendar.com/atc/outlookonline?utz=0&uln=en-US@posix&vjs=1.5&e[0][date_start]=2026-09-21%2010%3A00%3A00&e[0][date_end]=2026-09-21%2012%3A00%3A00&e[0][timezone]=America%2FChicago&e[0][title]=Project%20Read&e[0][location]=The%20Urbana%20Free%20Library%20-%20The%20Lewis%20Auditorium",FAILED,""
"https://urbanafreelibrary.libnet.info/event/16603828","https://addtocalendar.com/atc/yahoo?utz=0&uln=en-US@posix&vjs=1.5&e[0][date_start]=2026-09-21%2010%3A00%3A00&e[0][date_end]=2026-09-21%2012%3A00%3A00&e[0][timezone]=America%2FChicago&e[0][title]=Project%20Read&e[0][location]=The%20Urbana%20Free%20Library%20-%20The%20Lewis%20Auditorium",FAILED,""
"https://urbanafreelibrary.libnet.info/event/16826553","https://addtocalendar.com/atc/ical?utz=0&uln=en-US@posix&vjs=1.5&e[0][date_start]=2026-09-21%2015%3A45%3A00&e[0][date_end]=2026-09-21%2018%3A00%3A00&e[0][timezone]=America%2FChicago&e[0][title]=Teen%20Movie%20Mondays&e[0][location]=The%20Urbana%20Free%20Library%20-%20The%20Lewis%20Auditorium",FAILED,""
"https://urbanafreelibrary.libnet.info/event/16826553","https://addtocalendar.com/atc/google?utz=0&uln=en-US@posix&vjs=1.5&e[0][date_start]=2026-09-21%2015%3A45%3A00&e[0][date_end]=2026-09-21%2018%3A00%3A00&e[0][timezone]=America%2FChicago&e[0][title]=Teen%20Movie%20Mondays&e[0][location]=The%20Urbana%20Free%20Library%20-%20The%20Lewis%20Auditorium",FAILED,""
"https://urbanafreelibrary.libnet.info/event/16826553","https://addtocalendar.com/atc/outlook?utz=0&uln=en-US@posix&vjs=1.5&e[0][date_start]=2026-09-21%2015%3A45%3A00&e[0][date_end]=2026-09-21%2018%3A00%3A00&e[0][timezone]=America%2FChicago&e[0][title]=Teen%20Movie%20Mondays&e[0][location]=The%20Urbana%20Free%20Library%20-%20The%20Lewis%20Auditorium",FAILED,""
"https://urbanafreelibrary.libnet.info/event/16826553","https://addtocalendar.com/atc/outlookonline?utz=0&uln=en-US@posix&vjs=1.5&e[0][date_start]=2026-09-21%2015%3A45%3A00&e[0][date_end]=2026-09-21%2018%3A00%3A00&e[0][timezone]=America%2FChicago&e[0][title]=Teen%20Movie%20Mondays&e[0][location]=The%20Urbana%20Free%20Library%20-%20The%20Lewis%20Auditorium",FAILED,""
"https://urbanafreelibrary.libnet.info/event/16826553","https://addtocalendar.com/atc/yahoo?utz=0&uln=en-US@posix&vjs=1.5&e[0][date_start]=2026-09-21%2015%3A45%3A00&e[0][date_end]=2026-09-21%2018%3A00%3A00&e[0][timezone]=America%2FChicago&e[0][title]=Teen%20Movie%20Mondays&e[0][location]=The%20Urbana%20Free%20Library%20-%20The%20Lewis%20Auditorium",FAILED,""
"https://urbanafreelibrary.libnet.info/event/16165645","https://addtocalendar.com/atc/ical?utz=0&uln=en-US@posix&vjs=1.5&e[0][date_start]=2026-09-21%2018%3A00%3A00&e[0][date_end]=2026-09-21%2019%3A30%3A00&e[0][timezone]=America%2FChicago&e[0][title]=Death%20Cafe&e[0][location]=The%20Urbana%20Free%20Library%20-%20MacFarlane-Hood%20Reading%20Room",FAILED,""
"https://urbanafreelibrary.libnet.info/event/16165645","https://addtocalendar.com/atc/google?utz=0&uln=en-US@posix&vjs=1.5&e[0][date_start]=2026-09-21%2018%3A00%3A00&e[0][date_end]=2026-09-21%2019%3A30%3A00&e[0][timezone]=America%2FChicago&e[0][title]=Death%20Cafe&e[0][location]=The%20Urbana%20Free%20Library%20-%20MacFarlane-Hood%20Reading%20Room",FAILED,""
"https://urbanafreelibrary.libnet.info/event/16165645","https://addtocalendar.com/atc/outlook?utz=0&uln=en-US@posix&vjs=1.5&e[0][date_start]=2026-09-21%2018%3A00%3A00&e[0][date_end]=2026-09-21%2019%3A30%3A00&e[0][timezone]=America%2FChicago&e[0][title]=Death%20Cafe&e[0][location]=The%20Urbana%20Free%20Library%20-%20MacFarlane-Hood%20Reading%20Room",FAILED,""
"https://urbanafreelibrary.libnet.info/event/16165645","https://addtocalendar.com/atc/outlookonline?utz=0&uln=en-US@posix&vjs=1.5&e[0][date_start]=2026-09-21%2018%3A00%3A00&e[0][date_end]=2026-09-21%2019%3A30%3A00&e[0][timezone]=America%2FChicago&e[0][title]=Death%20Cafe&e[0][location]=The%20Urbana%20Free%20Library%20-%20MacFarlane-Hood%20Reading%20Room",FAILED,""
"https://urbanafreelibrary.libnet.info/event/16165645","https://addtocalendar.com/atc/yahoo?utz=0&uln=en-US@posix&vjs=1.5&e[0][date_start]=2026-09-21%2018%3A00%3A00&e[0][date_end]=2026-09-21%2019%3A30%3A00&e[0][timezone]=America%2FChicago&e[0][title]=Death%20Cafe&e[0][location]=The%20Urbana%20Free%20Library%20-%20MacFarlane-Hood%20Reading%20Room",FAILED,""
"https://urbanafreelibrary.libnet.info/event/13875984","https://addtocalendar.com/atc/ical?utz=0&uln=en-US@posix&vjs=1.5&e[0][date_start]=2026-09-22%2010%3A15%3A00&e[0][date_end]=2026-09-22%2010%3A40%3A00&e[0][timezone]=America%2FChicago&e[0][title]=Books%20and%20Bounces!&e[0][location]=The%20Urbana%20Free%20Library%20-%20The%20Lewis%20Auditorium",FAILED,""
"https://urbanafreelibrary.libnet.info/event/13875984","https://addtocalendar.com/atc/google?utz=0&uln=en-US@posix&vjs=1.5&e[0][date_start]=2026-09-22%2010%3A15%3A00&e[0][date_end]=2026-09-22%2010%3A40%3A00&e[0][timezone]=America%2FChicago&e[0][title]=Books%20and%20Bounces!&e[0][location]=The%20Urbana%20Free%20Library%20-%20The%20Lewis%20Auditorium",FAILED,""
"https://urbanafreelibrary.libnet.info/event/13875984","https://addtocalendar.com/atc/outlook?utz=0&uln=en-US@posix&vjs=1.5&e[0][date_start]=2026-09-22%2010%3A15%3A00&e[0][date_end]=2026-09-22%2010%3A40%3A00&e[0][timezone]=America%2FChicago&e[0][title]=Books%20and%20Bounces!&e[0][location]=The%20Urbana%20Free%20Library%20-%20The%20Lewis%20Auditorium",FAILED,""
"https://urbanafreelibrary.libnet.info/event/13875984","https://addtocalendar.com/atc/outlookonline?utz=0&uln=en-US@posix&vjs=1.5&e[0][date_start]=2026-09-22%2010%3A15%3A00&e[0][date_end]=2026-09-22%2010%3A40%3A00&e[0][timezone]=America%2FChicago&e[0][title]=Books%20and%20Bounces!&e[0][location]=The%20Urbana%20Free%20Library%20-%20The%20Lewis%20Auditorium",FAILED,""
"https://urbanafreelibrary.libnet.info/event/13875984","https://addtocalendar.com/atc/yahoo?utz=0&uln=en-US@posix&vjs=1.5&e[0][date_start]=2026-09-22%2010%3A15%3A00&e[0][date_end]=2026-09-22%2010%3A40%3A00&e[0][timezone]=America%2FChicago&e[0][title]=Books%20and%20Bounces!&e[0][location]=The%20Urbana%20Free%20Library%20-%20The%20Lewis%20Auditorium",FAILED,""
"https://urbanafreelibrary.libnet.info/event/17182013","https://addtocalendar.com/atc/ical?utz=0&uln=en-US@posix&vjs=1.5&e[0][date_start]=2026-09-22%2010%3A30%3A00&e[0][date_end]=2026-09-22%2012%3A00%3A00&e[0][timezone]=America%2FChicago&e[0][title]=Library%20Staff%20at%20Birth-5%20Blast%20Off%20Resource%20Fair&e[0][location]=Soccer%20Planet%20-%20",FAILED,""
"https://urbanafreelibrary.libnet.info/event/17182013","https://addtocalendar.com/atc/google?utz=0&uln=en-US@posix&vjs=1.5&e[0][date_start]=2026-09-22%2010%3A30%3A00&e[0][date_end]=2026-09-22%2012%3A00%3A00&e[0][timezone]=America%2FChicago&e[0][title]=Library%20Staff%20at%20Birth-5%20Blast%20Off%20Resource%20Fair&e[0][location]=Soccer%20Planet%20-%20",FAILED,""
"https://urbanafreelibrary.libnet.info/event/17182013","https://addtocalendar.com/atc/outlook?utz=0&uln=en-US@posix&vjs=1.5&e[0][date_start]=2026-09-22%2010%3A30%3A00&e[0][date_end]=2026-09-22%2012%3A00%3A00&e[0][timezone]=America%2FChicago&e[0][title]=Library%20Staff%20at%20Birth-5%20Blast%20Off%20Resource%20Fair&e[0][location]=Soccer%20Planet%20-%20",FAILED,""
"https://urbanafreelibrary.libnet.info/event/17182013","https://addtocalendar.com/atc/outlookonline?utz=0&uln=en-US@posix&vjs=1.5&e[0][date_start]=2026-09-22%2010%3A30%3A00&e[0][date_end]=2026-09-22%2012%3A00%3A00&e[0][timezone]=America%2FChicago&e[0][title]=Library%20Staff%20at%20Birth-5%20Blast%20Off%20Resource%20Fair&e[0][location]=Soccer%20Planet%20-%20",FAILED,""
"https://urbanafreelibrary.libnet.info/event/17182013","https://addtocalendar.com/atc/yahoo?utz=0&uln=en-US@posix&vjs=1.5&e[0][date_start]=2026-09-22%2010%3A30%3A00&e[0][date_end]=2026-09-22%2012%3A00%3A00&e[0][timezone]=America%2FChicago&e[0][title]=Library%20Staff%20at%20Birth-5%20Blast%20Off%20Resource%20Fair&e[0][location]=Soccer%20Planet%20-%20",FAILED,""
"https://urbanafreelibrary.libnet.info/event/17239277","https://addtocalendar.com/atc/ical?utz=0&uln=en-US@posix&vjs=1.5&e[0][date_start]=2026-09-22%2010%3A45%3A00&e[0][date_end]=2026-09-22%2011%3A45%3A00&e[0][timezone]=America%2FChicago&e[0][title]=Play%20%26amp%3B%20Learn%20With%20Me!%20A%20Paving%20Pathways%20Playgroup&e[0][location]=The%20Urbana%20Free%20Library%20-%20Megan%27s%20Reading%20Room",FAILED,""
"https://urbanafreelibrary.libnet.info/event/17239277","https://addtocalendar.com/atc/google?utz=0&uln=en-US@posix&vjs=1.5&e[0][date_start]=2026-09-22%2010%3A45%3A00&e[0][date_end]=2026-09-22%2011%3A45%3A00&e[0][timezone]=America%2FChicago&e[0][title]=Play%20%26amp%3B%20Learn%20With%20Me!%20A%20Paving%20Pathways%20Playgroup&e[0][location]=The%20Urbana%20Free%20Library%20-%20Megan%27s%20Reading%20Room",FAILED,""
"https://urbanafreelibrary.libnet.info/event/17239277","https://addtocalendar.com/atc/outlook?utz=0&uln=en-US@posix&vjs=1.5&e[0][date_start]=2026-09-22%2010%3A45%3A00&e[0][date_end]=2026-09-22%2011%3A45%3A00&e[0][timezone]=America%2FChicago&e[0][title]=Play%20%26amp%3B%20Learn%20With%20Me!%20A%20Paving%20Pathways%20Playgroup&e[0][location]=The%20Urbana%20Free%20Library%20-%20Megan%27s%20Reading%20Room",FAILED,""
"https://urbanafreelibrary.libnet.info/event/17239277","https://addtocalendar.com/atc/outlookonline?utz=0&uln=en-US@posix&vjs=1.5&e[0][date_start]=2026-09-22%2010%3A45%3A00&e[0][date_end]=2026-09-22%2011%3A45%3A00&e[0][timezone]=America%2FChicago&e[0][title]=Play%20%26amp%3B%20Learn%20With%20Me!%20A%20Paving%20Pathways%20Playgroup&e[0][location]=The%20Urbana%20Free%20Library%20-%20Megan%27s%20Reading%20Room",FAILED,""
"https://urbanafreelibrary.libnet.info/event/17239277","https://addtocalendar.com/atc/yahoo?utz=0&uln=en-US@posix&vjs=1.5&e[0][date_start]=2026-09-22%2010%3A45%3A00&e[0][date_end]=2026-09-22%2011%3A45%3A00&e[0][timezone]=America%2FChicago&e[0][title]=Play%20%26amp%3B%20Learn%20With%20Me!%20A%20Paving%20Pathways%20Playgroup&e[0][location]=The%20Urbana%20Free%20Library%20-%20Megan%27s%20Reading%20Room",FAILED,""
"https://urbanafreelibrary.libnet.info/event/16318091","https://addtocalendar.com/atc/ical?utz=0&uln=en-US@posix&vjs=1.5&e[0][date_start]=2026-09-22%2011%3A00%3A00&e[0][date_end]=2026-09-22%2013%3A00%3A00&e[0][timezone]=America%2FChicago&e[0][title]=Champaign%20County%20Health%20Care%20Consumers%20&e[0][location]=The%20Urbana%20Free%20Library%20-%20",FAILED,""
"https://urbanafreelibrary.libnet.info/event/16318091","https://addtocalendar.com/atc/google?utz=0&uln=en-US@posix&vjs=1.5&e[0][date_start]=2026-09-22%2011%3A00%3A00&e[0][date_end]=2026-09-22%2013%3A00%3A00&e[0][timezone]=America%2FChicago&e[0][title]=Champaign%20County%20Health%20Care%20Consumers%20&e[0][location]=The%20Urbana%20Free%20Library%20-%20",FAILED,""
"https://urbanafreelibrary.libnet.info/event/16318091","https://addtocalendar.com/atc/outlook?utz=0&uln=en-US@posix&vjs=1.5&e[0][date_start]=2026-09-22%2011%3A00%3A00&e[0][date_end]=2026-09-22%2013%3A00%3A00&e[0][timezone]=America%2FChicago&e[0][title]=Champaign%20County%20Health%20Care%20Consumers%20&e[0][location]=The%20Urbana%20Free%20Library%20-%20",FAILED,""
"https://urbanafreelibrary.libnet.info/event/16318091","https://addtocalendar.com/atc/outlookonline?utz=0&uln=en-US@posix&vjs=1.5&e[0][date_start]=2026-09-22%2011%3A00%3A00&e[0][date_end]=2026-09-22%2013%3A00%3A00&e[0][timezone]=America%2FChicago&e[0][title]=Champaign%20County%20Health%20Care%20Consumers%20&e[0][location]=The%20Urbana%20Free%20Library%20-%20",FAILED,""
"https://urbanafreelibrary.libnet.info/event/16318091","https://addtocalendar.com/atc/yahoo?utz=0&uln=en-US@posix&vjs=1.5&e[0][date_start]=2026-09-22%2011%3A00%3A00&e[0][date_end]=2026-09-22%2013%3A00%3A00&e[0][timezone]=America%2FChicago&e[0][title]=Champaign%20County%20Health%20Care%20Consumers%20&e[0][location]=The%20Urbana%20Free%20Library%20-%20",FAILED,""
"https://urbanafreelibrary.libnet.info/event/17265130","https://addtocalendar.com/atc/ical?utz=0&uln=en-US@posix&vjs=1.5&e[0][date_start]=2026-09-22%2015%3A00%3A00&e[0][date_end]=2026-09-22%2017%3A30%3A00&e[0][timezone]=America%2FChicago&e[0][title]=Teen%20Open%20Lab&e[0][location]=The%20Urbana%20Free%20Library%20-%20The%20Lewis%20Auditorium",FAILED,""
"https://urbanafreelibrary.libnet.info/event/17265130","https://addtocalendar.com/atc/google?utz=0&uln=en-US@posix&vjs=1.5&e[0][date_start]=2026-09-22%2015%3A00%3A00&e[0][date_end]=2026-09-22%2017%3A30%3A00&e[0][timezone]=America%2FChicago&e[0][title]=Teen%20Open%20Lab&e[0][location]=The%20Urbana%20Free%20Library%20-%20The%20Lewis%20Auditorium",FAILED,""
"https://urbanafreelibrary.libnet.info/event/17265130","https://addtocalendar.com/atc/outlook?utz=0&uln=en-US@posix&vjs=1.5&e[0][date_start]=2026-09-22%2015%3A00%3A00&e[0][date_end]=2026-09-22%2017%3A30%3A00&e[0][timezone]=America%2FChicago&e[0][title]=Teen%20Open%20Lab&e[0][location]=The%20Urbana%20Free%20Library%20-%20The%20Lewis%20Auditorium",FAILED,""
"https://urbanafreelibrary.libnet.info/event/17265130","https://addtocalendar.com/atc/outlookonline?utz=0&uln=en-US@posix&vjs=1.5&e[0][date_start]=2026-09-22%2015%3A00%3A00&e[0][date_end]=2026-09-22%2017%3A30%3A00&e[0][timezone]=America%2FChicago&e[0][title]=Teen%20Open%20Lab&e[0][location]=The%20Urbana%20Free%20Library%20-%20The%20Lewis%20Auditorium",FAILED,""
"https://urbanafreelibrary.libnet.info/event/17265130","https://addtocalendar.com/atc/yahoo?utz=0&uln=en-US@posix&vjs=1.5&e[0][date_start]=2026-09-22%2015%3A00%3A00&e[0][date_end]=2026-09-22%2017%3A30%3A00&e[0][timezone]=America%2FChicago&e[0][title]=Teen%20Open%20Lab&e[0][location]=The%20Urbana%20Free%20Library%20-%20The%20Lewis%20Auditorium",FAILED,""
"https://urbanafreelibrary.libnet.info/event/17120420","https://addtocalendar.com/atc/ical?utz=0&uln=en-US@posix&vjs=1.5&e[0][date_start]=2026-09-22%2018%3A00%3A00&e[0][date_end]=2026-09-22%2019%3A30%3A00&e[0][timezone]=America%2FChicago&e[0][title]=Puzzling%20Colors%20Club&e[0][location]=The%20Urbana%20Free%20Library%20-%20The%20Lewis%20Auditorium",FAILED,""
"https://urbanafreelibrary.libnet.info/event/17120420","https://addtocalendar.com/atc/google?utz=0&uln=en-US@posix&vjs=1.5&e[0][date_start]=2026-09-22%2018%3A00%3A00&e[0][date_end]=2026-09-22%2019%3A30%3A00&e[0][timezone]=America%2FChicago&e[0][title]=Puzzling%20Colors%20Club&e[0][location]=The%20Urbana%20Free%20Library%20-%20The%20Lewis%20Auditorium",FAILED,""
"https://urbanafreelibrary.libnet.info/event/17120420","https://addtocalendar.com/atc/outlook?utz=0&uln=en-US@posix&vjs=1.5&e[0][date_start]=2026-09-22%2018%3A00%3A00&e[0][date_end]=2026-09-22%2019%3A30%3A00&e[0][timezone]=America%2FChicago&e[0][title]=Puzzling%20Colors%20Club&e[0][location]=The%20Urbana%20Free%20Library%20-%20The%20Lewis%20Auditorium",FAILED,""
"https://urbanafreelibrary.libnet.info/event/17120420","https://addtocalendar.com/atc/outlookonline?utz=0&uln=en-US@posix&vjs=1.5&e[0][date_start]=2026-09-22%2018%3A00%3A00&e[0][date_end]=2026-09-22%2019%3A30%3A00&e[0][timezone]=America%2FChicago&e[0][title]=Puzzling%20Colors%20Club&e[0][location]=The%20Urbana%20Free%20Library%20-%20The%20Lewis%20Auditorium",FAILED,""
"https://urbanafreelibrary.libnet.info/event/17120420","https://addtocalendar.com/atc/yahoo?utz=0&uln=en-US@posix&vjs=1.5&e[0][date_start]=2026-09-22%2018%3A00%3A00&e[0][date_end]=2026-09-22%2019%3A30%3A00&e[0][timezone]=America%2FChicago&e[0][title]=Puzzling%20Colors%20Club&e[0][location]=The%20Urbana%20Free%20Library%20-%20The%20Lewis%20Auditorium",FAILED,""
"https://urbanafreelibrary.libnet.info/event/15606579","https://addtocalendar.com/atc/ical?utz=0&uln=en-US@posix&vjs=1.5&e[0][date_start]=2026-09-23%2010%3A00%3A00&e[0][date_end]=2026-09-23%2011%3A30%3A00&e[0][timezone]=America%2FChicago&e[0][title]=Project%20READ%20Conversation%20Group&e[0][location]=The%20Urbana%20Free%20Library%20-%20The%20Lewis%20Auditorium",FAILED,""
"https://urbanafreelibrary.libnet.info/event/15606579","https://addtocalendar.com/atc/google?utz=0&uln=en-US@posix&vjs=1.5&e[0][date_start]=2026-09-23%2010%3A00%3A00&e[0][date_end]=2026-09-23%2011%3A30%3A00&e[0][timezone]=America%2FChicago&e[0][title]=Project%20READ%20Conversation%20Group&e[0][location]=The%20Urbana%20Free%20Library%20-%20The%20Lewis%20Auditorium",FAILED,""
"https://urbanafreelibrary.libnet.info/event/15606579","https://addtocalendar.com/atc/outlook?utz=0&uln=en-US@posix&vjs=1.5&e[0][date_start]=2026-09-23%2010%3A00%3A00&e[0][date_end]=2026-09-23%2011%3A30%3A00&e[0][timezone]=America%2FChicago&e[0][title]=Project%20READ%20Conversation%20Group&e[0][location]=The%20Urbana%20Free%20Library%20-%20The%20Lewis%20Auditorium",FAILED,""
"https://urbanafreelibrary.libnet.info/event/15606579","https://addtocalendar.com/atc/outlookonline?utz=0&uln=en-US@posix&vjs=1.5&e[0][date_start]=2026-09-23%2010%3A00%3A00&e[0][date_end]=2026-09-23%2011%3A30%3A00&e[0][timezone]=America%2FChicago&e[0][title]=Project%20READ%20Conversation%20Group&e[0][location]=The%20Urbana%20Free%20Library%20-%20The%20Lewis%20Auditorium",FAILED,""
"https://urbanafreelibrary.libnet.info/event/15606579","https://addtocalendar.com/atc/yahoo?utz=0&uln=en-US@posix&vjs=1.5&e[0][date_start]=2026-09-23%2010%3A00%3A00&e[0][date_end]=2026-09-23%2011%3A30%3A00&e[0][timezone]=America%2FChicago&e[0][title]=Project%20READ%20Conversation%20Group&e[0][location]=The%20Urbana%20Free%20Library%20-%20The%20Lewis%20Auditorium",FAILED,""
"https://urbanafreelibrary.libnet.info/event/17318531","https://addtocalendar.com/atc/ical?utz=0&uln=en-US@posix&vjs=1.5&e[0][date_start]=2026-09-23%2015%3A00%3A00&e[0][date_end]=2026-09-23%2016%3A30%3A00&e[0][timezone]=America%2FChicago&e[0][title]=Teen%20Open%20Lab&e[0][location]=The%20Urbana%20Free%20Library%20-%20The%20Lewis%20Auditorium",FAILED,""
"https://urbanafreelibrary.libnet.info/event/17318531","https://addtocalendar.com/atc/google?utz=0&uln=en-US@posix&vjs=1.5&e[0][date_start]=2026-09-23%2015%3A00%3A00&e[0][date_end]=2026-09-23%2016%3A30%3A00&e[0][timezone]=America%2FChicago&e[0][title]=Teen%20Open%20Lab&e[0][location]=The%20Urbana%20Free%20Library%20-%20The%20Lewis%20Auditorium",FAILED,""
"https://urbanafreelibrary.libnet.info/event/17318531","https://addtocalendar.com/atc/outlook?utz=0&uln=en-US@posix&vjs=1.5&e[0][date_start]=2026-09-23%2015%3A00%3A00&e[0][date_end]=2026-09-23%2016%3A30%3A00&e[0][timezone]=America%2FChicago&e[0][title]=Teen%20Open%20Lab&e[0][location]=The%20Urbana%20Free%20Library%20-%20The%20Lewis%20Auditorium",FAILED,""
"https://urbanafreelibrary.libnet.info/event/17318531","https://addtocalendar.com/atc/outlookonline?utz=0&uln=en-US@posix&vjs=1.5&e[0][date_start]=2026-09-23%2015%3A00%3A00&e[0][date_end]=2026-09-23%2016%3A30%3A00&e[0][timezone]=America%2FChicago&e[0][title]=Teen%20Open%20Lab&e[0][location]=The%20Urbana%20Free%20Library%20-%20The%20Lewis%20Auditorium",FAILED,""
"https://urbanafreelibrary.libnet.info/event/17318531","https://addtocalendar.com/atc/yahoo?utz=0&uln=en-US@posix&vjs=1.5&e[0][date_start]=2026-09-23%2015%3A00%3A00&e[0][date_end]=2026-09-23%2016%3A30%3A00&e[0][timezone]=America%2FChicago&e[0][title]=Teen%20Open%20Lab&e[0][location]=The%20Urbana%20Free%20Library%20-%20The%20Lewis%20Auditorium",FAILED,""
"https://urbanafreelibrary.libnet.info/event/13875996","https://addtocalendar.com/atc/ical?utz=0&uln=en-US@posix&vjs=1.5&e[0][date_start]=2026-09-24%2010%3A15%3A00&e[0][date_end]=2026-09-24%2010%3A45%3A00&e[0][timezone]=America%2FChicago&e[0][title]=Crafty%20Tales&e[0][location]=The%20Urbana%20Free%20Library%20-%20The%20Lewis%20Auditorium",FAILED,""
"https://urbanafreelibrary.libnet.info/event/13875996","https://addtocalendar.com/atc/google?utz=0&uln=en-US@posix&vjs=1.5&e[0][date_start]=2026-09-24%2010%3A15%3A00&e[0][date_end]=2026-09-24%2010%3A45%3A00&e[0][timezone]=America%2FChicago&e[0][title]=Crafty%20Tales&e[0][location]=The%20Urbana%20Free%20Library%20-%20The%20Lewis%20Auditorium",FAILED,""
"https://urbanafreelibrary.libnet.info/event/13875996","https://addtocalendar.com/atc/outlook?utz=0&uln=en-US@posix&vjs=1.5&e[0][date_start]=2026-09-24%2010%3A15%3A00&e[0][date_end]=2026-09-24%2010%3A45%3A00&e[0][timezone]=America%2FChicago&e[0][title]=Crafty%20Tales&e[0][location]=The%20Urbana%20Free%20Library%20-%20The%20Lewis%20Auditorium",FAILED,""
"https://urbanafreelibrary.libnet.info/event/13875996","https://addtocalendar.com/atc/outlookonline?utz=0&uln=en-US@posix&vjs=1.5&e[0][date_start]=2026-09-24%2010%3A15%3A00&e[0][date_end]=2026-09-24%2010%3A45%3A00&e[0][timezone]=America%2FChicago&e[0][title]=Crafty%20Tales&e[0][location]=The%20Urbana%20Free%20Library%20-%20The%20Lewis%20Auditorium",FAILED,""
"https://urbanafreelibrary.libnet.info/event/13875996","https://addtocalendar.com/atc/yahoo?utz=0&uln=en-US@posix&vjs=1.5&e[0][date_start]=2026-09-24%2010%3A15%3A00&e[0][date_end]=2026-09-24%2010%3A45%3A00&e[0][timezone]=America%2FChicago&e[0][title]=Crafty%20Tales&e[0][location]=The%20Urbana%20Free%20Library%20-%20The%20Lewis%20Auditorium",FAILED,""
"https://urbanafreelibrary.libnet.info/event/15410948","https://addtocalendar.com/atc/ical?utz=0&uln=en-US@posix&vjs=1.5&e[0][date_start]=2026-09-24%2012%3A00%3A00&e[0][date_end]=2026-09-24%2013%3A30%3A00&e[0][timezone]=America%2FChicago&e[0][title]=Senior%20Happy%20Hour&e[0][location]=The%20Urbana%20Free%20Library%20-%20MacFarlane-Hood%20Reading%20Room",FAILED,""
"https://urbanafreelibrary.libnet.info/event/15410948","https://addtocalendar.com/atc/google?utz=0&uln=en-US@posix&vjs=1.5&e[0][date_start]=2026-09-24%2012%3A00%3A00&e[0][date_end]=2026-09-24%2013%3A30%3A00&e[0][timezone]=America%2FChicago&e[0][title]=Senior%20Happy%20Hour&e[0][location]=The%20Urbana%20Free%20Library%20-%20MacFarlane-Hood%20Reading%20Room",FAILED,""
"https://urbanafreelibrary.libnet.info/event/15410948","https://addtocalendar.com/atc/outlook?utz=0&uln=en-US@posix&vjs=1.5&e[0][date_start]=2026-09-24%2012%3A00%3A00&e[0][date_end]=2026-09-24%2013%3A30%3A00&e[0][timezone]=America%2FChicago&e[0][title]=Senior%20Happy%20Hour&e[0][location]=The%20Urbana%20Free%20Library%20-%20MacFarlane-Hood%20Reading%20Room",FAILED,""
"https://urbanafreelibrary.libnet.info/event/15410948","https://addtocalendar.com/atc/outlookonline?utz=0&uln=en-US@posix&vjs=1.5&e[0][date_start]=2026-09-24%2012%3A00%3A00&e[0][date_end]=2026-09-24%2013%3A30%3A00&e[0][timezone]=America%2FChicago&e[0][title]=Senior%20Happy%20Hour&e[0][location]=The%20Urbana%20Free%20Library%20-%20MacFarlane-Hood%20Reading%20Room",FAILED,""
"https://urbanafreelibrary.libnet.info/event/15410948","https://addtocalendar.com/atc/yahoo?utz=0&uln=en-US@posix&vjs=1.5&e[0][date_start]=2026-09-24%2012%3A00%3A00&e[0][date_end]=2026-09-24%2013%3A30%3A00&e[0][timezone]=America%2FChicago&e[0][title]=Senior%20Happy%20Hour&e[0][location]=The%20Urbana%20Free%20Library%20-%20MacFarlane-Hood%20Reading%20Room",FAILED,""
"https://urbanafreelibrary.libnet.info/event/17264604","https://addtocalendar.com/atc/ical?utz=0&uln=en-US@posix&vjs=1.5&e[0][date_start]=2026-09-24%2015%3A00%3A00&e[0][date_end]=2026-09-24%2017%3A30%3A00&e[0][timezone]=America%2FChicago&e[0][title]=Teen%20Open%20Lab&e[0][location]=The%20Urbana%20Free%20Library%20-%20The%20Lewis%20Auditorium",FAILED,""
"https://urbanafreelibrary.libnet.info/event/17264604","https://addtocalendar.com/atc/google?utz=0&uln=en-US@posix&vjs=1.5&e[0][date_start]=2026-09-24%2015%3A00%3A00&e[0][date_end]=2026-09-24%2017%3A30%3A00&e[0][timezone]=America%2FChicago&e[0][title]=Teen%20Open%20Lab&e[0][location]=The%20Urbana%20Free%20Library%20-%20The%20Lewis%20Auditorium",FAILED,""
"https://urbanafreelibrary.libnet.info/event/17264604","https://addtocalendar.com/atc/outlook?utz=0&uln=en-US@posix&vjs=1.5&e[0][date_start]=2026-09-24%2015%3A00%3A00&e[0][date_end]=2026-09-24%2017%3A30%3A00&e[0][timezone]=America%2FChicago&e[0][title]=Teen%20Open%20Lab&e[0][location]=The%20Urbana%20Free%20Library%20-%20The%20Lewis%20Auditorium",FAILED,""
"https://urbanafreelibrary.libnet.info/event/17264604","https://addtocalendar.com/atc/outlookonline?utz=0&uln=en-US@posix&vjs=1.5&e[0][date_start]=2026-09-24%2015%3A00%3A00&e[0][date_end]=2026-09-24%2017%3A30%3A00&e[0][timezone]=America%2FChicago&e[0][title]=Teen%20Open%20Lab&e[0][location]=The%20Urbana%20Free%20Library%20-%20The%20Lewis%20Auditorium",FAILED,""
"https://urbanafreelibrary.libnet.info/event/17264604","https://addtocalendar.com/atc/yahoo?utz=0&uln=en-US@posix&vjs=1.5&e[0][date_start]=2026-09-24%2015%3A00%3A00&e[0][date_end]=2026-09-24%2017%3A30%3A00&e[0][timezone]=America%2FChicago&e[0][title]=Teen%20Open%20Lab&e[0][location]=The%20Urbana%20Free%20Library%20-%20The%20Lewis%20Auditorium",FAILED,""
"https://urbanafreelibrary.libnet.info/event/17112823","https://addtocalendar.com/atc/ical?utz=0&uln=en-US@posix&vjs=1.5&e[0][date_start]=2026-09-26%2010%3A00%3A00&e[0][date_end]=2026-09-26%2016%3A00%3A00&e[0][timezone]=America%2FChicago&e[0][title]=Youth%20Literature%20Festival%20Community%20Day&e[0][location]=I-Hotel%20%26amp%3B%20Conference%20Center%20-%20",FAILED,""
"https://urbanafreelibrary.libnet.info/event/17112823","https://addtocalendar.com/atc/google?utz=0&uln=en-US@posix&vjs=1.5&e[0][date_start]=2026-09-26%2010%3A00%3A00&e[0][date_end]=2026-09-26%2016%3A00%3A00&e[0][timezone]=America%2FChicago&e[0][title]=Youth%20Literature%20Festival%20Community%20Day&e[0][location]=I-Hotel%20%26amp%3B%20Conference%20Center%20-%20",FAILED,""
"https://urbanafreelibrary.libnet.info/event/17112823","https://addtocalendar.com/atc/outlook?utz=0&uln=en-US@posix&vjs=1.5&e[0][date_start]=2026-09-26%2010%3A00%3A00&e[0][date_end]=2026-09-26%2016%3A00%3A00&e[0][timezone]=America%2FChicago&e[0][title]=Youth%20Literature%20Festival%20Community%20Day&e[0][location]=I-Hotel%20%26amp%3B%20Conference%20Center%20-%20",FAILED,""
"https://urbanafreelibrary.libnet.info/event/17112823","https://addtocalendar.com/atc/outlookonline?utz=0&uln=en-US@posix&vjs=1.5&e[0][date_start]=2026-09-26%2010%3A00%3A00&e[0][date_end]=2026-09-26%2016%3A00%3A00&e[0][timezone]=America%2FChicago&e[0][title]=Youth%20Literature%20Festival%20Community%20Day&e[0][location]=I-Hotel%20%26amp%3B%20Conference%20Center%20-%20",FAILED,""
"https://urbanafreelibrary.libnet.info/event/17112823","https://addtocalendar.com/atc/yahoo?utz=0&uln=en-US@posix&vjs=1.5&e[0][date_start]=2026-09-26%2010%3A00%3A00&e[0][date_end]=2026-09-26%2016%3A00%3A00&e[0][timezone]=America%2FChicago&e[0][title]=Youth%20Literature%20Festival%20Community%20Day&e[0][location]=I-Hotel%20%26amp%3B%20Conference%20Center%20-%20",FAILED,""
"https://urbanafreelibrary.libnet.info/event/16950172","https://addtocalendar.com/atc/ical?utz=0&uln=en-US@posix&vjs=1.5&e[0][date_start]=2026-09-26%2010%3A15%3A00&e[0][date_end]=2026-09-26%2010%3A45%3A00&e[0][timezone]=America%2FChicago&e[0][title]=Saturday%20Story%20Time&e[0][location]=The%20Urbana%20Free%20Library%20-%20Megan%27s%20Reading%20Room",FAILED,""
"https://urbanafreelibrary.libnet.info/event/16950172","https://addtocalendar.com/atc/google?utz=0&uln=en-US@posix&vjs=1.5&e[0][date_start]=2026-09-26%2010%3A15%3A00&e[0][date_end]=2026-09-26%2010%3A45%3A00&e[0][timezone]=America%2FChicago&e[0][title]=Saturday%20Story%20Time&e[0][location]=The%20Urbana%20Free%20Library%20-%20Megan%27s%20Reading%20Room",FAILED,""
"https://urbanafreelibrary.libnet.info/event/16950172","https://addtocalendar.com/atc/outlook?utz=0&uln=en-US@posix&vjs=1.5&e[0][date_start]=2026-09-26%2010%3A15%3A00&e[0][date_end]=2026-09-26%2010%3A45%3A00&e[0][timezone]=America%2FChicago&e[0][title]=Saturday%20Story%20Time&e[0][location]=The%20Urbana%20Free%20Library%20-%20Megan%27s%20Reading%20Room",FAILED,""
"https://urbanafreelibrary.libnet.info/event/16950172","https://addtocalendar.com/atc/outlookonline?utz=0&uln=en-US@posix&vjs=1.5&e[0][date_start]=2026-09-26%2010%3A15%3A00&e[0][date_end]=2026-09-26%2010%3A45%3A00&e[0][timezone]=America%2FChicago&e[0][title]=Saturday%20Story%20Time&e[0][location]=The%20Urbana%20Free%20Library%20-%20Megan%27s%20Reading%20Room",FAILED,""
"https://urbanafreelibrary.libnet.info/event/16950172","https://addtocalendar.com/atc/yahoo?utz=0&uln=en-US@posix&vjs=1.5&e[0][date_start]=2026-09-26%2010%3A15%3A00&e[0][date_end]=2026-09-26%2010%3A45%3A00&e[0][timezone]=America%2FChicago&e[0][title]=Saturday%20Story%20Time&e[0][location]=The%20Urbana%20Free%20Library%20-%20Megan%27s%20Reading%20Room",FAILED,""
"https://urbanafreelibrary.libnet.info/event/16869048","https://addtocalendar.com/atc/ical?utz=0&uln=en-US@posix&vjs=1.5&e[0][date_start]=2026-09-26%2013%3A00%3A00&e[0][date_end]=2026-09-26%2015%3A00%3A00&e[0][timezone]=America%2FChicago&e[0][title]=Artventures%20at%20Krannert%20Art%20Museum&e[0][location]=Krannert%20Art%20Museum%20-%20",FAILED,""
"https://urbanafreelibrary.libnet.info/event/16869048","https://addtocalendar.com/atc/google?utz=0&uln=en-US@posix&vjs=1.5&e[0][date_start]=2026-09-26%2013%3A00%3A00&e[0][date_end]=2026-09-26%2015%3A00%3A00&e[0][timezone]=America%2FChicago&e[0][title]=Artventures%20at%20Krannert%20Art%20Museum&e[0][location]=Krannert%20Art%20Museum%20-%20",FAILED,""
"https://urbanafreelibrary.libnet.info/event/16869048","https://addtocalendar.com/atc/outlook?utz=0&uln=en-US@posix&vjs=1.5&e[0][date_start]=2026-09-26%2013%3A00%3A00&e[0][date_end]=2026-09-26%2015%3A00%3A00&e[0][timezone]=America%2FChicago&e[0][title]=Artventures%20at%20Krannert%20Art%20Museum&e[0][location]=Krannert%20Art%20Museum%20-%20",FAILED,""
"https://urbanafreelibrary.libnet.info/event/16869048","https://addtocalendar.com/atc/outlookonline?utz=0&uln=en-US@posix&vjs=1.5&e[0][date_start]=2026-09-26%2013%3A00%3A00&e[0][date_end]=2026-09-26%2015%3A00%3A00&e[0][timezone]=America%2FChicago&e[0][title]=Artventures%20at%20Krannert%20Art%20Museum&e[0][location]=Krannert%20Art%20Museum%20-%20",FAILED,""
"https://urbanafreelibrary.libnet.info/event/16869048","https://addtocalendar.com/atc/yahoo?utz=0&uln=en-US@posix&vjs=1.5&e[0][date_start]=2026-09-26%2013%3A00%3A00&e[0][date_end]=2026-09-26%2015%3A00%3A00&e[0][timezone]=America%2FChicago&e[0][title]=Artventures%20at%20Krannert%20Art%20Museum&e[0][location]=Krannert%20Art%20Museum%20-%20",FAILED,""
"https://urbanafreelibrary.libnet.info/event/16603829","https://addtocalendar.com/atc/ical?utz=0&uln=en-US@posix&vjs=1.5&e[0][date_start]=2026-09-28%2010%3A00%3A00&e[0][date_end]=2026-09-28%2012%3A00%3A00&e[0][timezone]=America%2FChicago&e[0][title]=Project%20Read&e[0][location]=The%20Urbana%20Free%20Library%20-%20The%20Lewis%20Auditorium",FAILED,""
"https://urbanafreelibrary.libnet.info/event/16603829","https://addtocalendar.com/atc/google?utz=0&uln=en-US@posix&vjs=1.5&e[0][date_start]=2026-09-28%2010%3A00%3A00&e[0][date_end]=2026-09-28%2012%3A00%3A00&e[0][timezone]=America%2FChicago&e[0][title]=Project%20Read&e[0][location]=The%20Urbana%20Free%20Library%20-%20The%20Lewis%20Auditorium",FAILED,""
"https://urbanafreelibrary.libnet.info/event/16603829","https://addtocalendar.com/atc/outlook?utz=0&uln=en-US@posix&vjs=1.5&e[0][date_start]=2026-09-28%2010%3A00%3A00&e[0][date_end]=2026-09-28%2012%3A00%3A00&e[0][timezone]=America%2FChicago&e[0][title]=Project%20Read&e[0][location]=The%20Urbana%20Free%20Library%20-%20The%20Lewis%20Auditorium",FAILED,""
"https://urbanafreelibrary.libnet.info/event/16603829","https://addtocalendar.com/atc/outlookonline?utz=0&uln=en-US@posix&vjs=1.5&e[0][date_start]=2026-09-28%2010%3A00%3A00&e[0][date_end]=2026-09-28%2012%3A00%3A00&e[0][timezone]=America%2FChicago&e[0][title]=Project%20Read&e[0][location]=The%20Urbana%20Free%20Library%20-%20The%20Lewis%20Auditorium",FAILED,""
"https://urbanafreelibrary.libnet.info/event/16603829","https://addtocalendar.com/atc/yahoo?utz=0&uln=en-US@posix&vjs=1.5&e[0][date_start]=2026-09-28%2010%3A00%3A00&e[0][date_end]=2026-09-28%2012%3A00%3A00&e[0][timezone]=America%2FChicago&e[0][title]=Project%20Read&e[0][location]=The%20Urbana%20Free%20Library%20-%20The%20Lewis%20Auditorium",FAILED,""
"https://urbanafreelibrary.libnet.info/event/15337274","https://addtocalendar.com/atc/ical?utz=0&uln=en-US@posix&vjs=1.5&e[0][date_start]=2026-09-28%2018%3A30%3A00&e[0][date_end]=2026-09-28%2019%3A30%3A00&e[0][timezone]=America%2FChicago&e[0][title]=Swipe%20Right%3A%20A%20Romance%20Book%20Club&e[0][location]=The%20Urbana%20Free%20Library%20-%20The%20Lewis%20Auditorium",FAILED,""
"https://urbanafreelibrary.libnet.info/event/15337274","https://addtocalendar.com/atc/google?utz=0&uln=en-US@posix&vjs=1.5&e[0][date_start]=2026-09-28%2018%3A30%3A00&e[0][date_end]=2026-09-28%2019%3A30%3A00&e[0][timezone]=America%2FChicago&e[0][title]=Swipe%20Right%3A%20A%20Romance%20Book%20Club&e[0][location]=The%20Urbana%20Free%20Library%20-%20The%20Lewis%20Auditorium",FAILED,""
"https://urbanafreelibrary.libnet.info/event/15337274","https://addtocalendar.com/atc/outlook?utz=0&uln=en-US@posix&vjs=1.5&e[0][date_start]=2026-09-28%2018%3A30%3A00&e[0][date_end]=2026-09-28%2019%3A30%3A00&e[0][timezone]=America%2FChicago&e[0][title]=Swipe%20Right%3A%20A%20Romance%20Book%20Club&e[0][location]=The%20Urbana%20Free%20Library%20-%20The%20Lewis%20Auditorium",FAILED,""
"https://urbanafreelibrary.libnet.info/event/15337274","https://addtocalendar.com/atc/outlookonline?utz=0&uln=en-US@posix&vjs=1.5&e[0][date_start]=2026-09-28%2018%3A30%3A00&e[0][date_end]=2026-09-28%2019%3A30%3A00&e[0][timezone]=America%2FChicago&e[0][title]=Swipe%20Right%3A%20A%20Romance%20Book%20Club&e[0][location]=The%20Urbana%20Free%20Library%20-%20The%20Lewis%20Auditorium",FAILED,""
"https://urbanafreelibrary.libnet.info/event/15337274","https://addtocalendar.com/atc/yahoo?utz=0&uln=en-US@posix&vjs=1.5&e[0][date_start]=2026-09-28%2018%3A30%3A00&e[0][date_end]=2026-09-28%2019%3A30%3A00&e[0][timezone]=America%2FChicago&e[0][title]=Swipe%20Right%3A%20A%20Romance%20Book%20Club&e[0][location]=The%20Urbana%20Free%20Library%20-%20The%20Lewis%20Auditorium",FAILED,""
"https://urbanafreelibrary.libnet.info/event/13875985","https://addtocalendar.com/atc/ical?utz=0&uln=en-US@posix&vjs=1.5&e[0][date_start]=2026-09-29%2010%3A15%3A00&e[0][date_end]=2026-09-29%2010%3A40%3A00&e[0][timezone]=America%2FChicago&e[0][title]=Books%20and%20Bounces!&e[0][location]=The%20Urbana%20Free%20Library%20-%20The%20Lewis%20Auditorium",FAILED,""
"https://urbanafreelibrary.libnet.info/event/13875985","https://addtocalendar.com/atc/google?utz=0&uln=en-US@posix&vjs=1.5&e[0][date_start]=2026-09-29%2010%3A15%3A00&e[0][date_end]=2026-09-29%2010%3A40%3A00&e[0][timezone]=America%2FChicago&e[0][title]=Books%20and%20Bounces!&e[0][location]=The%20Urbana%20Free%20Library%20-%20The%20Lewis%20Auditorium",FAILED,""
"https://urbanafreelibrary.libnet.info/event/13875985","https://addtocalendar.com/atc/outlook?utz=0&uln=en-US@posix&vjs=1.5&e[0][date_start]=2026-09-29%2010%3A15%3A00&e[0][date_end]=2026-09-29%2010%3A40%3A00&e[0][timezone]=America%2FChicago&e[0][title]=Books%20and%20Bounces!&e[0][location]=The%20Urbana%20Free%20Library%20-%20The%20Lewis%20Auditorium",FAILED,""
"https://urbanafreelibrary.libnet.info/event/13875985","https://addtocalendar.com/atc/outlookonline?utz=0&uln=en-US@posix&vjs=1.5&e[0][date_start]=2026-09-29%2010%3A15%3A00&e[0][date_end]=2026-09-29%2010%3A40%3A00&e[0][timezone]=America%2FChicago&e[0][title]=Books%20and%20Bounces!&e[0][location]=The%20Urbana%20Free%20Library%20-%20The%20Lewis%20Auditorium",FAILED,""
"https://urbanafreelibrary.libnet.info/event/13875985","https://addtocalendar.com/atc/yahoo?utz=0&uln=en-US@posix&vjs=1.5&e[0][date_start]=2026-09-29%2010%3A15%3A00&e[0][date_end]=2026-09-29%2010%3A40%3A00&e[0][timezone]=America%2FChicago&e[0][title]=Books%20and%20Bounces!&e[0][location]=The%20Urbana%20Free%20Library%20-%20The%20Lewis%20Auditorium",FAILED,""
"https://urbanafreelibrary.libnet.info/event/17239278","https://addtocalendar.com/atc/ical?utz=0&uln=en-US@posix&vjs=1.5&e[0][date_start]=2026-09-29%2010%3A45%3A00&e[0][date_end]=2026-09-29%2011%3A45%3A00&e[0][timezone]=America%2FChicago&e[0][title]=Play%20%26amp%3B%20Learn%20With%20Me!%20A%20Paving%20Pathways%20Playgroup&e[0][location]=The%20Urbana%20Free%20Library%20-%20Megan%27s%20Reading%20Room",FAILED,""
"https://urbanafreelibrary.libnet.info/event/17239278","https://addtocalendar.com/atc/google?utz=0&uln=en-US@posix&vjs=1.5&e[0][date_start]=2026-09-29%2010%3A45%3A00&e[0][date_end]=2026-09-29%2011%3A45%3A00&e[0][timezone]=America%2FChicago&e[0][title]=Play%20%26amp%3B%20Learn%20With%20Me!%20A%20Paving%20Pathways%20Playgroup&e[0][location]=The%20Urbana%20Free%20Library%20-%20Megan%27s%20Reading%20Room",FAILED,""
"https://urbanafreelibrary.libnet.info/event/17239278","https://addtocalendar.com/atc/outlook?utz=0&uln=en-US@posix&vjs=1.5&e[0][date_start]=2026-09-29%2010%3A45%3A00&e[0][date_end]=2026-09-29%2011%3A45%3A00&e[0][timezone]=America%2FChicago&e[0][title]=Play%20%26amp%3B%20Learn%20With%20Me!%20A%20Paving%20Pathways%20Playgroup&e[0][location]=The%20Urbana%20Free%20Library%20-%20Megan%27s%20Reading%20Room",FAILED,""
"https://urbanafreelibrary.libnet.info/event/17239278","https://addtocalendar.com/atc/outlookonline?utz=0&uln=en-US@posix&vjs=1.5&e[0][date_start]=2026-09-29%2010%3A45%3A00&e[0][date_end]=2026-09-29%2011%3A45%3A00&e[0][timezone]=America%2FChicago&e[0][title]=Play%20%26amp%3B%20Learn%20With%20Me!%20A%20Paving%20Pathways%20Playgroup&e[0][location]=The%20Urbana%20Free%20Library%20-%20Megan%27s%20Reading%20Room",FAILED,""
"https://urbanafreelibrary.libnet.info/event/17239278","https://addtocalendar.com/atc/yahoo?utz=0&uln=en-US@posix&vjs=1.5&e[0][date_start]=2026-09-29%2010%3A45%3A00&e[0][date_end]=2026-09-29%2011%3A45%3A00&e[0][timezone]=America%2FChicago&e[0][title]=Play%20%26amp%3B%20Learn%20With%20Me!%20A%20Paving%20Pathways%20Playgroup&e[0][location]=The%20Urbana%20Free%20Library%20-%20Megan%27s%20Reading%20Room",FAILED,""
"https://urbanafreelibrary.libnet.info/event/17265131","https://addtocalendar.com/atc/ical?utz=0&uln=en-US@posix&vjs=1.5&e[0][date_start]=2026-09-29%2015%3A00%3A00&e[0][date_end]=2026-09-29%2017%3A30%3A00&e[0][timezone]=America%2FChicago&e[0][title]=Teen%20Open%20Lab&e[0][location]=The%20Urbana%20Free%20Library%20-%20The%20Lewis%20Auditorium",FAILED,""
"https://urbanafreelibrary.libnet.info/event/17265131","https://addtocalendar.com/atc/google?utz=0&uln=en-US@posix&vjs=1.5&e[0][date_start]=2026-09-29%2015%3A00%3A00&e[0][date_end]=2026-09-29%2017%3A30%3A00&e[0][timezone]=America%2FChicago&e[0][title]=Teen%20Open%20Lab&e[0][location]=The%20Urbana%20Free%20Library%20-%20The%20Lewis%20Auditorium",FAILED,""
"https://urbanafreelibrary.libnet.info/event/17265131","https://addtocalendar.com/atc/outlook?utz=0&uln=en-US@posix&vjs=1.5&e[0][date_start]=2026-09-29%2015%3A00%3A00&e[0][date_end]=2026-09-29%2017%3A30%3A00&e[0][timezone]=America%2FChicago&e[0][title]=Teen%20Open%20Lab&e[0][location]=The%20Urbana%20Free%20Library%20-%20The%20Lewis%20Auditorium",FAILED,""
"https://urbanafreelibrary.libnet.info/event/17265131","https://addtocalendar.com/atc/outlookonline?utz=0&uln=en-US@posix&vjs=1.5&e[0][date_start]=2026-09-29%2015%3A00%3A00&e[0][date_end]=2026-09-29%2017%3A30%3A00&e[0][timezone]=America%2FChicago&e[0][title]=Teen%20Open%20Lab&e[0][location]=The%20Urbana%20Free%20Library%20-%20The%20Lewis%20Auditorium",FAILED,""
"https://urbanafreelibrary.libnet.info/event/17265131","https://addtocalendar.com/atc/yahoo?utz=0&uln=en-US@posix&vjs=1.5&e[0][date_start]=2026-09-29%2015%3A00%3A00&e[0][date_end]=2026-09-29%2017%3A30%3A00&e[0][timezone]=America%2FChicago&e[0][title]=Teen%20Open%20Lab&e[0][location]=The%20Urbana%20Free%20Library%20-%20The%20Lewis%20Auditorium",FAILED,""
"https://urbanafreelibrary.libnet.info/event/17264231","https://addtocalendar.com/atc/ical?utz=0&uln=en-US@posix&vjs=1.5&e[0][date_start]=2026-09-30%2015%3A00%3A00&e[0][date_end]=2026-09-30%2017%3A30%3A00&e[0][timezone]=America%2FChicago&e[0][title]=Teen%20Open%20Lab&e[0][location]=The%20Urbana%20Free%20Library%20-%20The%20Lewis%20Auditorium",FAILED,""
"https://urbanafreelibrary.libnet.info/event/17264231","https://addtocalendar.com/atc/google?utz=0&uln=en-US@posix&vjs=1.5&e[0][date_start]=2026-09-30%2015%3A00%3A00&e[0][date_end]=2026-09-30%2017%3A30%3A00&e[0][timezone]=America%2FChicago&e[0][title]=Teen%20Open%20Lab&e[0][location]=The%20Urbana%20Free%20Library%20-%20The%20Lewis%20Auditorium",FAILED,""
"https://urbanafreelibrary.libnet.info/event/17264231","https://addtocalendar.com/atc/outlook?utz=0&uln=en-US@posix&vjs=1.5&e[0][date_start]=2026-09-30%2015%3A00%3A00&e[0][date_end]=2026-09-30%2017%3A30%3A00&e[0][timezone]=America%2FChicago&e[0][title]=Teen%20Open%20Lab&e[0][location]=The%20Urbana%20Free%20Library%20-%20The%20Lewis%20Auditorium",FAILED,""
"https://urbanafreelibrary.libnet.info/event/17264231","https://addtocalendar.com/atc/outlookonline?utz=0&uln=en-US@posix&vjs=1.5&e[0][date_start]=2026-09-30%2015%3A00%3A00&e[0][date_end]=2026-09-30%2017%3A30%3A00&e[0][timezone]=America%2FChicago&e[0][title]=Teen%20Open%20Lab&e[0][location]=The%20Urbana%20Free%20Library%20-%20The%20Lewis%20Auditorium",FAILED,""
"https://urbanafreelibrary.libnet.info/event/17264231","https://addtocalendar.com/atc/yahoo?utz=0&uln=en-US@posix&vjs=1.5&e[0][date_start]=2026-09-30%2015%3A00%3A00&e[0][date_end]=2026-09-30%2017%3A30%3A00&e[0][timezone]=America%2FChicago&e[0][title]=Teen%20Open%20Lab&e[0][location]=The%20Urbana%20Free%20Library%20-%20The%20Lewis%20Auditorium",FAILED,""
"https://urbanafreelibrary.libnet.info/event/17146670","https://addtocalendar.com/atc/ical?utz=0&uln=en-US@posix&vjs=1.5&e[0][date_start]=2026-09-30%2016%3A00%3A00&e[0][date_end]=2026-09-30%2018%3A00%3A00&e[0][timezone]=America%2FChicago&e[0][title]=Project%20Read%20Game%20Night&e[0][location]=The%20Urbana%20Free%20Library%20-%20Busey-Mills%20Reading%20Room",FAILED,""
"https://urbanafreelibrary.libnet.info/event/17146670","https://addtocalendar.com/atc/google?utz=0&uln=en-US@posix&vjs=1.5&e[0][date_start]=2026-09-30%2016%3A00%3A00&e[0][date_end]=2026-09-30%2018%3A00%3A00&e[0][timezone]=America%2FChicago&e[0][title]=Project%20Read%20Game%20Night&e[0][location]=The%20Urbana%20Free%20Library%20-%20Busey-Mills%20Reading%20Room",FAILED,""
"https://urbanafreelibrary.libnet.info/event/17146670","https://addtocalendar.com/atc/outlook?utz=0&uln=en-US@posix&vjs=1.5&e[0][date_start]=2026-09-30%2016%3A00%3A00&e[0][date_end]=2026-09-30%2018%3A00%3A00&e[0][timezone]=America%2FChicago&e[0][title]=Project%20Read%20Game%20Night&e[0][location]=The%20Urbana%20Free%20Library%20-%20Busey-Mills%20Reading%20Room",FAILED,""
"https://urbanafreelibrary.libnet.info/event/17146670","https://addtocalendar.com/atc/outlookonline?utz=0&uln=en-US@posix&vjs=1.5&e[0][date_start]=2026-09-30%2016%3A00%3A00&e[0][date_end]=2026-09-30%2018%3A00%3A00&e[0][timezone]=America%2FChicago&e[0][title]=Project%20Read%20Game%20Night&e[0][location]=The%20Urbana%20Free%20Library%20-%20Busey-Mills%20Reading%20Room",FAILED,""
"https://urbanafreelibrary.libnet.info/event/17146670","https://addtocalendar.com/atc/yahoo?utz=0&uln=en-US@posix&vjs=1.5&e[0][date_start]=2026-09-30%2016%3A00%3A00&e[0][date_end]=2026-09-30%2018%3A00%3A00&e[0][timezone]=America%2FChicago&e[0][title]=Project%20Read%20Game%20Night&e[0][location]=The%20Urbana%20Free%20Library%20-%20Busey-Mills%20Reading%20Room",FAILED,""
"https://urbanafreelibrary.libnet.info/event/17168381","https://addtocalendar.com/atc/ical?utz=0&uln=en-US@posix&vjs=1.5&e[0][date_start]=2026-10-01%2000%3A00%3A00&e[0][date_end]=2026-10-01%2023%3A59%3A00&e[0][timezone]=America%2FChicago&e[0][title]=IHLS%20Library%20Crawl&e[0][location]=The%20Urbana%20Free%20Library%20-%20Library",FAILED,""
"https://urbanafreelibrary.libnet.info/event/17168381","https://addtocalendar.com/atc/google?utz=0&uln=en-US@posix&vjs=1.5&e[0][date_start]=2026-10-01%2000%3A00%3A00&e[0][date_end]=2026-10-01%2023%3A59%3A00&e[0][timezone]=America%2FChicago&e[0][title]=IHLS%20Library%20Crawl&e[0][location]=The%20Urbana%20Free%20Library%20-%20Library",FAILED,""
"https://urbanafreelibrary.libnet.info/event/17168381","https://addtocalendar.com/atc/outlook?utz=0&uln=en-US@posix&vjs=1.5&e[0][date_start]=2026-10-01%2000%3A00%3A00&e[0][date_end]=2026-10-01%2023%3A59%3A00&e[0][timezone]=America%2FChicago&e[0][title]=IHLS%20Library%20Crawl&e[0][location]=The%20Urbana%20Free%20Library%20-%20Library",FAILED,""
"https://urbanafreelibrary.libnet.info/event/17168381","https://addtocalendar.com/atc/outlookonline?utz=0&uln=en-US@posix&vjs=1.5&e[0][date_start]=2026-10-01%2000%3A00%3A00&e[0][date_end]=2026-10-01%2023%3A59%3A00&e[0][timezone]=America%2FChicago&e[0][title]=IHLS%20Library%20Crawl&e[0][location]=The%20Urbana%20Free%20Library%20-%20Library",FAILED,""
"https://urbanafreelibrary.libnet.info/event/17168381","https://addtocalendar.com/atc/yahoo?utz=0&uln=en-US@posix&vjs=1.5&e[0][date_start]=2026-10-01%2000%3A00%3A00&e[0][date_end]=2026-10-01%2023%3A59%3A00&e[0][timezone]=America%2FChicago&e[0][title]=IHLS%20Library%20Crawl&e[0][location]=The%20Urbana%20Free%20Library%20-%20Library",FAILED,""
"https://urbanafreelibrary.libnet.info/event/16524436","https://addtocalendar.com/atc/ical?utz=0&uln=en-US@posix&vjs=1.5&e[0][date_start]=2026-10-01%2000%3A00%3A00&e[0][date_end]=2026-10-01%2023%3A59%3A00&e[0][timezone]=America%2FChicago&e[0][title]=Make%20and%20Take%20Craft&e[0][location]=The%20Urbana%20Free%20Library%20-%20Children%27s%20Area",FAILED,""
"https://urbanafreelibrary.libnet.info/event/16524436","https://addtocalendar.com/atc/google?utz=0&uln=en-US@posix&vjs=1.5&e[0][date_start]=2026-10-01%2000%3A00%3A00&e[0][date_end]=2026-10-01%2023%3A59%3A00&e[0][timezone]=America%2FChicago&e[0][title]=Make%20and%20Take%20Craft&e[0][location]=The%20Urbana%20Free%20Library%20-%20Children%27s%20Area",FAILED,""
"https://urbanafreelibrary.libnet.info/event/16524436","https://addtocalendar.com/atc/outlook?utz=0&uln=en-US@posix&vjs=1.5&e[0][date_start]=2026-10-01%2000%3A00%3A00&e[0][date_end]=2026-10-01%2023%3A59%3A00&e[0][timezone]=America%2FChicago&e[0][title]=Make%20and%20Take%20Craft&e[0][location]=The%20Urbana%20Free%20Library%20-%20Children%27s%20Area",FAILED,""
"https://urbanafreelibrary.libnet.info/event/16524436","https://addtocalendar.com/atc/outlookonline?utz=0&uln=en-US@posix&vjs=1.5&e[0][date_start]=2026-10-01%2000%3A00%3A00&e[0][date_end]=2026-10-01%2023%3A59%3A00&e[0][timezone]=America%2FChicago&e[0][title]=Make%20and%20Take%20Craft&e[0][location]=The%20Urbana%20Free%20Library%20-%20Children%27s%20Area",FAILED,""
"https://urbanafreelibrary.libnet.info/event/16524436","https://addtocalendar.com/atc/yahoo?utz=0&uln=en-US@posix&vjs=1.5&e[0][date_start]=2026-10-01%2000%3A00%3A00&e[0][date_end]=2026-10-01%2023%3A59%3A00&e[0][timezone]=America%2FChicago&e[0][title]=Make%20and%20Take%20Craft&e[0][location]=The%20Urbana%20Free%20Library%20-%20Children%27s%20Area",FAILED,""
"https://urbanafreelibrary.libnet.info/event/13876088","https://addtocalendar.com/atc/ical?utz=0&uln=en-US@posix&vjs=1.5&e[0][date_start]=2026-10-01%2010%3A15%3A00&e[0][date_end]=2026-10-01%2010%3A45%3A00&e[0][timezone]=America%2FChicago&e[0][title]=Crafty%20Tales&e[0][location]=The%20Urbana%20Free%20Library%20-%20The%20Lewis%20Auditorium",FAILED,""
"https://urbanafreelibrary.libnet.info/event/13876088","https://addtocalendar.com/atc/google?utz=0&uln=en-US@posix&vjs=1.5&e[0][date_start]=2026-10-01%2010%3A15%3A00&e[0][date_end]=2026-10-01%2010%3A45%3A00&e[0][timezone]=America%2FChicago&e[0][title]=Crafty%20Tales&e[0][location]=The%20Urbana%20Free%20Library%20-%20The%20Lewis%20Auditorium",FAILED,""
"https://urbanafreelibrary.libnet.info/event/13876088","https://addtocalendar.com/atc/outlook?utz=0&uln=en-US@posix&vjs=1.5&e[0][date_start]=2026-10-01%2010%3A15%3A00&e[0][date_end]=2026-10-01%2010%3A45%3A00&e[0][timezone]=America%2FChicago&e[0][title]=Crafty%20Tales&e[0][location]=The%20Urbana%20Free%20Library%20-%20The%20Lewis%20Auditorium",FAILED,""
"https://urbanafreelibrary.libnet.info/event/13876088","https://addtocalendar.com/atc/outlookonline?utz=0&uln=en-US@posix&vjs=1.5&e[0][date_start]=2026-10-01%2010%3A15%3A00&e[0][date_end]=2026-10-01%2010%3A45%3A00&e[0][timezone]=America%2FChicago&e[0][title]=Crafty%20Tales&e[0][location]=The%20Urbana%20Free%20Library%20-%20The%20Lewis%20Auditorium",FAILED,""
"https://urbanafreelibrary.libnet.info/event/13876088","https://addtocalendar.com/atc/yahoo?utz=0&uln=en-US@posix&vjs=1.5&e[0][date_start]=2026-10-01%2010%3A15%3A00&e[0][date_end]=2026-10-01%2010%3A45%3A00&e[0][timezone]=America%2FChicago&e[0][title]=Crafty%20Tales&e[0][location]=The%20Urbana%20Free%20Library%20-%20The%20Lewis%20Auditorium",FAILED,""
"https://urbanafreelibrary.libnet.info/event/17264605","https://addtocalendar.com/atc/ical?utz=0&uln=en-US@posix&vjs=1.5&e[0][date_start]=2026-10-01%2015%3A00%3A00&e[0][date_end]=2026-10-01%2017%3A30%3A00&e[0][timezone]=America%2FChicago&e[0][title]=Teen%20Open%20Lab&e[0][location]=The%20Urbana%20Free%20Library%20-%20The%20Lewis%20Auditorium",FAILED,""
"https://urbanafreelibrary.libnet.info/event/17264605","https://addtocalendar.com/atc/google?utz=0&uln=en-US@posix&vjs=1.5&e[0][date_start]=2026-10-01%2015%3A00%3A00&e[0][date_end]=2026-10-01%2017%3A30%3A00&e[0][timezone]=America%2FChicago&e[0][title]=Teen%20Open%20Lab&e[0][location]=The%20Urbana%20Free%20Library%20-%20The%20Lewis%20Auditorium",FAILED,""
"https://urbanafreelibrary.libnet.info/event/17264605","https://addtocalendar.com/atc/outlook?utz=0&uln=en-US@posix&vjs=1.5&e[0][date_start]=2026-10-01%2015%3A00%3A00&e[0][date_end]=2026-10-01%2017%3A30%3A00&e[0][timezone]=America%2FChicago&e[0][title]=Teen%20Open%20Lab&e[0][location]=The%20Urbana%20Free%20Library%20-%20The%20Lewis%20Auditorium",FAILED,""
"https://urbanafreelibrary.libnet.info/event/17264605","https://addtocalendar.com/atc/outlookonline?utz=0&uln=en-US@posix&vjs=1.5&e[0][date_start]=2026-10-01%2015%3A00%3A00&e[0][date_end]=2026-10-01%2017%3A30%3A00&e[0][timezone]=America%2FChicago&e[0][title]=Teen%20Open%20Lab&e[0][location]=The%20Urbana%20Free%20Library%20-%20The%20Lewis%20Auditorium",FAILED,""
"https://urbanafreelibrary.libnet.info/event/17264605","https://addtocalendar.com/atc/yahoo?utz=0&uln=en-US@posix&vjs=1.5&e[0][date_start]=2026-10-01%2015%3A00%3A00&e[0][date_end]=2026-10-01%2017%3A30%3A00&e[0][timezone]=America%2FChicago&e[0][title]=Teen%20Open%20Lab&e[0][location]=The%20Urbana%20Free%20Library%20-%20The%20Lewis%20Auditorium",FAILED,""
"https://urbanafreelibrary.libnet.info/event/17146671","https://addtocalendar.com/atc/ical?utz=0&uln=en-US@posix&vjs=1.5&e[0][date_start]=2026-10-01%2016%3A00%3A00&e[0][date_end]=2026-10-01%2018%3A00%3A00&e[0][timezone]=America%2FChicago&e[0][title]=Project%20Read%20Game%20Night&e[0][location]=The%20Urbana%20Free%20Library%20-%20Busey-Mills%20Reading%20Room",FAILED,""
"https://urbanafreelibrary.libnet.info/event/17146671","https://addtocalendar.com/atc/google?utz=0&uln=en-US@posix&vjs=1.5&e[0][date_start]=2026-10-01%2016%3A00%3A00&e[0][date_end]=2026-10-01%2018%3A00%3A00&e[0][timezone]=America%2FChicago&e[0][title]=Project%20Read%20Game%20Night&e[0][location]=The%20Urbana%20Free%20Library%20-%20Busey-Mills%20Reading%20Room",FAILED,""
"https://urbanafreelibrary.libnet.info/event/17146671","https://addtocalendar.com/atc/outlook?utz=0&uln=en-US@posix&vjs=1.5&e[0][date_start]=2026-10-01%2016%3A00%3A00&e[0][date_end]=2026-10-01%2018%3A00%3A00&e[0][timezone]=America%2FChicago&e[0][title]=Project%20Read%20Game%20Night&e[0][location]=The%20Urbana%20Free%20Library%20-%20Busey-Mills%20Reading%20Room",FAILED,""
"https://urbanafreelibrary.libnet.info/event/17146671","https://addtocalendar.com/atc/outlookonline?utz=0&uln=en-US@posix&vjs=1.5&e[0][date_start]=2026-10-01%2016%3A00%3A00&e[0][date_end]=2026-10-01%2018%3A00%3A00&e[0][timezone]=America%2FChicago&e[0][title]=Project%20Read%20Game%20Night&e[0][location]=The%20Urbana%20Free%20Library%20-%20Busey-Mills%20Reading%20Room",FAILED,""
"https://urbanafreelibrary.libnet.info/event/17146671","https://addtocalendar.com/atc/yahoo?utz=0&uln=en-US@posix&vjs=1.5&e[0][date_start]=2026-10-01%2016%3A00%3A00&e[0][date_end]=2026-10-01%2018%3A00%3A00&e[0][timezone]=America%2FChicago&e[0][title]=Project%20Read%20Game%20Night&e[0][location]=The%20Urbana%20Free%20Library%20-%20Busey-Mills%20Reading%20Room",FAILED,""
"https://urbanafreelibrary.libnet.info/event/16857848","https://addtocalendar.com/atc/ical?utz=0&uln=en-US@posix&vjs=1.5&e[0][date_start]=2026-10-01%2017%3A30%3A00&e[0][date_end]=2026-10-01%2018%3A30%3A00&e[0][timezone]=America%2FChicago&e[0][title]=Conversation%20Caf%C3%A9%20%40%20Health%20and%20Wellness%20Center&e[0][location]=Health%20and%20Wellness%20Center%20-%20",FAILED,""
"https://urbanafreelibrary.libnet.info/event/16857848","https://addtocalendar.com/atc/google?utz=0&uln=en-US@posix&vjs=1.5&e[0][date_start]=2026-10-01%2017%3A30%3A00&e[0][date_end]=2026-10-01%2018%3A30%3A00&e[0][timezone]=America%2FChicago&e[0][title]=Conversation%20Caf%C3%A9%20%40%20Health%20and%20Wellness%20Center&e[0][location]=Health%20and%20Wellness%20Center%20-%20",FAILED,""
"https://urbanafreelibrary.libnet.info/event/16857848","https://addtocalendar.com/atc/outlook?utz=0&uln=en-US@posix&vjs=1.5&e[0][date_start]=2026-10-01%2017%3A30%3A00&e[0][date_end]=2026-10-01%2018%3A30%3A00&e[0][timezone]=America%2FChicago&e[0][title]=Conversation%20Caf%C3%A9%20%40%20Health%20and%20Wellness%20Center&e[0][location]=Health%20and%20Wellness%20Center%20-%20",FAILED,""
"https://urbanafreelibrary.libnet.info/event/16857848","https://addtocalendar.com/atc/outlookonline?utz=0&uln=en-US@posix&vjs=1.5&e[0][date_start]=2026-10-01%2017%3A30%3A00&e[0][date_end]=2026-10-01%2018%3A30%3A00&e[0][timezone]=America%2FChicago&e[0][title]=Conversation%20Caf%C3%A9%20%40%20Health%20and%20Wellness%20Center&e[0][location]=Health%20and%20Wellness%20Center%20-%20",FAILED,""
"https://urbanafreelibrary.libnet.info/event/16857848","https://addtocalendar.com/atc/yahoo?utz=0&uln=en-US@posix&vjs=1.5&e[0][date_start]=2026-10-01%2017%3A30%3A00&e[0][date_end]=2026-10-01%2018%3A30%3A00&e[0][timezone]=America%2FChicago&e[0][title]=Conversation%20Caf%C3%A9%20%40%20Health%20and%20Wellness%20Center&e[0][location]=Health%20and%20Wellness%20Center%20-%20",FAILED,""
"https://urbanafreelibrary.libnet.info/event/17112521","https://addtocalendar.com/atc/ical?utz=0&uln=en-US@posix&vjs=1.5&e[0][date_start]=2026-10-03%2013%3A00%3A00&e[0][date_end]=2026-10-03%2015%3A00%3A00&e[0][timezone]=America%2FChicago&e[0][title]=Illinois%20Central%20Management%20Services%20Career%20Workshop%20&e[0][location]=The%20Urbana%20Free%20Library%20-%20The%20Lewis%20Auditorium",FAILED,""
"https://urbanafreelibrary.libnet.info/event/17112521","https://addtocalendar.com/atc/google?utz=0&uln=en-US@posix&vjs=1.5&e[0][date_start]=2026-10-03%2013%3A00%3A00&e[0][date_end]=2026-10-03%2015%3A00%3A00&e[0][timezone]=America%2FChicago&e[0][title]=Illinois%20Central%20Management%20Services%20Career%20Workshop%20&e[0][location]=The%20Urbana%20Free%20Library%20-%20The%20Lewis%20Auditorium",FAILED,""
"https://urbanafreelibrary.libnet.info/event/17112521","https://addtocalendar.com/atc/outlook?utz=0&uln=en-US@posix&vjs=1.5&e[0][date_start]=2026-10-03%2013%3A00%3A00&e[0][date_end]=2026-10-03%2015%3A00%3A00&e[0][timezone]=America%2FChicago&e[0][title]=Illinois%20Central%20Management%20Services%20Career%20Workshop%20&e[0][location]=The%20Urbana%20Free%20Library%20-%20The%20Lewis%20Auditorium",FAILED,""
"https://urbanafreelibrary.libnet.info/event/17112521","https://addtocalendar.com/atc/outlookonline?utz=0&uln=en-US@posix&vjs=1.5&e[0][date_start]=2026-10-03%2013%3A00%3A00&e[0][date_end]=2026-10-03%2015%3A00%3A00&e[0][timezone]=America%2FChicago&e[0][title]=Illinois%20Central%20Management%20Services%20Career%20Workshop%20&e[0][location]=The%20Urbana%20Free%20Library%20-%20The%20Lewis%20Auditorium",FAILED,""
"https://urbanafreelibrary.libnet.info/event/17112521","https://addtocalendar.com/atc/yahoo?utz=0&uln=en-US@posix&vjs=1.5&e[0][date_start]=2026-10-03%2013%3A00%3A00&e[0][date_end]=2026-10-03%2015%3A00%3A00&e[0][timezone]=America%2FChicago&e[0][title]=Illinois%20Central%20Management%20Services%20Career%20Workshop%20&e[0][location]=The%20Urbana%20Free%20Library%20-%20The%20Lewis%20Auditorium",FAILED,""
"https://urbanafreelibrary.libnet.info/event/17146460","https://addtocalendar.com/atc/ical?utz=0&uln=en-US@posix&vjs=1.5&e[0][date_start]=2026-10-04%2014%3A00%3A00&e[0][date_end]=2026-10-04%2015%3A30%3A00&e[0][timezone]=America%2FChicago&e[0][title]=Banned%20Books%20Week%20Celebration%20&e[0][location]=The%20Urbana%20Free%20Library%20-%20The%20Lewis%20Auditorium",FAILED,""
"https://urbanafreelibrary.libnet.info/event/17146460","https://addtocalendar.com/atc/google?utz=0&uln=en-US@posix&vjs=1.5&e[0][date_start]=2026-10-04%2014%3A00%3A00&e[0][date_end]=2026-10-04%2015%3A30%3A00&e[0][timezone]=America%2FChicago&e[0][title]=Banned%20Books%20Week%20Celebration%20&e[0][location]=The%20Urbana%20Free%20Library%20-%20The%20Lewis%20Auditorium",FAILED,""
"https://urbanafreelibrary.libnet.info/event/17146460","https://addtocalendar.com/atc/outlook?utz=0&uln=en-US@posix&vjs=1.5&e[0][date_start]=2026-10-04%2014%3A00%3A00&e[0][date_end]=2026-10-04%2015%3A30%3A00&e[0][timezone]=America%2FChicago&e[0][title]=Banned%20Books%20Week%20Celebration%20&e[0][location]=The%20Urbana%20Free%20Library%20-%20The%20Lewis%20Auditorium",FAILED,""
"https://urbanafreelibrary.libnet.info/event/17146460","https://addtocalendar.com/atc/outlookonline?utz=0&uln=en-US@posix&vjs=1.5&e[0][date_start]=2026-10-04%2014%3A00%3A00&e[0][date_end]=2026-10-04%2015%3A30%3A00&e[0][timezone]=America%2FChicago&e[0][title]=Banned%20Books%20Week%20Celebration%20&e[0][location]=The%20Urbana%20Free%20Library%20-%20The%20Lewis%20Auditorium",FAILED,""
"https://urbanafreelibrary.libnet.info/event/17146460","https://addtocalendar.com/atc/yahoo?utz=0&uln=en-US@posix&vjs=1.5&e[0][date_start]=2026-10-04%2014%3A00%3A00&e[0][date_end]=2026-10-04%2015%3A30%3A00&e[0][timezone]=America%2FChicago&e[0][title]=Banned%20Books%20Week%20Celebration%20&e[0][location]=The%20Urbana%20Free%20Library%20-%20The%20Lewis%20Auditorium",FAILED,""
"https://urbanafreelibrary.libnet.info/event/16603857","https://addtocalendar.com/atc/ical?utz=0&uln=en-US@posix&vjs=1.5&e[0][date_start]=2026-10-05%2010%3A00%3A00&e[0][date_end]=2026-10-05%2012%3A00%3A00&e[0][timezone]=America%2FChicago&e[0][title]=Project%20Read&e[0][location]=The%20Urbana%20Free%20Library%20-%20The%20Lewis%20Auditorium",FAILED,""
"https://urbanafreelibrary.libnet.info/event/16603857","https://addtocalendar.com/atc/google?utz=0&uln=en-US@posix&vjs=1.5&e[0][date_start]=2026-10-05%2010%3A00%3A00&e[0][date_end]=2026-10-05%2012%3A00%3A00&e[0][timezone]=America%2FChicago&e[0][title]=Project%20Read&e[0][location]=The%20Urbana%20Free%20Library%20-%20The%20Lewis%20Auditorium",FAILED,""
"https://urbanafreelibrary.libnet.info/event/16603857","https://addtocalendar.com/atc/outlook?utz=0&uln=en-US@posix&vjs=1.5&e[0][date_start]=2026-10-05%2010%3A00%3A00&e[0][date_end]=2026-10-05%2012%3A00%3A00&e[0][timezone]=America%2FChicago&e[0][title]=Project%20Read&e[0][location]=The%20Urbana%20Free%20Library%20-%20The%20Lewis%20Auditorium",FAILED,""
"https://urbanafreelibrary.libnet.info/event/16603857","https://addtocalendar.com/atc/outlookonline?utz=0&uln=en-US@posix&vjs=1.5&e[0][date_start]=2026-10-05%2010%3A00%3A00&e[0][date_end]=2026-10-05%2012%3A00%3A00&e[0][timezone]=America%2FChicago&e[0][title]=Project%20Read&e[0][location]=The%20Urbana%20Free%20Library%20-%20The%20Lewis%20Auditorium",FAILED,""
"https://urbanafreelibrary.libnet.info/event/16603857","https://addtocalendar.com/atc/yahoo?utz=0&uln=en-US@posix&vjs=1.5&e[0][date_start]=2026-10-05%2010%3A00%3A00&e[0][date_end]=2026-10-05%2012%3A00%3A00&e[0][timezone]=America%2FChicago&e[0][title]=Project%20Read&e[0][location]=The%20Urbana%20Free%20Library%20-%20The%20Lewis%20Auditorium",FAILED,""
"https://urbanafreelibrary.libnet.info/event/16826554","https://addtocalendar.com/atc/ical?utz=0&uln=en-US@posix&vjs=1.5&e[0][date_start]=2026-10-05%2015%3A45%3A00&e[0][date_end]=2026-10-05%2018%3A00%3A00&e[0][timezone]=America%2FChicago&e[0][title]=Teen%20Movie%20Mondays&e[0][location]=The%20Urbana%20Free%20Library%20-%20The%20Lewis%20Auditorium",FAILED,""
"https://urbanafreelibrary.libnet.info/event/16826554","https://addtocalendar.com/atc/google?utz=0&uln=en-US@posix&vjs=1.5&e[0][date_start]=2026-10-05%2015%3A45%3A00&e[0][date_end]=2026-10-05%2018%3A00%3A00&e[0][timezone]=America%2FChicago&e[0][title]=Teen%20Movie%20Mondays&e[0][location]=The%20Urbana%20Free%20Library%20-%20The%20Lewis%20Auditorium",FAILED,""
"https://urbanafreelibrary.libnet.info/event/16826554","https://addtocalendar.com/atc/outlook?utz=0&uln=en-US@posix&vjs=1.5&e[0][date_start]=2026-10-05%2015%3A45%3A00&e[0][date_end]=2026-10-05%2018%3A00%3A00&e[0][timezone]=America%2FChicago&e[0][title]=Teen%20Movie%20Mondays&e[0][location]=The%20Urbana%20Free%20Library%20-%20The%20Lewis%20Auditorium",FAILED,""
"https://urbanafreelibrary.libnet.info/event/16826554","https://addtocalendar.com/atc/outlookonline?utz=0&uln=en-US@posix&vjs=1.5&e[0][date_start]=2026-10-05%2015%3A45%3A00&e[0][date_end]=2026-10-05%2018%3A00%3A00&e[0][timezone]=America%2FChicago&e[0][title]=Teen%20Movie%20Mondays&e[0][location]=The%20Urbana%20Free%20Library%20-%20The%20Lewis%20Auditorium",FAILED,""
"https://urbanafreelibrary.libnet.info/event/16826554","https://addtocalendar.com/atc/yahoo?utz=0&uln=en-US@posix&vjs=1.5&e[0][date_start]=2026-10-05%2015%3A45%3A00&e[0][date_end]=2026-10-05%2018%3A00%3A00&e[0][timezone]=America%2FChicago&e[0][title]=Teen%20Movie%20Mondays&e[0][location]=The%20Urbana%20Free%20Library%20-%20The%20Lewis%20Auditorium",FAILED,""
"https://urbanafreelibrary.libnet.info/event/17218050","https://addtocalendar.com/atc/ical?utz=0&uln=en-US@posix&vjs=1.5&e[0][date_start]=2026-10-05%2018%3A00%3A00&e[0][date_end]=2026-10-05%2019%3A00%3A00&e[0][timezone]=America%2FChicago&e[0][title]=Quiet%20Book%20Club%3A%20Banned%20Books%20Week&e[0][location]=The%20Urbana%20Free%20Library%20-%20MacFarlane-Hood%20Reading%20Room",FAILED,""
"https://urbanafreelibrary.libnet.info/event/17218050","https://addtocalendar.com/atc/google?utz=0&uln=en-US@posix&vjs=1.5&e[0][date_start]=2026-10-05%2018%3A00%3A00&e[0][date_end]=2026-10-05%2019%3A00%3A00&e[0][timezone]=America%2FChicago&e[0][title]=Quiet%20Book%20Club%3A%20Banned%20Books%20Week&e[0][location]=The%20Urbana%20Free%20Library%20-%20MacFarlane-Hood%20Reading%20Room",FAILED,""
"https://urbanafreelibrary.libnet.info/event/17218050","https://addtocalendar.com/atc/outlook?utz=0&uln=en-US@posix&vjs=1.5&e[0][date_start]=2026-10-05%2018%3A00%3A00&e[0][date_end]=2026-10-05%2019%3A00%3A00&e[0][timezone]=America%2FChicago&e[0][title]=Quiet%20Book%20Club%3A%20Banned%20Books%20Week&e[0][location]=The%20Urbana%20Free%20Library%20-%20MacFarlane-Hood%20Reading%20Room",FAILED,""
"https://urbanafreelibrary.libnet.info/event/17218050","https://addtocalendar.com/atc/outlookonline?utz=0&uln=en-US@posix&vjs=1.5&e[0][date_start]=2026-10-05%2018%3A00%3A00&e[0][date_end]=2026-10-05%2019%3A00%3A00&e[0][timezone]=America%2FChicago&e[0][title]=Quiet%20Book%20Club%3A%20Banned%20Books%20Week&e[0][location]=The%20Urbana%20Free%20Library%20-%20MacFarlane-Hood%20Reading%20Room",FAILED,""
"https://urbanafreelibrary.libnet.info/event/17218050","https://addtocalendar.com/atc/yahoo?utz=0&uln=en-US@posix&vjs=1.5&e[0][date_start]=2026-10-05%2018%3A00%3A00&e[0][date_end]=2026-10-05%2019%3A00%3A00&e[0][timezone]=America%2FChicago&e[0][title]=Quiet%20Book%20Club%3A%20Banned%20Books%20Week&e[0][location]=The%20Urbana%20Free%20Library%20-%20MacFarlane-Hood%20Reading%20Room",FAILED,""
"https://urbanafreelibrary.libnet.info/event/13876065","https://addtocalendar.com/atc/ical?utz=0&uln=en-US@posix&vjs=1.5&e[0][date_start]=2026-10-06%2010%3A15%3A00&e[0][date_end]=2026-10-06%2010%3A40%3A00&e[0][timezone]=America%2FChicago&e[0][title]=Books%20and%20Bounces!&e[0][location]=The%20Urbana%20Free%20Library%20-%20The%20Lewis%20Auditorium",FAILED,""
"https://urbanafreelibrary.libnet.info/event/13876065","https://addtocalendar.com/atc/google?utz=0&uln=en-US@posix&vjs=1.5&e[0][date_start]=2026-10-06%2010%3A15%3A00&e[0][date_end]=2026-10-06%2010%3A40%3A00&e[0][timezone]=America%2FChicago&e[0][title]=Books%20and%20Bounces!&e[0][location]=The%20Urbana%20Free%20Library%20-%20The%20Lewis%20Auditorium",FAILED,""
"https://urbanafreelibrary.libnet.info/event/13876065","https://addtocalendar.com/atc/outlook?utz=0&uln=en-US@posix&vjs=1.5&e[0][date_start]=2026-10-06%2010%3A15%3A00&e[0][date_end]=2026-10-06%2010%3A40%3A00&e[0][timezone]=America%2FChicago&e[0][title]=Books%20and%20Bounces!&e[0][location]=The%20Urbana%20Free%20Library%20-%20The%20Lewis%20Auditorium",FAILED,""
"https://urbanafreelibrary.libnet.info/event/13876065","https://addtocalendar.com/atc/outlookonline?utz=0&uln=en-US@posix&vjs=1.5&e[0][date_start]=2026-10-06%2010%3A15%3A00&e[0][date_end]=2026-10-06%2010%3A40%3A00&e[0][timezone]=America%2FChicago&e[0][title]=Books%20and%20Bounces!&e[0][location]=The%20Urbana%20Free%20Library%20-%20The%20Lewis%20Auditorium",FAILED,""
"https://urbanafreelibrary.libnet.info/event/13876065","https://addtocalendar.com/atc/yahoo?utz=0&uln=en-US@posix&vjs=1.5&e[0][date_start]=2026-10-06%2010%3A15%3A00&e[0][date_end]=2026-10-06%2010%3A40%3A00&e[0][timezone]=America%2FChicago&e[0][title]=Books%20and%20Bounces!&e[0][location]=The%20Urbana%20Free%20Library%20-%20The%20Lewis%20Auditorium",FAILED,""
"https://urbanafreelibrary.libnet.info/event/17265132","https://addtocalendar.com/atc/ical?utz=0&uln=en-US@posix&vjs=1.5&e[0][date_start]=2026-10-06%2015%3A00%3A00&e[0][date_end]=2026-10-06%2017%3A30%3A00&e[0][timezone]=America%2FChicago&e[0][title]=Teen%20Open%20Lab&e[0][location]=The%20Urbana%20Free%20Library%20-%20The%20Lewis%20Auditorium",FAILED,""
"https://urbanafreelibrary.libnet.info/event/17265132","https://addtocalendar.com/atc/google?utz=0&uln=en-US@posix&vjs=1.5&e[0][date_start]=2026-10-06%2015%3A00%3A00&e[0][date_end]=2026-10-06%2017%3A30%3A00&e[0][timezone]=America%2FChicago&e[0][title]=Teen%20Open%20Lab&e[0][location]=The%20Urbana%20Free%20Library%20-%20The%20Lewis%20Auditorium",FAILED,""
"https://urbanafreelibrary.libnet.info/event/17265132","https://addtocalendar.com/atc/outlook?utz=0&uln=en-US@posix&vjs=1.5&e[0][date_start]=2026-10-06%2015%3A00%3A00&e[0][date_end]=2026-10-06%2017%3A30%3A00&e[0][timezone]=America%2FChicago&e[0][title]=Teen%20Open%20Lab&e[0][location]=The%20Urbana%20Free%20Library%20-%20The%20Lewis%20Auditorium",FAILED,""
"https://urbanafreelibrary.libnet.info/event/17265132","https://addtocalendar.com/atc/outlookonline?utz=0&uln=en-US@posix&vjs=1.5&e[0][date_start]=2026-10-06%2015%3A00%3A00&e[0][date_end]=2026-10-06%2017%3A30%3A00&e[0][timezone]=America%2FChicago&e[0][title]=Teen%20Open%20Lab&e[0][location]=The%20Urbana%20Free%20Library%20-%20The%20Lewis%20Auditorium",FAILED,""
"https://urbanafreelibrary.libnet.info/event/17265132","https://addtocalendar.com/atc/yahoo?utz=0&uln=en-US@posix&vjs=1.5&e[0][date_start]=2026-10-06%2015%3A00%3A00&e[0][date_end]=2026-10-06%2017%3A30%3A00&e[0][timezone]=America%2FChicago&e[0][title]=Teen%20Open%20Lab&e[0][location]=The%20Urbana%20Free%20Library%20-%20The%20Lewis%20Auditorium",FAILED,""
"https://urbanafreelibrary.libnet.info/event/16842486","https://addtocalendar.com/atc/ical?utz=0&uln=en-US@posix&vjs=1.5&e[0][date_start]=2026-10-06%2018%3A00%3A00&e[0][date_end]=2026-10-06%2019%3A00%3A00&e[0][timezone]=America%2FChicago&e[0][title]=Craft%20Happy%20Hour%3A%20Felt%20Masks&e[0][location]=The%20Urbana%20Free%20Library%20-%20The%20Lewis%20Auditorium",FAILED,""
"https://urbanafreelibrary.libnet.info/event/16842486","https://addtocalendar.com/atc/google?utz=0&uln=en-US@posix&vjs=1.5&e[0][date_start]=2026-10-06%2018%3A00%3A00&e[0][date_end]=2026-10-06%2019%3A00%3A00&e[0][timezone]=America%2FChicago&e[0][title]=Craft%20Happy%20Hour%3A%20Felt%20Masks&e[0][location]=The%20Urbana%20Free%20Library%20-%20The%20Lewis%20Auditorium",FAILED,""
"https://urbanafreelibrary.libnet.info/event/16842486","https://addtocalendar.com/atc/outlook?utz=0&uln=en-US@posix&vjs=1.5&e[0][date_start]=2026-10-06%2018%3A00%3A00&e[0][date_end]=2026-10-06%2019%3A00%3A00&e[0][timezone]=America%2FChicago&e[0][title]=Craft%20Happy%20Hour%3A%20Felt%20Masks&e[0][location]=The%20Urbana%20Free%20Library%20-%20The%20Lewis%20Auditorium",FAILED,""
"https://urbanafreelibrary.libnet.info/event/16842486","https://addtocalendar.com/atc/outlookonline?utz=0&uln=en-US@posix&vjs=1.5&e[0][date_start]=2026-10-06%2018%3A00%3A00&e[0][date_end]=2026-10-06%2019%3A00%3A00&e[0][timezone]=America%2FChicago&e[0][title]=Craft%20Happy%20Hour%3A%20Felt%20Masks&e[0][location]=The%20Urbana%20Free%20Library%20-%20The%20Lewis%20Auditorium",FAILED,""
"https://urbanafreelibrary.libnet.info/event/16842486","https://addtocalendar.com/atc/yahoo?utz=0&uln=en-US@posix&vjs=1.5&e[0][date_start]=2026-10-06%2018%3A00%3A00&e[0][date_end]=2026-10-06%2019%3A00%3A00&e[0][timezone]=America%2FChicago&e[0][title]=Craft%20Happy%20Hour%3A%20Felt%20Masks&e[0][location]=The%20Urbana%20Free%20Library%20-%20The%20Lewis%20Auditorium",FAILED,""
"https://urbanafreelibrary.libnet.info/event/16842486","https://urbanaillinois.us/arts",FAILED,"Urbana Arts and Culture"
"https://urbanafreelibrary.libnet.info/event/17264232","https://addtocalendar.com/atc/ical?utz=0&uln=en-US@posix&vjs=1.5&e[0][date_start]=2026-10-07%2015%3A00%3A00&e[0][date_end]=2026-10-07%2017%3A30%3A00&e[0][timezone]=America%2FChicago&e[0][title]=Teen%20Open%20Lab&e[0][location]=The%20Urbana%20Free%20Library%20-%20The%20Lewis%20Auditorium",FAILED,""
"https://urbanafreelibrary.libnet.info/event/17264232","https://addtocalendar.com/atc/google?utz=0&uln=en-US@posix&vjs=1.5&e[0][date_start]=2026-10-07%2015%3A00%3A00&e[0][date_end]=2026-10-07%2017%3A30%3A00&e[0][timezone]=America%2FChicago&e[0][title]=Teen%20Open%20Lab&e[0][location]=The%20Urbana%20Free%20Library%20-%20The%20Lewis%20Auditorium",FAILED,""
"https://urbanafreelibrary.libnet.info/event/17264232","https://addtocalendar.com/atc/outlook?utz=0&uln=en-US@posix&vjs=1.5&e[0][date_start]=2026-10-07%2015%3A00%3A00&e[0][date_end]=2026-10-07%2017%3A30%3A00&e[0][timezone]=America%2FChicago&e[0][title]=Teen%20Open%20Lab&e[0][location]=The%20Urbana%20Free%20Library%20-%20The%20Lewis%20Auditorium",FAILED,""
"https://urbanafreelibrary.libnet.info/event/17264232","https://addtocalendar.com/atc/outlookonline?utz=0&uln=en-US@posix&vjs=1.5&e[0][date_start]=2026-10-07%2015%3A00%3A00&e[0][date_end]=2026-10-07%2017%3A30%3A00&e[0][timezone]=America%2FChicago&e[0][title]=Teen%20Open%20Lab&e[0][location]=The%20Urbana%20Free%20Library%20-%20The%20Lewis%20Auditorium",FAILED,""
"https://urbanafreelibrary.libnet.info/event/17264232","https://addtocalendar.com/atc/yahoo?utz=0&uln=en-US@posix&vjs=1.5&e[0][date_start]=2026-10-07%2015%3A00%3A00&e[0][date_end]=2026-10-07%2017%3A30%3A00&e[0][timezone]=America%2FChicago&e[0][title]=Teen%20Open%20Lab&e[0][location]=The%20Urbana%20Free%20Library%20-%20The%20Lewis%20Auditorium",FAILED,""
"https://urbanafreelibrary.libnet.info/event/13876089","https://addtocalendar.com/atc/ical?utz=0&uln=en-US@posix&vjs=1.5&e[0][date_start]=2026-10-08%2010%3A15%3A00&e[0][date_end]=2026-10-08%2010%3A45%3A00&e[0][timezone]=America%2FChicago&e[0][title]=Crafty%20Tales&e[0][location]=The%20Urbana%20Free%20Library%20-%20The%20Lewis%20Auditorium",FAILED,""
"https://urbanafreelibrary.libnet.info/event/13876089","https://addtocalendar.com/atc/google?utz=0&uln=en-US@posix&vjs=1.5&e[0][date_start]=2026-10-08%2010%3A15%3A00&e[0][date_end]=2026-10-08%2010%3A45%3A00&e[0][timezone]=America%2FChicago&e[0][title]=Crafty%20Tales&e[0][location]=The%20Urbana%20Free%20Library%20-%20The%20Lewis%20Auditorium",FAILED,""
"https://urbanafreelibrary.libnet.info/event/13876089","https://addtocalendar.com/atc/outlook?utz=0&uln=en-US@posix&vjs=1.5&e[0][date_start]=2026-10-08%2010%3A15%3A00&e[0][date_end]=2026-10-08%2010%3A45%3A00&e[0][timezone]=America%2FChicago&e[0][title]=Crafty%20Tales&e[0][location]=The%20Urbana%20Free%20Library%20-%20The%20Lewis%20Auditorium",FAILED,""
"https://urbanafreelibrary.libnet.info/event/13876089","https://addtocalendar.com/atc/outlookonline?utz=0&uln=en-US@posix&vjs=1.5&e[0][date_start]=2026-10-08%2010%3A15%3A00&e[0][date_end]=2026-10-08%2010%3A45%3A00&e[0][timezone]=America%2FChicago&e[0][title]=Crafty%20Tales&e[0][location]=The%20Urbana%20Free%20Library%20-%20The%20Lewis%20Auditorium",FAILED,""
"https://urbanafreelibrary.libnet.info/event/13876089","https://addtocalendar.com/atc/yahoo?utz=0&uln=en-US@posix&vjs=1.5&e[0][date_start]=2026-10-08%2010%3A15%3A00&e[0][date_end]=2026-10-08%2010%3A45%3A00&e[0][timezone]=America%2FChicago&e[0][title]=Crafty%20Tales&e[0][location]=The%20Urbana%20Free%20Library%20-%20The%20Lewis%20Auditorium",FAILED,""
"https://urbanafreelibrary.libnet.info/event/17264606","https://addtocalendar.com/atc/ical?utz=0&uln=en-US@posix&vjs=1.5&e[0][date_start]=2026-10-08%2015%3A00%3A00&e[0][date_end]=2026-10-08%2017%3A30%3A00&e[0][timezone]=America%2FChicago&e[0][title]=Teen%20Open%20Lab&e[0][location]=The%20Urbana%20Free%20Library%20-%20The%20Lewis%20Auditorium",FAILED,""
"https://urbanafreelibrary.libnet.info/event/17264606","https://addtocalendar.com/atc/google?utz=0&uln=en-US@posix&vjs=1.5&e[0][date_start]=2026-10-08%2015%3A00%3A00&e[0][date_end]=2026-10-08%2017%3A30%3A00&e[0][timezone]=America%2FChicago&e[0][title]=Teen%20Open%20Lab&e[0][location]=The%20Urbana%20Free%20Library%20-%20The%20Lewis%20Auditorium",FAILED,""
"https://urbanafreelibrary.libnet.info/event/17264606","https://addtocalendar.com/atc/outlook?utz=0&uln=en-US@posix&vjs=1.5&e[0][date_start]=2026-10-08%2015%3A00%3A00&e[0][date_end]=2026-10-08%2017%3A30%3A00&e[0][timezone]=America%2FChicago&e[0][title]=Teen%20Open%20Lab&e[0][location]=The%20Urbana%20Free%20Library%20-%20The%20Lewis%20Auditorium",FAILED,""
"https://urbanafreelibrary.libnet.info/event/17264606","https://addtocalendar.com/atc/outlookonline?utz=0&uln=en-US@posix&vjs=1.5&e[0][date_start]=2026-10-08%2015%3A00%3A00&e[0][date_end]=2026-10-08%2017%3A30%3A00&e[0][timezone]=America%2FChicago&e[0][title]=Teen%20Open%20Lab&e[0][location]=The%20Urbana%20Free%20Library%20-%20The%20Lewis%20Auditorium",FAILED,""
"https://urbanafreelibrary.libnet.info/event/17264606","https://addtocalendar.com/atc/yahoo?utz=0&uln=en-US@posix&vjs=1.5&e[0][date_start]=2026-10-08%2015%3A00%3A00&e[0][date_end]=2026-10-08%2017%3A30%3A00&e[0][timezone]=America%2FChicago&e[0][title]=Teen%20Open%20Lab&e[0][location]=The%20Urbana%20Free%20Library%20-%20The%20Lewis%20Auditorium",FAILED,""
"https://urbanafreelibrary.libnet.info/event/16857852","https://addtocalendar.com/atc/ical?utz=0&uln=en-US@posix&vjs=1.5&e[0][date_start]=2026-10-10%2011%3A00%3A00&e[0][date_end]=2026-10-10%2012%3A00%3A00&e[0][timezone]=America%2FChicago&e[0][title]=Conversation%20Caf%C3%A9&e[0][location]=The%20Urbana%20Free%20Library%20-%20Busey-Mills%20Reading%20Room%2C%20Library%20Gallery",FAILED,""
"https://urbanafreelibrary.libnet.info/event/16857852","https://addtocalendar.com/atc/google?utz=0&uln=en-US@posix&vjs=1.5&e[0][date_start]=2026-10-10%2011%3A00%3A00&e[0][date_end]=2026-10-10%2012%3A00%3A00&e[0][timezone]=America%2FChicago&e[0][title]=Conversation%20Caf%C3%A9&e[0][location]=The%20Urbana%20Free%20Library%20-%20Busey-Mills%20Reading%20Room%2C%20Library%20Gallery",FAILED,""
"https://urbanafreelibrary.libnet.info/event/16857852","https://addtocalendar.com/atc/outlook?utz=0&uln=en-US@posix&vjs=1.5&e[0][date_start]=2026-10-10%2011%3A00%3A00&e[0][date_end]=2026-10-10%2012%3A00%3A00&e[0][timezone]=America%2FChicago&e[0][title]=Conversation%20Caf%C3%A9&e[0][location]=The%20Urbana%20Free%20Library%20-%20Busey-Mills%20Reading%20Room%2C%20Library%20Gallery",FAILED,""
"https://urbanafreelibrary.libnet.info/event/16857852","https://addtocalendar.com/atc/outlookonline?utz=0&uln=en-US@posix&vjs=1.5&e[0][date_start]=2026-10-10%2011%3A00%3A00&e[0][date_end]=2026-10-10%2012%3A00%3A00&e[0][timezone]=America%2FChicago&e[0][title]=Conversation%20Caf%C3%A9&e[0][location]=The%20Urbana%20Free%20Library%20-%20Busey-Mills%20Reading%20Room%2C%20Library%20Gallery",FAILED,""
"https://urbanafreelibrary.libnet.info/event/16857852","https://addtocalendar.com/atc/yahoo?utz=0&uln=en-US@posix&vjs=1.5&e[0][date_start]=2026-10-10%2011%3A00%3A00&e[0][date_end]=2026-10-10%2012%3A00%3A00&e[0][timezone]=America%2FChicago&e[0][title]=Conversation%20Caf%C3%A9&e[0][location]=The%20Urbana%20Free%20Library%20-%20Busey-Mills%20Reading%20Room%2C%20Library%20Gallery",FAILED,""
"https://urbanafreelibrary.libnet.info/event/15954213","https://addtocalendar.com/atc/ical?utz=0&uln=en-US@posix&vjs=1.5&e[0][date_start]=2026-10-10%2014%3A00%3A00&e[0][date_end]=2026-10-10%2015%3A00%3A00&e[0][timezone]=America%2FChicago&e[0][title]=Latin%20American%20Story%20Time&e[0][location]=The%20Urbana%20Free%20Library%20-%20The%20Lewis%20Auditorium",FAILED,""
"https://urbanafreelibrary.libnet.info/event/15954213","https://addtocalendar.com/atc/google?utz=0&uln=en-US@posix&vjs=1.5&e[0][date_start]=2026-10-10%2014%3A00%3A00&e[0][date_end]=2026-10-10%2015%3A00%3A00&e[0][timezone]=America%2FChicago&e[0][title]=Latin%20American%20Story%20Time&e[0][location]=The%20Urbana%20Free%20Library%20-%20The%20Lewis%20Auditorium",FAILED,""
"https://urbanafreelibrary.libnet.info/event/15954213","https://addtocalendar.com/atc/outlook?utz=0&uln=en-US@posix&vjs=1.5&e[0][date_start]=2026-10-10%2014%3A00%3A00&e[0][date_end]=2026-10-10%2015%3A00%3A00&e[0][timezone]=America%2FChicago&e[0][title]=Latin%20American%20Story%20Time&e[0][location]=The%20Urbana%20Free%20Library%20-%20The%20Lewis%20Auditorium",FAILED,""
"https://urbanafreelibrary.libnet.info/event/15954213","https://addtocalendar.com/atc/outlookonline?utz=0&uln=en-US@posix&vjs=1.5&e[0][date_start]=2026-10-10%2014%3A00%3A00&e[0][date_end]=2026-10-10%2015%3A00%3A00&e[0][timezone]=America%2FChicago&e[0][title]=Latin%20American%20Story%20Time&e[0][location]=The%20Urbana%20Free%20Library%20-%20The%20Lewis%20Auditorium",FAILED,""
"https://urbanafreelibrary.libnet.info/event/15954213","https://addtocalendar.com/atc/yahoo?utz=0&uln=en-US@posix&vjs=1.5&e[0][date_start]=2026-10-10%2014%3A00%3A00&e[0][date_end]=2026-10-10%2015%3A00%3A00&e[0][timezone]=America%2FChicago&e[0][title]=Latin%20American%20Story%20Time&e[0][location]=The%20Urbana%20Free%20Library%20-%20The%20Lewis%20Auditorium",FAILED,""
"https://urbanafreelibrary.libnet.info/event/16068962","https://addtocalendar.com/atc/ical?utz=0&uln=en-US@posix&vjs=1.5&e[0][date_start]=2026-10-10%2015%3A00%3A00&e[0][date_end]=2026-10-10%2019%3A00%3A00&e[0][timezone]=America%2FChicago&e[0][title]=Fall%20Fusion%20Festival&e[0][location]=Downtown%20Urbana%20-%20",FAILED,""
"https://urbanafreelibrary.libnet.info/event/16068962","https://addtocalendar.com/atc/google?utz=0&uln=en-US@posix&vjs=1.5&e[0][date_start]=2026-10-10%2015%3A00%3A00&e[0][date_end]=2026-10-10%2019%3A00%3A00&e[0][timezone]=America%2FChicago&e[0][title]=Fall%20Fusion%20Festival&e[0][location]=Downtown%20Urbana%20-%20",FAILED,""
"https://urbanafreelibrary.libnet.info/event/16068962","https://addtocalendar.com/atc/outlook?utz=0&uln=en-US@posix&vjs=1.5&e[0][date_start]=2026-10-10%2015%3A00%3A00&e[0][date_end]=2026-10-10%2019%3A00%3A00&e[0][timezone]=America%2FChicago&e[0][title]=Fall%20Fusion%20Festival&e[0][location]=Downtown%20Urbana%20-%20",FAILED,""
"https://urbanafreelibrary.libnet.info/event/16068962","https://addtocalendar.com/atc/outlookonline?utz=0&uln=en-US@posix&vjs=1.5&e[0][date_start]=2026-10-10%2015%3A00%3A00&e[0][date_end]=2026-10-10%2019%3A00%3A00&e[0][timezone]=America%2FChicago&e[0][title]=Fall%20Fusion%20Festival&e[0][location]=Downtown%20Urbana%20-%20",FAILED,""
"https://urbanafreelibrary.libnet.info/event/16068962","https://addtocalendar.com/atc/yahoo?utz=0&uln=en-US@posix&vjs=1.5&e[0][date_start]=2026-10-10%2015%3A00%3A00&e[0][date_end]=2026-10-10%2019%3A00%3A00&e[0][timezone]=America%2FChicago&e[0][title]=Fall%20Fusion%20Festival&e[0][location]=Downtown%20Urbana%20-%20",FAILED,""
"https://urbanafreelibrary.libnet.info/event/16603858","https://addtocalendar.com/atc/ical?utz=0&uln=en-US@posix&vjs=1.5&e[0][date_start]=2026-10-12%2010%3A00%3A00&e[0][date_end]=2026-10-12%2012%3A00%3A00&e[0][timezone]=America%2FChicago&e[0][title]=Project%20Read&e[0][location]=The%20Urbana%20Free%20Library%20-%20The%20Lewis%20Auditorium",FAILED,""
"https://urbanafreelibrary.libnet.info/event/16603858","https://addtocalendar.com/atc/google?utz=0&uln=en-US@posix&vjs=1.5&e[0][date_start]=2026-10-12%2010%3A00%3A00&e[0][date_end]=2026-10-12%2012%3A00%3A00&e[0][timezone]=America%2FChicago&e[0][title]=Project%20Read&e[0][location]=The%20Urbana%20Free%20Library%20-%20The%20Lewis%20Auditorium",FAILED,""
"https://urbanafreelibrary.libnet.info/event/16603858","https://addtocalendar.com/atc/outlook?utz=0&uln=en-US@posix&vjs=1.5&e[0][date_start]=2026-10-12%2010%3A00%3A00&e[0][date_end]=2026-10-12%2012%3A00%3A00&e[0][timezone]=America%2FChicago&e[0][title]=Project%20Read&e[0][location]=The%20Urbana%20Free%20Library%20-%20The%20Lewis%20Auditorium",FAILED,""
"https://urbanafreelibrary.libnet.info/event/16603858","https://addtocalendar.com/atc/outlookonline?utz=0&uln=en-US@posix&vjs=1.5&e[0][date_start]=2026-10-12%2010%3A00%3A00&e[0][date_end]=2026-10-12%2012%3A00%3A00&e[0][timezone]=America%2FChicago&e[0][title]=Project%20Read&e[0][location]=The%20Urbana%20Free%20Library%20-%20The%20Lewis%20Auditorium",FAILED,""
"https://urbanafreelibrary.libnet.info/event/16603858","https://addtocalendar.com/atc/yahoo?utz=0&uln=en-US@posix&vjs=1.5&e[0][date_start]=2026-10-12%2010%3A00%3A00&e[0][date_end]=2026-10-12%2012%3A00%3A00&e[0][timezone]=America%2FChicago&e[0][title]=Project%20Read&e[0][location]=The%20Urbana%20Free%20Library%20-%20The%20Lewis%20Auditorium",FAILED,""
"https://urbanafreelibrary.libnet.info/event/15345004","https://addtocalendar.com/atc/ical?utz=0&uln=en-US@posix&vjs=1.5&e[0][date_start]=2026-10-12%2013%3A00%3A00&e[0][date_end]=2026-10-12%2016%3A30%3A00&e[0][timezone]=America%2FChicago&e[0][title]=Senior%20Movies%20and%20Sharing%20&e[0][location]=The%20Urbana%20Free%20Library%20-%20The%20Lewis%20Auditorium",FAILED,""
"https://urbanafreelibrary.libnet.info/event/15345004","https://addtocalendar.com/atc/google?utz=0&uln=en-US@posix&vjs=1.5&e[0][date_start]=2026-10-12%2013%3A00%3A00&e[0][date_end]=2026-10-12%2016%3A30%3A00&e[0][timezone]=America%2FChicago&e[0][title]=Senior%20Movies%20and%20Sharing%20&e[0][location]=The%20Urbana%20Free%20Library%20-%20The%20Lewis%20Auditorium",FAILED,""
"https://urbanafreelibrary.libnet.info/event/15345004","https://addtocalendar.com/atc/outlook?utz=0&uln=en-US@posix&vjs=1.5&e[0][date_start]=2026-10-12%2013%3A00%3A00&e[0][date_end]=2026-10-12%2016%3A30%3A00&e[0][timezone]=America%2FChicago&e[0][title]=Senior%20Movies%20and%20Sharing%20&e[0][location]=The%20Urbana%20Free%20Library%20-%20The%20Lewis%20Auditorium",FAILED,""
"https://urbanafreelibrary.libnet.info/event/15345004","https://addtocalendar.com/atc/outlookonline?utz=0&uln=en-US@posix&vjs=1.5&e[0][date_start]=2026-10-12%2013%3A00%3A00&e[0][date_end]=2026-10-12%2016%3A30%3A00&e[0][timezone]=America%2FChicago&e[0][title]=Senior%20Movies%20and%20Sharing%20&e[0][location]=The%20Urbana%20Free%20Library%20-%20The%20Lewis%20Auditorium",FAILED,""
"https://urbanafreelibrary.libnet.info/event/15345004","https://addtocalendar.com/atc/yahoo?utz=0&uln=en-US@posix&vjs=1.5&e[0][date_start]=2026-10-12%2013%3A00%3A00&e[0][date_end]=2026-10-12%2016%3A30%3A00&e[0][timezone]=America%2FChicago&e[0][title]=Senior%20Movies%20and%20Sharing%20&e[0][location]=The%20Urbana%20Free%20Library%20-%20The%20Lewis%20Auditorium",FAILED,""
"https://urbanafreelibrary.libnet.info/event/13876066","https://addtocalendar.com/atc/ical?utz=0&uln=en-US@posix&vjs=1.5&e[0][date_start]=2026-10-13%2010%3A15%3A00&e[0][date_end]=2026-10-13%2010%3A40%3A00&e[0][timezone]=America%2FChicago&e[0][title]=Books%20and%20Bounces!&e[0][location]=The%20Urbana%20Free%20Library%20-%20The%20Lewis%20Auditorium",FAILED,""
"https://urbanafreelibrary.libnet.info/event/13876066","https://addtocalendar.com/atc/google?utz=0&uln=en-US@posix&vjs=1.5&e[0][date_start]=2026-10-13%2010%3A15%3A00&e[0][date_end]=2026-10-13%2010%3A40%3A00&e[0][timezone]=America%2FChicago&e[0][title]=Books%20and%20Bounces!&e[0][location]=The%20Urbana%20Free%20Library%20-%20The%20Lewis%20Auditorium",FAILED,""
"https://urbanafreelibrary.libnet.info/event/13876066","https://addtocalendar.com/atc/outlook?utz=0&uln=en-US@posix&vjs=1.5&e[0][date_start]=2026-10-13%2010%3A15%3A00&e[0][date_end]=2026-10-13%2010%3A40%3A00&e[0][timezone]=America%2FChicago&e[0][title]=Books%20and%20Bounces!&e[0][location]=The%20Urbana%20Free%20Library%20-%20The%20Lewis%20Auditorium",FAILED,""
"https://urbanafreelibrary.libnet.info/event/13876066","https://addtocalendar.com/atc/outlookonline?utz=0&uln=en-US@posix&vjs=1.5&e[0][date_start]=2026-10-13%2010%3A15%3A00&e[0][date_end]=2026-10-13%2010%3A40%3A00&e[0][timezone]=America%2FChicago&e[0][title]=Books%20and%20Bounces!&e[0][location]=The%20Urbana%20Free%20Library%20-%20The%20Lewis%20Auditorium",FAILED,""
"https://urbanafreelibrary.libnet.info/event/13876066","https://addtocalendar.com/atc/yahoo?utz=0&uln=en-US@posix&vjs=1.5&e[0][date_start]=2026-10-13%2010%3A15%3A00&e[0][date_end]=2026-10-13%2010%3A40%3A00&e[0][timezone]=America%2FChicago&e[0][title]=Books%20and%20Bounces!&e[0][location]=The%20Urbana%20Free%20Library%20-%20The%20Lewis%20Auditorium",FAILED,""
"https://urbanafreelibrary.libnet.info/event/16318092","https://addtocalendar.com/atc/ical?utz=0&uln=en-US@posix&vjs=1.5&e[0][date_start]=2026-10-13%2011%3A00%3A00&e[0][date_end]=2026-10-13%2013%3A00%3A00&e[0][timezone]=America%2FChicago&e[0][title]=Champaign%20County%20Health%20Care%20Consumers%20&e[0][location]=The%20Urbana%20Free%20Library%20-%20",FAILED,""
"https://urbanafreelibrary.libnet.info/event/16318092","https://addtocalendar.com/atc/google?utz=0&uln=en-US@posix&vjs=1.5&e[0][date_start]=2026-10-13%2011%3A00%3A00&e[0][date_end]=2026-10-13%2013%3A00%3A00&e[0][timezone]=America%2FChicago&e[0][title]=Champaign%20County%20Health%20Care%20Consumers%20&e[0][location]=The%20Urbana%20Free%20Library%20-%20",FAILED,""
"https://urbanafreelibrary.libnet.info/event/16318092","https://addtocalendar.com/atc/outlook?utz=0&uln=en-US@posix&vjs=1.5&e[0][date_start]=2026-10-13%2011%3A00%3A00&e[0][date_end]=2026-10-13%2013%3A00%3A00&e[0][timezone]=America%2FChicago&e[0][title]=Champaign%20County%20Health%20Care%20Consumers%20&e[0][location]=The%20Urbana%20Free%20Library%20-%20",FAILED,""
"https://urbanafreelibrary.libnet.info/event/16318092","https://addtocalendar.com/atc/outlookonline?utz=0&uln=en-US@posix&vjs=1.5&e[0][date_start]=2026-10-13%2011%3A00%3A00&e[0][date_end]=2026-10-13%2013%3A00%3A00&e[0][timezone]=America%2FChicago&e[0][title]=Champaign%20County%20Health%20Care%20Consumers%20&e[0][location]=The%20Urbana%20Free%20Library%20-%20",FAILED,""
"https://urbanafreelibrary.libnet.info/event/16318092","https://addtocalendar.com/atc/yahoo?utz=0&uln=en-US@posix&vjs=1.5&e[0][date_start]=2026-10-13%2011%3A00%3A00&e[0][date_end]=2026-10-13%2013%3A00%3A00&e[0][timezone]=America%2FChicago&e[0][title]=Champaign%20County%20Health%20Care%20Consumers%20&e[0][location]=The%20Urbana%20Free%20Library%20-%20",FAILED,""
"https://urbanafreelibrary.libnet.info/event/17265133","https://addtocalendar.com/atc/ical?utz=0&uln=en-US@posix&vjs=1.5&e[0][date_start]=2026-10-13%2015%3A00%3A00&e[0][date_end]=2026-10-13%2017%3A30%3A00&e[0][timezone]=America%2FChicago&e[0][title]=Teen%20Open%20Lab&e[0][location]=The%20Urbana%20Free%20Library%20-%20The%20Lewis%20Auditorium",FAILED,""
"https://urbanafreelibrary.libnet.info/event/17265133","https://addtocalendar.com/atc/google?utz=0&uln=en-US@posix&vjs=1.5&e[0][date_start]=2026-10-13%2015%3A00%3A00&e[0][date_end]=2026-10-13%2017%3A30%3A00&e[0][timezone]=America%2FChicago&e[0][title]=Teen%20Open%20Lab&e[0][location]=The%20Urbana%20Free%20Library%20-%20The%20Lewis%20Auditorium",FAILED,""
"https://urbanafreelibrary.libnet.info/event/17265133","https://addtocalendar.com/atc/outlook?utz=0&uln=en-US@posix&vjs=1.5&e[0][date_start]=2026-10-13%2015%3A00%3A00&e[0][date_end]=2026-10-13%2017%3A30%3A00&e[0][timezone]=America%2FChicago&e[0][title]=Teen%20Open%20Lab&e[0][location]=The%20Urbana%20Free%20Library%20-%20The%20Lewis%20Auditorium",FAILED,""
"https://urbanafreelibrary.libnet.info/event/17265133","https://addtocalendar.com/atc/outlookonline?utz=0&uln=en-US@posix&vjs=1.5&e[0][date_start]=2026-10-13%2015%3A00%3A00&e[0][date_end]=2026-10-13%2017%3A30%3A00&e[0][timezone]=America%2FChicago&e[0][title]=Teen%20Open%20Lab&e[0][location]=The%20Urbana%20Free%20Library%20-%20The%20Lewis%20Auditorium",FAILED,""
"https://urbanafreelibrary.libnet.info/event/17265133","https://addtocalendar.com/atc/yahoo?utz=0&uln=en-US@posix&vjs=1.5&e[0][date_start]=2026-10-13%2015%3A00%3A00&e[0][date_end]=2026-10-13%2017%3A30%3A00&e[0][timezone]=America%2FChicago&e[0][title]=Teen%20Open%20Lab&e[0][location]=The%20Urbana%20Free%20Library%20-%20The%20Lewis%20Auditorium",FAILED,""
"https://urbanafreelibrary.libnet.info/event/16563189","https://addtocalendar.com/atc/ical?utz=0&uln=en-US@posix&vjs=1.5&e[0][date_start]=2026-10-13%2017%3A00%3A00&e[0][date_end]=2026-10-13%2019%3A30%3A00&e[0][timezone]=America%2FChicago&e[0][title]=Stitching%20Circle&e[0][location]=The%20Urbana%20Free%20Library%20-%20MacFarlane-Hood%20Reading%20Room",FAILED,""
"https://urbanafreelibrary.libnet.info/event/16563189","https://addtocalendar.com/atc/google?utz=0&uln=en-US@posix&vjs=1.5&e[0][date_start]=2026-10-13%2017%3A00%3A00&e[0][date_end]=2026-10-13%2019%3A30%3A00&e[0][timezone]=America%2FChicago&e[0][title]=Stitching%20Circle&e[0][location]=The%20Urbana%20Free%20Library%20-%20MacFarlane-Hood%20Reading%20Room",FAILED,""
"https://urbanafreelibrary.libnet.info/event/16563189","https://addtocalendar.com/atc/outlook?utz=0&uln=en-US@posix&vjs=1.5&e[0][date_start]=2026-10-13%2017%3A00%3A00&e[0][date_end]=2026-10-13%2019%3A30%3A00&e[0][timezone]=America%2FChicago&e[0][title]=Stitching%20Circle&e[0][location]=The%20Urbana%20Free%20Library%20-%20MacFarlane-Hood%20Reading%20Room",FAILED,""
"https://urbanafreelibrary.libnet.info/event/16563189","https://addtocalendar.com/atc/outlookonline?utz=0&uln=en-US@posix&vjs=1.5&e[0][date_start]=2026-10-13%2017%3A00%3A00&e[0][date_end]=2026-10-13%2019%3A30%3A00&e[0][timezone]=America%2FChicago&e[0][title]=Stitching%20Circle&e[0][location]=The%20Urbana%20Free%20Library%20-%20MacFarlane-Hood%20Reading%20Room",FAILED,""
"https://urbanafreelibrary.libnet.info/event/16563189","https://addtocalendar.com/atc/yahoo?utz=0&uln=en-US@posix&vjs=1.5&e[0][date_start]=2026-10-13%2017%3A00%3A00&e[0][date_end]=2026-10-13%2019%3A30%3A00&e[0][timezone]=America%2FChicago&e[0][title]=Stitching%20Circle&e[0][location]=The%20Urbana%20Free%20Library%20-%20MacFarlane-Hood%20Reading%20Room",FAILED,""
"https://urbanafreelibrary.libnet.info/event/12816279","https://addtocalendar.com/atc/ical?utz=0&uln=en-US@posix&vjs=1.5&e[0][date_start]=2026-10-13%2019%3A00%3A00&e[0][date_end]=2026-10-13%2021%3A00%3A00&e[0][timezone]=America%2FChicago&e[0][title]=The%20Urbana%20Free%20Library%20Board%20Meeting&e[0][location]=The%20Urbana%20Free%20Library%20-%20The%20Lewis%20Auditorium",FAILED,""
"https://urbanafreelibrary.libnet.info/event/12816279","https://addtocalendar.com/atc/google?utz=0&uln=en-US@posix&vjs=1.5&e[0][date_start]=2026-10-13%2019%3A00%3A00&e[0][date_end]=2026-10-13%2021%3A00%3A00&e[0][timezone]=America%2FChicago&e[0][title]=The%20Urbana%20Free%20Library%20Board%20Meeting&e[0][location]=The%20Urbana%20Free%20Library%20-%20The%20Lewis%20Auditorium",FAILED,""
"https://urbanafreelibrary.libnet.info/event/12816279","https://addtocalendar.com/atc/outlook?utz=0&uln=en-US@posix&vjs=1.5&e[0][date_start]=2026-10-13%2019%3A00%3A00&e[0][date_end]=2026-10-13%2021%3A00%3A00&e[0][timezone]=America%2FChicago&e[0][title]=The%20Urbana%20Free%20Library%20Board%20Meeting&e[0][location]=The%20Urbana%20Free%20Library%20-%20The%20Lewis%20Auditorium",FAILED,""
"https://urbanafreelibrary.libnet.info/event/12816279","https://addtocalendar.com/atc/outlookonline?utz=0&uln=en-US@posix&vjs=1.5&e[0][date_start]=2026-10-13%2019%3A00%3A00&e[0][date_end]=2026-10-13%2021%3A00%3A00&e[0][timezone]=America%2FChicago&e[0][title]=The%20Urbana%20Free%20Library%20Board%20Meeting&e[0][location]=The%20Urbana%20Free%20Library%20-%20The%20Lewis%20Auditorium",FAILED,""
"https://urbanafreelibrary.libnet.info/event/12816279","https://addtocalendar.com/atc/yahoo?utz=0&uln=en-US@posix&vjs=1.5&e[0][date_start]=2026-10-13%2019%3A00%3A00&e[0][date_end]=2026-10-13%2021%3A00%3A00&e[0][timezone]=America%2FChicago&e[0][title]=The%20Urbana%20Free%20Library%20Board%20Meeting&e[0][location]=The%20Urbana%20Free%20Library%20-%20The%20Lewis%20Auditorium",FAILED,""
"https://urbanafreelibrary.libnet.info/event/17358711","https://addtocalendar.com/atc/ical?utz=0&uln=en-US@posix&vjs=1.5&e[0][date_start]=2026-10-13%2019%3A00%3A00&e[0][date_end]=2026-10-13%2020%3A00%3A00&e[0][timezone]=America%2FChicago&e[0][title]=Digital%20Storytelling%20with%20Everyday%20Tools&e[0][location]=Online%20-%20",FAILED,""
"https://urbanafreelibrary.libnet.info/event/17358711","https://addtocalendar.com/atc/google?utz=0&uln=en-US@posix&vjs=1.5&e[0][date_start]=2026-10-13%2019%3A00%3A00&e[0][date_end]=2026-10-13%2020%3A00%3A00&e[0][timezone]=America%2FChicago&e[0][title]=Digital%20Storytelling%20with%20Everyday%20Tools&e[0][location]=Online%20-%20",FAILED,""
"https://urbanafreelibrary.libnet.info/event/17358711","https://addtocalendar.com/atc/outlook?utz=0&uln=en-US@posix&vjs=1.5&e[0][date_start]=2026-10-13%2019%3A00%3A00&e[0][date_end]=2026-10-13%2020%3A00%3A00&e[0][timezone]=America%2FChicago&e[0][title]=Digital%20Storytelling%20with%20Everyday%20Tools&e[0][location]=Online%20-%20",FAILED,""
"https://urbanafreelibrary.libnet.info/event/17358711","https://addtocalendar.com/atc/outlookonline?utz=0&uln=en-US@posix&vjs=1.5&e[0][date_start]=2026-10-13%2019%3A00%3A00&e[0][date_end]=2026-10-13%2020%3A00%3A00&e[0][timezone]=America%2FChicago&e[0][title]=Digital%20Storytelling%20with%20Everyday%20Tools&e[0][location]=Online%20-%20",FAILED,""
"https://urbanafreelibrary.libnet.info/event/17358711","https://addtocalendar.com/atc/yahoo?utz=0&uln=en-US@posix&vjs=1.5&e[0][date_start]=2026-10-13%2019%3A00%3A00&e[0][date_end]=2026-10-13%2020%3A00%3A00&e[0][timezone]=America%2FChicago&e[0][title]=Digital%20Storytelling%20with%20Everyday%20Tools&e[0][location]=Online%20-%20",FAILED,""
"https://urbanafreelibrary.libnet.info/event/17264233","https://addtocalendar.com/atc/ical?utz=0&uln=en-US@posix&vjs=1.5&e[0][date_start]=2026-10-14%2015%3A00%3A00&e[0][date_end]=2026-10-14%2017%3A30%3A00&e[0][timezone]=America%2FChicago&e[0][title]=Teen%20Open%20Lab&e[0][location]=The%20Urbana%20Free%20Library%20-%20The%20Lewis%20Auditorium",FAILED,""
"https://urbanafreelibrary.libnet.info/event/17264233","https://addtocalendar.com/atc/google?utz=0&uln=en-US@posix&vjs=1.5&e[0][date_start]=2026-10-14%2015%3A00%3A00&e[0][date_end]=2026-10-14%2017%3A30%3A00&e[0][timezone]=America%2FChicago&e[0][title]=Teen%20Open%20Lab&e[0][location]=The%20Urbana%20Free%20Library%20-%20The%20Lewis%20Auditorium",FAILED,""
"https://urbanafreelibrary.libnet.info/event/17264233","https://addtocalendar.com/atc/outlook?utz=0&uln=en-US@posix&vjs=1.5&e[0][date_start]=2026-10-14%2015%3A00%3A00&e[0][date_end]=2026-10-14%2017%3A30%3A00&e[0][timezone]=America%2FChicago&e[0][title]=Teen%20Open%20Lab&e[0][location]=The%20Urbana%20Free%20Library%20-%20The%20Lewis%20Auditorium",FAILED,""
"https://urbanafreelibrary.libnet.info/event/17264233","https://addtocalendar.com/atc/outlookonline?utz=0&uln=en-US@posix&vjs=1.5&e[0][date_start]=2026-10-14%2015%3A00%3A00&e[0][date_end]=2026-10-14%2017%3A30%3A00&e[0][timezone]=America%2FChicago&e[0][title]=Teen%20Open%20Lab&e[0][location]=The%20Urbana%20Free%20Library%20-%20The%20Lewis%20Auditorium",FAILED,""
"https://urbanafreelibrary.libnet.info/event/17264233","https://addtocalendar.com/atc/yahoo?utz=0&uln=en-US@posix&vjs=1.5&e[0][date_start]=2026-10-14%2015%3A00%3A00&e[0][date_end]=2026-10-14%2017%3A30%3A00&e[0][timezone]=America%2FChicago&e[0][title]=Teen%20Open%20Lab&e[0][location]=The%20Urbana%20Free%20Library%20-%20The%20Lewis%20Auditorium",FAILED,""
"https://urbanafreelibrary.libnet.info/event/13876090","https://addtocalendar.com/atc/ical?utz=0&uln=en-US@posix&vjs=1.5&e[0][date_start]=2026-10-15%2010%3A15%3A00&e[0][date_end]=2026-10-15%2010%3A45%3A00&e[0][timezone]=America%2FChicago&e[0][title]=Crafty%20Tales&e[0][location]=The%20Urbana%20Free%20Library%20-%20The%20Lewis%20Auditorium",FAILED,""
"https://urbanafreelibrary.libnet.info/event/13876090","https://addtocalendar.com/atc/google?utz=0&uln=en-US@posix&vjs=1.5&e[0][date_start]=2026-10-15%2010%3A15%3A00&e[0][date_end]=2026-10-15%2010%3A45%3A00&e[0][timezone]=America%2FChicago&e[0][title]=Crafty%20Tales&e[0][location]=The%20Urbana%20Free%20Library%20-%20The%20Lewis%20Auditorium",FAILED,""
"https://urbanafreelibrary.libnet.info/event/13876090","https://addtocalendar.com/atc/outlook?utz=0&uln=en-US@posix&vjs=1.5&e[0][date_start]=2026-10-15%2010%3A15%3A00&e[0][date_end]=2026-10-15%2010%3A45%3A00&e[0][timezone]=America%2FChicago&e[0][title]=Crafty%20Tales&e[0][location]=The%20Urbana%20Free%20Library%20-%20The%20Lewis%20Auditorium",FAILED,""
"https://urbanafreelibrary.libnet.info/event/13876090","https://addtocalendar.com/atc/outlookonline?utz=0&uln=en-US@posix&vjs=1.5&e[0][date_start]=2026-10-15%2010%3A15%3A00&e[0][date_end]=2026-10-15%2010%3A45%3A00&e[0][timezone]=America%2FChicago&e[0][title]=Crafty%20Tales&e[0][location]=The%20Urbana%20Free%20Library%20-%20The%20Lewis%20Auditorium",FAILED,""
"https://urbanafreelibrary.libnet.info/event/13876090","https://addtocalendar.com/atc/yahoo?utz=0&uln=en-US@posix&vjs=1.5&e[0][date_start]=2026-10-15%2010%3A15%3A00&e[0][date_end]=2026-10-15%2010%3A45%3A00&e[0][timezone]=America%2FChicago&e[0][title]=Crafty%20Tales&e[0][location]=The%20Urbana%20Free%20Library%20-%20The%20Lewis%20Auditorium",FAILED,""
"https://urbanafreelibrary.libnet.info/event/17269059","https://addtocalendar.com/atc/ical?utz=0&uln=en-US@posix&vjs=1.5&e[0][date_start]=2026-10-15%2015%3A00%3A00&e[0][date_end]=2026-10-15%2017%3A00%3A00&e[0][timezone]=America%2FChicago&e[0][title]=Teen%20Open%20Lab&e[0][location]=The%20Urbana%20Free%20Library%20-%20The%20Lewis%20Auditorium",FAILED,""
"https://urbanafreelibrary.libnet.info/event/17269059","https://addtocalendar.com/atc/google?utz=0&uln=en-US@posix&vjs=1.5&e[0][date_start]=2026-10-15%2015%3A00%3A00&e[0][date_end]=2026-10-15%2017%3A00%3A00&e[0][timezone]=America%2FChicago&e[0][title]=Teen%20Open%20Lab&e[0][location]=The%20Urbana%20Free%20Library%20-%20The%20Lewis%20Auditorium",FAILED,""
"https://urbanafreelibrary.libnet.info/event/17269059","https://addtocalendar.com/atc/outlook?utz=0&uln=en-US@posix&vjs=1.5&e[0][date_start]=2026-10-15%2015%3A00%3A00&e[0][date_end]=2026-10-15%2017%3A00%3A00&e[0][timezone]=America%2FChicago&e[0][title]=Teen%20Open%20Lab&e[0][location]=The%20Urbana%20Free%20Library%20-%20The%20Lewis%20Auditorium",FAILED,""
"https://urbanafreelibrary.libnet.info/event/17269059","https://addtocalendar.com/atc/outlookonline?utz=0&uln=en-US@posix&vjs=1.5&e[0][date_start]=2026-10-15%2015%3A00%3A00&e[0][date_end]=2026-10-15%2017%3A00%3A00&e[0][timezone]=America%2FChicago&e[0][title]=Teen%20Open%20Lab&e[0][location]=The%20Urbana%20Free%20Library%20-%20The%20Lewis%20Auditorium",FAILED,""
"https://urbanafreelibrary.libnet.info/event/17269059","https://addtocalendar.com/atc/yahoo?utz=0&uln=en-US@posix&vjs=1.5&e[0][date_start]=2026-10-15%2015%3A00%3A00&e[0][date_end]=2026-10-15%2017%3A00%3A00&e[0][timezone]=America%2FChicago&e[0][title]=Teen%20Open%20Lab&e[0][location]=The%20Urbana%20Free%20Library%20-%20The%20Lewis%20Auditorium",FAILED,""
"https://urbanafreelibrary.libnet.info/event/16837863","https://addtocalendar.com/atc/ical?utz=0&uln=en-US@posix&vjs=1.5&e[0][date_start]=2026-10-15%2018%3A00%3A00&e[0][date_end]=2026-10-15%2020%3A00%3A00&e[0][timezone]=America%2FChicago&e[0][title]=Living%20History%20with%20Queer%20Elders&e[0][location]=The%20Urbana%20Free%20Library%20-%20The%20Lewis%20Auditorium",FAILED,""
"https://urbanafreelibrary.libnet.info/event/16837863","https://addtocalendar.com/atc/google?utz=0&uln=en-US@posix&vjs=1.5&e[0][date_start]=2026-10-15%2018%3A00%3A00&e[0][date_end]=2026-10-15%2020%3A00%3A00&e[0][timezone]=America%2FChicago&e[0][title]=Living%20History%20with%20Queer%20Elders&e[0][location]=The%20Urbana%20Free%20Library%20-%20The%20Lewis%20Auditorium",FAILED,""
"https://urbanafreelibrary.libnet.info/event/16837863","https://addtocalendar.com/atc/outlook?utz=0&uln=en-US@posix&vjs=1.5&e[0][date_start]=2026-10-15%2018%3A00%3A00&e[0][date_end]=2026-10-15%2020%3A00%3A00&e[0][timezone]=America%2FChicago&e[0][title]=Living%20History%20with%20Queer%20Elders&e[0][location]=The%20Urbana%20Free%20Library%20-%20The%20Lewis%20Auditorium",FAILED,""
"https://urbanafreelibrary.libnet.info/event/16837863","https://addtocalendar.com/atc/outlookonline?utz=0&uln=en-US@posix&vjs=1.5&e[0][date_start]=2026-10-15%2018%3A00%3A00&e[0][date_end]=2026-10-15%2020%3A00%3A00&e[0][timezone]=America%2FChicago&e[0][title]=Living%20History%20with%20Queer%20Elders&e[0][location]=The%20Urbana%20Free%20Library%20-%20The%20Lewis%20Auditorium",FAILED,""
"https://urbanafreelibrary.libnet.info/event/16837863","https://addtocalendar.com/atc/yahoo?utz=0&uln=en-US@posix&vjs=1.5&e[0][date_start]=2026-10-15%2018%3A00%3A00&e[0][date_end]=2026-10-15%2020%3A00%3A00&e[0][timezone]=America%2FChicago&e[0][title]=Living%20History%20with%20Queer%20Elders&e[0][location]=The%20Urbana%20Free%20Library%20-%20The%20Lewis%20Auditorium",FAILED,""
"https://urbanafreelibrary.libnet.info/event/17029077","https://addtocalendar.com/atc/ical?utz=0&uln=en-US@posix&vjs=1.5&e[0][date_start]=2026-10-17%2010%3A30%3A00&e[0][date_end]=2026-10-17%2011%3A00%3A00&e[0][timezone]=America%2FChicago&e[0][title]=Saturday%20Story%20Time%20&e[0][location]=The%20Urbana%20Free%20Library%20-%20The%20Lewis%20Auditorium",FAILED,""
"https://urbanafreelibrary.libnet.info/event/17029077","https://addtocalendar.com/atc/google?utz=0&uln=en-US@posix&vjs=1.5&e[0][date_start]=2026-10-17%2010%3A30%3A00&e[0][date_end]=2026-10-17%2011%3A00%3A00&e[0][timezone]=America%2FChicago&e[0][title]=Saturday%20Story%20Time%20&e[0][location]=The%20Urbana%20Free%20Library%20-%20The%20Lewis%20Auditorium",FAILED,""
"https://urbanafreelibrary.libnet.info/event/17029077","https://addtocalendar.com/atc/outlook?utz=0&uln=en-US@posix&vjs=1.5&e[0][date_start]=2026-10-17%2010%3A30%3A00&e[0][date_end]=2026-10-17%2011%3A00%3A00&e[0][timezone]=America%2FChicago&e[0][title]=Saturday%20Story%20Time%20&e[0][location]=The%20Urbana%20Free%20Library%20-%20The%20Lewis%20Auditorium",FAILED,""
"https://urbanafreelibrary.libnet.info/event/17029077","https://addtocalendar.com/atc/outlookonline?utz=0&uln=en-US@posix&vjs=1.5&e[0][date_start]=2026-10-17%2010%3A30%3A00&e[0][date_end]=2026-10-17%2011%3A00%3A00&e[0][timezone]=America%2FChicago&e[0][title]=Saturday%20Story%20Time%20&e[0][location]=The%20Urbana%20Free%20Library%20-%20The%20Lewis%20Auditorium",FAILED,""
"https://urbanafreelibrary.libnet.info/event/17029077","https://addtocalendar.com/atc/yahoo?utz=0&uln=en-US@posix&vjs=1.5&e[0][date_start]=2026-10-17%2010%3A30%3A00&e[0][date_end]=2026-10-17%2011%3A00%3A00&e[0][timezone]=America%2FChicago&e[0][title]=Saturday%20Story%20Time%20&e[0][location]=The%20Urbana%20Free%20Library%20-%20The%20Lewis%20Auditorium",FAILED,""
"https://urbanafreelibrary.libnet.info/event/17032676","https://addtocalendar.com/atc/ical?utz=0&uln=en-US@posix&vjs=1.5&e[0][date_start]=2026-10-17%2011%3A30%3A00&e[0][date_end]=2026-10-17%2012%3A15%3A00&e[0][timezone]=America%2FChicago&e[0][title]=Fast%20Firsts!%20(First%20chapter%20books%20edition)&e[0][location]=The%20Urbana%20Free%20Library%20-%20The%20Lewis%20Auditorium",FAILED,""
"https://urbanafreelibrary.libnet.info/event/17032676","https://addtocalendar.com/atc/google?utz=0&uln=en-US@posix&vjs=1.5&e[0][date_start]=2026-10-17%2011%3A30%3A00&e[0][date_end]=2026-10-17%2012%3A15%3A00&e[0][timezone]=America%2FChicago&e[0][title]=Fast%20Firsts!%20(First%20chapter%20books%20edition)&e[0][location]=The%20Urbana%20Free%20Library%20-%20The%20Lewis%20Auditorium",FAILED,""
"https://urbanafreelibrary.libnet.info/event/17032676","https://addtocalendar.com/atc/outlook?utz=0&uln=en-US@posix&vjs=1.5&e[0][date_start]=2026-10-17%2011%3A30%3A00&e[0][date_end]=2026-10-17%2012%3A15%3A00&e[0][timezone]=America%2FChicago&e[0][title]=Fast%20Firsts!%20(First%20chapter%20books%20edition)&e[0][location]=The%20Urbana%20Free%20Library%20-%20The%20Lewis%20Auditorium",FAILED,""
"https://urbanafreelibrary.libnet.info/event/17032676","https://addtocalendar.com/atc/outlookonline?utz=0&uln=en-US@posix&vjs=1.5&e[0][date_start]=2026-10-17%2011%3A30%3A00&e[0][date_end]=2026-10-17%2012%3A15%3A00&e[0][timezone]=America%2FChicago&e[0][title]=Fast%20Firsts!%20(First%20chapter%20books%20edition)&e[0][location]=The%20Urbana%20Free%20Library%20-%20The%20Lewis%20Auditorium",FAILED,""
"https://urbanafreelibrary.libnet.info/event/17032676","https://addtocalendar.com/atc/yahoo?utz=0&uln=en-US@posix&vjs=1.5&e[0][date_start]=2026-10-17%2011%3A30%3A00&e[0][date_end]=2026-10-17%2012%3A15%3A00&e[0][timezone]=America%2FChicago&e[0][title]=Fast%20Firsts!%20(First%20chapter%20books%20edition)&e[0][location]=The%20Urbana%20Free%20Library%20-%20The%20Lewis%20Auditorium",FAILED,""
"https://urbanafreelibrary.libnet.info/event/16927579","http://gradswe.swe.org/",FAILED,"Graduate Society of Women Engineers"
"https://urbanafreelibrary.libnet.info/event/16927579","https://addtocalendar.com/atc/ical?utz=0&uln=en-US@posix&vjs=1.5&e[0][date_start]=2026-10-17%2014%3A00%3A00&e[0][date_end]=2026-10-17%2015%3A00%3A00&e[0][timezone]=America%2FChicago&e[0][title]=Jump%20Into%20Science&e[0][location]=The%20Urbana%20Free%20Library%20-%20The%20Lewis%20Auditorium",FAILED,""
"https://urbanafreelibrary.libnet.info/event/16927579","https://addtocalendar.com/atc/google?utz=0&uln=en-US@posix&vjs=1.5&e[0][date_start]=2026-10-17%2014%3A00%3A00&e[0][date_end]=2026-10-17%2015%3A00%3A00&e[0][timezone]=America%2FChicago&e[0][title]=Jump%20Into%20Science&e[0][location]=The%20Urbana%20Free%20Library%20-%20The%20Lewis%20Auditorium",FAILED,""
"https://urbanafreelibrary.libnet.info/event/16927579","https://addtocalendar.com/atc/outlook?utz=0&uln=en-US@posix&vjs=1.5&e[0][date_start]=2026-10-17%2014%3A00%3A00&e[0][date_end]=2026-10-17%2015%3A00%3A00&e[0][timezone]=America%2FChicago&e[0][title]=Jump%20Into%20Science&e[0][location]=The%20Urbana%20Free%20Library%20-%20The%20Lewis%20Auditorium",FAILED,""
"https://urbanafreelibrary.libnet.info/event/16927579","https://addtocalendar.com/atc/outlookonline?utz=0&uln=en-US@posix&vjs=1.5&e[0][date_start]=2026-10-17%2014%3A00%3A00&e[0][date_end]=2026-10-17%2015%3A00%3A00&e[0][timezone]=America%2FChicago&e[0][title]=Jump%20Into%20Science&e[0][location]=The%20Urbana%20Free%20Library%20-%20The%20Lewis%20Auditorium",FAILED,""
"https://urbanafreelibrary.libnet.info/event/16927579","https://addtocalendar.com/atc/yahoo?utz=0&uln=en-US@posix&vjs=1.5&e[0][date_start]=2026-10-17%2014%3A00%3A00&e[0][date_end]=2026-10-17%2015%3A00%3A00&e[0][timezone]=America%2FChicago&e[0][title]=Jump%20Into%20Science&e[0][location]=The%20Urbana%20Free%20Library%20-%20The%20Lewis%20Auditorium",FAILED,""
"https://urbanafreelibrary.libnet.info/event/16603859","https://addtocalendar.com/atc/ical?utz=0&uln=en-US@posix&vjs=1.5&e[0][date_start]=2026-10-19%2010%3A00%3A00&e[0][date_end]=2026-10-19%2012%3A00%3A00&e[0][timezone]=America%2FChicago&e[0][title]=Project%20Read&e[0][location]=The%20Urbana%20Free%20Library%20-%20The%20Lewis%20Auditorium",FAILED,""
"https://urbanafreelibrary.libnet.info/event/16603859","https://addtocalendar.com/atc/google?utz=0&uln=en-US@posix&vjs=1.5&e[0][date_start]=2026-10-19%2010%3A00%3A00&e[0][date_end]=2026-10-19%2012%3A00%3A00&e[0][timezone]=America%2FChicago&e[0][title]=Project%20Read&e[0][location]=The%20Urbana%20Free%20Library%20-%20The%20Lewis%20Auditorium",FAILED,""
"https://urbanafreelibrary.libnet.info/event/16603859","https://addtocalendar.com/atc/outlook?utz=0&uln=en-US@posix&vjs=1.5&e[0][date_start]=2026-10-19%2010%3A00%3A00&e[0][date_end]=2026-10-19%2012%3A00%3A00&e[0][timezone]=America%2FChicago&e[0][title]=Project%20Read&e[0][location]=The%20Urbana%20Free%20Library%20-%20The%20Lewis%20Auditorium",FAILED,""
"https://urbanafreelibrary.libnet.info/event/16603859","https://addtocalendar.com/atc/outlookonline?utz=0&uln=en-US@posix&vjs=1.5&e[0][date_start]=2026-10-19%2010%3A00%3A00&e[0][date_end]=2026-10-19%2012%3A00%3A00&e[0][timezone]=America%2FChicago&e[0][title]=Project%20Read&e[0][location]=The%20Urbana%20Free%20Library%20-%20The%20Lewis%20Auditorium",FAILED,""
"https://urbanafreelibrary.libnet.info/event/16603859","https://addtocalendar.com/atc/yahoo?utz=0&uln=en-US@posix&vjs=1.5&e[0][date_start]=2026-10-19%2010%3A00%3A00&e[0][date_end]=2026-10-19%2012%3A00%3A00&e[0][timezone]=America%2FChicago&e[0][title]=Project%20Read&e[0][location]=The%20Urbana%20Free%20Library%20-%20The%20Lewis%20Auditorium",FAILED,""
"https://urbanafreelibrary.libnet.info/event/16826555","https://addtocalendar.com/atc/ical?utz=0&uln=en-US@posix&vjs=1.5&e[0][date_start]=2026-10-19%2015%3A45%3A00&e[0][date_end]=2026-10-19%2018%3A00%3A00&e[0][timezone]=America%2FChicago&e[0][title]=Teen%20Movie%20Mondays&e[0][location]=The%20Urbana%20Free%20Library%20-%20The%20Lewis%20Auditorium",FAILED,""
"https://urbanafreelibrary.libnet.info/event/16826555","https://addtocalendar.com/atc/google?utz=0&uln=en-US@posix&vjs=1.5&e[0][date_start]=2026-10-19%2015%3A45%3A00&e[0][date_end]=2026-10-19%2018%3A00%3A00&e[0][timezone]=America%2FChicago&e[0][title]=Teen%20Movie%20Mondays&e[0][location]=The%20Urbana%20Free%20Library%20-%20The%20Lewis%20Auditorium",FAILED,""
"https://urbanafreelibrary.libnet.info/event/16826555","https://addtocalendar.com/atc/outlook?utz=0&uln=en-US@posix&vjs=1.5&e[0][date_start]=2026-10-19%2015%3A45%3A00&e[0][date_end]=2026-10-19%2018%3A00%3A00&e[0][timezone]=America%2FChicago&e[0][title]=Teen%20Movie%20Mondays&e[0][location]=The%20Urbana%20Free%20Library%20-%20The%20Lewis%20Auditorium",FAILED,""
"https://urbanafreelibrary.libnet.info/event/16826555","https://addtocalendar.com/atc/outlookonline?utz=0&uln=en-US@posix&vjs=1.5&e[0][date_start]=2026-10-19%2015%3A45%3A00&e[0][date_end]=2026-10-19%2018%3A00%3A00&e[0][timezone]=America%2FChicago&e[0][title]=Teen%20Movie%20Mondays&e[0][location]=The%20Urbana%20Free%20Library%20-%20The%20Lewis%20Auditorium",FAILED,""
"https://urbanafreelibrary.libnet.info/event/16826555","https://addtocalendar.com/atc/yahoo?utz=0&uln=en-US@posix&vjs=1.5&e[0][date_start]=2026-10-19%2015%3A45%3A00&e[0][date_end]=2026-10-19%2018%3A00%3A00&e[0][timezone]=America%2FChicago&e[0][title]=Teen%20Movie%20Mondays&e[0][location]=The%20Urbana%20Free%20Library%20-%20The%20Lewis%20Auditorium",FAILED,""
"https://urbanafreelibrary.libnet.info/event/16165646","https://addtocalendar.com/atc/ical?utz=0&uln=en-US@posix&vjs=1.5&e[0][date_start]=2026-10-19%2018%3A00%3A00&e[0][date_end]=2026-10-19%2019%3A30%3A00&e[0][timezone]=America%2FChicago&e[0][title]=Death%20Cafe&e[0][location]=The%20Urbana%20Free%20Library%20-%20MacFarlane-Hood%20Reading%20Room",FAILED,""
"https://urbanafreelibrary.libnet.info/event/16165646","https://addtocalendar.com/atc/google?utz=0&uln=en-US@posix&vjs=1.5&e[0][date_start]=2026-10-19%2018%3A00%3A00&e[0][date_end]=2026-10-19%2019%3A30%3A00&e[0][timezone]=America%2FChicago&e[0][title]=Death%20Cafe&e[0][location]=The%20Urbana%20Free%20Library%20-%20MacFarlane-Hood%20Reading%20Room",FAILED,""
"https://urbanafreelibrary.libnet.info/event/16165646","https://addtocalendar.com/atc/outlook?utz=0&uln=en-US@posix&vjs=1.5&e[0][date_start]=2026-10-19%2018%3A00%3A00&e[0][date_end]=2026-10-19%2019%3A30%3A00&e[0][timezone]=America%2FChicago&e[0][title]=Death%20Cafe&e[0][location]=The%20Urbana%20Free%20Library%20-%20MacFarlane-Hood%20Reading%20Room",FAILED,""
"https://urbanafreelibrary.libnet.info/event/16165646","https://addtocalendar.com/atc/outlookonline?utz=0&uln=en-US@posix&vjs=1.5&e[0][date_start]=2026-10-19%2018%3A00%3A00&e[0][date_end]=2026-10-19%2019%3A30%3A00&e[0][timezone]=America%2FChicago&e[0][title]=Death%20Cafe&e[0][location]=The%20Urbana%20Free%20Library%20-%20MacFarlane-Hood%20Reading%20Room",FAILED,""
"https://urbanafreelibrary.libnet.info/event/16165646","https://addtocalendar.com/atc/yahoo?utz=0&uln=en-US@posix&vjs=1.5&e[0][date_start]=2026-10-19%2018%3A00%3A00&e[0][date_end]=2026-10-19%2019%3A30%3A00&e[0][timezone]=America%2FChicago&e[0][title]=Death%20Cafe&e[0][location]=The%20Urbana%20Free%20Library%20-%20MacFarlane-Hood%20Reading%20Room",FAILED,""
"https://urbanafreelibrary.libnet.info/event/13876067","https://addtocalendar.com/atc/ical?utz=0&uln=en-US@posix&vjs=1.5&e[0][date_start]=2026-10-20%2010%3A15%3A00&e[0][date_end]=2026-10-20%2010%3A40%3A00&e[0][timezone]=America%2FChicago&e[0][title]=Books%20and%20Bounces!&e[0][location]=The%20Urbana%20Free%20Library%20-%20The%20Lewis%20Auditorium",FAILED,""
"https://urbanafreelibrary.libnet.info/event/13876067","https://addtocalendar.com/atc/google?utz=0&uln=en-US@posix&vjs=1.5&e[0][date_start]=2026-10-20%2010%3A15%3A00&e[0][date_end]=2026-10-20%2010%3A40%3A00&e[0][timezone]=America%2FChicago&e[0][title]=Books%20and%20Bounces!&e[0][location]=The%20Urbana%20Free%20Library%20-%20The%20Lewis%20Auditorium",FAILED,""
"https://urbanafreelibrary.libnet.info/event/13876067","https://addtocalendar.com/atc/outlook?utz=0&uln=en-US@posix&vjs=1.5&e[0][date_start]=2026-10-20%2010%3A15%3A00&e[0][date_end]=2026-10-20%2010%3A40%3A00&e[0][timezone]=America%2FChicago&e[0][title]=Books%20and%20Bounces!&e[0][location]=The%20Urbana%20Free%20Library%20-%20The%20Lewis%20Auditorium",FAILED,""
"https://urbanafreelibrary.libnet.info/event/13876067","https://addtocalendar.com/atc/outlookonline?utz=0&uln=en-US@posix&vjs=1.5&e[0][date_start]=2026-10-20%2010%3A15%3A00&e[0][date_end]=2026-10-20%2010%3A40%3A00&e[0][timezone]=America%2FChicago&e[0][title]=Books%20and%20Bounces!&e[0][location]=The%20Urbana%20Free%20Library%20-%20The%20Lewis%20Auditorium",FAILED,""
"https://urbanafreelibrary.libnet.info/event/13876067","https://addtocalendar.com/atc/yahoo?utz=0&uln=en-US@posix&vjs=1.5&e[0][date_start]=2026-10-20%2010%3A15%3A00&e[0][date_end]=2026-10-20%2010%3A40%3A00&e[0][timezone]=America%2FChicago&e[0][title]=Books%20and%20Bounces!&e[0][location]=The%20Urbana%20Free%20Library%20-%20The%20Lewis%20Auditorium",FAILED,""
"https://urbanafreelibrary.libnet.info/event/17265134","https://addtocalendar.com/atc/ical?utz=0&uln=en-US@posix&vjs=1.5&e[0][date_start]=2026-10-20%2015%3A00%3A00&e[0][date_end]=2026-10-20%2017%3A30%3A00&e[0][timezone]=America%2FChicago&e[0][title]=Teen%20Open%20Lab&e[0][location]=The%20Urbana%20Free%20Library%20-%20The%20Lewis%20Auditorium",FAILED,""
"https://urbanafreelibrary.libnet.info/event/17265134","https://addtocalendar.com/atc/google?utz=0&uln=en-US@posix&vjs=1.5&e[0][date_start]=2026-10-20%2015%3A00%3A00&e[0][date_end]=2026-10-20%2017%3A30%3A00&e[0][timezone]=America%2FChicago&e[0][title]=Teen%20Open%20Lab&e[0][location]=The%20Urbana%20Free%20Library%20-%20The%20Lewis%20Auditorium",FAILED,""
"https://urbanafreelibrary.libnet.info/event/17265134","https://addtocalendar.com/atc/outlook?utz=0&uln=en-US@posix&vjs=1.5&e[0][date_start]=2026-10-20%2015%3A00%3A00&e[0][date_end]=2026-10-20%2017%3A30%3A00&e[0][timezone]=America%2FChicago&e[0][title]=Teen%20Open%20Lab&e[0][location]=The%20Urbana%20Free%20Library%20-%20The%20Lewis%20Auditorium",FAILED,""
"https://urbanafreelibrary.libnet.info/event/17265134","https://addtocalendar.com/atc/outlookonline?utz=0&uln=en-US@posix&vjs=1.5&e[0][date_start]=2026-10-20%2015%3A00%3A00&e[0][date_end]=2026-10-20%2017%3A30%3A00&e[0][timezone]=America%2FChicago&e[0][title]=Teen%20Open%20Lab&e[0][location]=The%20Urbana%20Free%20Library%20-%20The%20Lewis%20Auditorium",FAILED,""
"https://urbanafreelibrary.libnet.info/event/17265134","https://addtocalendar.com/atc/yahoo?utz=0&uln=en-US@posix&vjs=1.5&e[0][date_start]=2026-10-20%2015%3A00%3A00&e[0][date_end]=2026-10-20%2017%3A30%3A00&e[0][timezone]=America%2FChicago&e[0][title]=Teen%20Open%20Lab&e[0][location]=The%20Urbana%20Free%20Library%20-%20The%20Lewis%20Auditorium",FAILED,""
"https://urbanafreelibrary.libnet.info/event/16563207","https://addtocalendar.com/atc/ical?utz=0&uln=en-US@posix&vjs=1.5&e[0][date_start]=2026-10-20%2017%3A00%3A00&e[0][date_end]=2026-10-20%2019%3A30%3A00&e[0][timezone]=America%2FChicago&e[0][title]=Stitching%20Circle&e[0][location]=The%20Urbana%20Free%20Library%20-%20MacFarlane-Hood%20Reading%20Room",FAILED,""
"https://urbanafreelibrary.libnet.info/event/16563207","https://addtocalendar.com/atc/google?utz=0&uln=en-US@posix&vjs=1.5&e[0][date_start]=2026-10-20%2017%3A00%3A00&e[0][date_end]=2026-10-20%2019%3A30%3A00&e[0][timezone]=America%2FChicago&e[0][title]=Stitching%20Circle&e[0][location]=The%20Urbana%20Free%20Library%20-%20MacFarlane-Hood%20Reading%20Room",FAILED,""
"https://urbanafreelibrary.libnet.info/event/16563207","https://addtocalendar.com/atc/outlook?utz=0&uln=en-US@posix&vjs=1.5&e[0][date_start]=2026-10-20%2017%3A00%3A00&e[0][date_end]=2026-10-20%2019%3A30%3A00&e[0][timezone]=America%2FChicago&e[0][title]=Stitching%20Circle&e[0][location]=The%20Urbana%20Free%20Library%20-%20MacFarlane-Hood%20Reading%20Room",FAILED,""
"https://urbanafreelibrary.libnet.info/event/16563207","https://addtocalendar.com/atc/outlookonline?utz=0&uln=en-US@posix&vjs=1.5&e[0][date_start]=2026-10-20%2017%3A00%3A00&e[0][date_end]=2026-10-20%2019%3A30%3A00&e[0][timezone]=America%2FChicago&e[0][title]=Stitching%20Circle&e[0][location]=The%20Urbana%20Free%20Library%20-%20MacFarlane-Hood%20Reading%20Room",FAILED,""
"https://urbanafreelibrary.libnet.info/event/16563207","https://addtocalendar.com/atc/yahoo?utz=0&uln=en-US@posix&vjs=1.5&e[0][date_start]=2026-10-20%2017%3A00%3A00&e[0][date_end]=2026-10-20%2019%3A30%3A00&e[0][timezone]=America%2FChicago&e[0][title]=Stitching%20Circle&e[0][location]=The%20Urbana%20Free%20Library%20-%20MacFarlane-Hood%20Reading%20Room",FAILED,""
"https://urbanafreelibrary.libnet.info/event/17186415","https://addtocalendar.com/atc/ical?utz=0&uln=en-US@posix&vjs=1.5&e[0][date_start]=2026-10-20%2019%3A00%3A00&e[0][date_end]=2026-10-20%2020%3A00%3A00&e[0][timezone]=America%2FChicago&e[0][title]=Preserving%20History%20with%20Geoffrey%20Baer%20(Virtual)&e[0][location]=The%20Urbana%20Free%20Library%20-%20Online",FAILED,""
"https://urbanafreelibrary.libnet.info/event/17186415","https://addtocalendar.com/atc/google?utz=0&uln=en-US@posix&vjs=1.5&e[0][date_start]=2026-10-20%2019%3A00%3A00&e[0][date_end]=2026-10-20%2020%3A00%3A00&e[0][timezone]=America%2FChicago&e[0][title]=Preserving%20History%20with%20Geoffrey%20Baer%20(Virtual)&e[0][location]=The%20Urbana%20Free%20Library%20-%20Online",FAILED,""
"https://urbanafreelibrary.libnet.info/event/17186415","https://addtocalendar.com/atc/outlook?utz=0&uln=en-US@posix&vjs=1.5&e[0][date_start]=2026-10-20%2019%3A00%3A00&e[0][date_end]=2026-10-20%2020%3A00%3A00&e[0][timezone]=America%2FChicago&e[0][title]=Preserving%20History%20with%20Geoffrey%20Baer%20(Virtual)&e[0][location]=The%20Urbana%20Free%20Library%20-%20Online",FAILED,""
"https://urbanafreelibrary.libnet.info/event/17186415","https://addtocalendar.com/atc/outlookonline?utz=0&uln=en-US@posix&vjs=1.5&e[0][date_start]=2026-10-20%2019%3A00%3A00&e[0][date_end]=2026-10-20%2020%3A00%3A00&e[0][timezone]=America%2FChicago&e[0][title]=Preserving%20History%20with%20Geoffrey%20Baer%20(Virtual)&e[0][location]=The%20Urbana%20Free%20Library%20-%20Online",FAILED,""
"https://urbanafreelibrary.libnet.info/event/17186415","https://addtocalendar.com/atc/yahoo?utz=0&uln=en-US@posix&vjs=1.5&e[0][date_start]=2026-10-20%2019%3A00%3A00&e[0][date_end]=2026-10-20%2020%3A00%3A00&e[0][timezone]=America%2FChicago&e[0][title]=Preserving%20History%20with%20Geoffrey%20Baer%20(Virtual)&e[0][location]=The%20Urbana%20Free%20Library%20-%20Online",FAILED,""
"https://urbanafreelibrary.libnet.info/event/17264234","https://addtocalendar.com/atc/ical?utz=0&uln=en-US@posix&vjs=1.5&e[0][date_start]=2026-10-21%2015%3A00%3A00&e[0][date_end]=2026-10-21%2017%3A30%3A00&e[0][timezone]=America%2FChicago&e[0][title]=Teen%20Open%20Lab&e[0][location]=The%20Urbana%20Free%20Library%20-%20The%20Lewis%20Auditorium",FAILED,""
"https://urbanafreelibrary.libnet.info/event/17264234","https://addtocalendar.com/atc/google?utz=0&uln=en-US@posix&vjs=1.5&e[0][date_start]=2026-10-21%2015%3A00%3A00&e[0][date_end]=2026-10-21%2017%3A30%3A00&e[0][timezone]=America%2FChicago&e[0][title]=Teen%20Open%20Lab&e[0][location]=The%20Urbana%20Free%20Library%20-%20The%20Lewis%20Auditorium",FAILED,""
"https://urbanafreelibrary.libnet.info/event/17264234","https://addtocalendar.com/atc/outlook?utz=0&uln=en-US@posix&vjs=1.5&e[0][date_start]=2026-10-21%2015%3A00%3A00&e[0][date_end]=2026-10-21%2017%3A30%3A00&e[0][timezone]=America%2FChicago&e[0][title]=Teen%20Open%20Lab&e[0][location]=The%20Urbana%20Free%20Library%20-%20The%20Lewis%20Auditorium",FAILED,""
"https://urbanafreelibrary.libnet.info/event/17264234","https://addtocalendar.com/atc/outlookonline?utz=0&uln=en-US@posix&vjs=1.5&e[0][date_start]=2026-10-21%2015%3A00%3A00&e[0][date_end]=2026-10-21%2017%3A30%3A00&e[0][timezone]=America%2FChicago&e[0][title]=Teen%20Open%20Lab&e[0][location]=The%20Urbana%20Free%20Library%20-%20The%20Lewis%20Auditorium",FAILED,""
"https://urbanafreelibrary.libnet.info/event/17264234","https://addtocalendar.com/atc/yahoo?utz=0&uln=en-US@posix&vjs=1.5&e[0][date_start]=2026-10-21%2015%3A00%3A00&e[0][date_end]=2026-10-21%2017%3A30%3A00&e[0][timezone]=America%2FChicago&e[0][title]=Teen%20Open%20Lab&e[0][location]=The%20Urbana%20Free%20Library%20-%20The%20Lewis%20Auditorium",FAILED,""
"https://urbanafreelibrary.libnet.info/event/13876091","https://addtocalendar.com/atc/ical?utz=0&uln=en-US@posix&vjs=1.5&e[0][date_start]=2026-10-22%2010%3A15%3A00&e[0][date_end]=2026-10-22%2010%3A40%3A00&e[0][timezone]=America%2FChicago&e[0][title]=Crafty%20Tales&e[0][location]=The%20Urbana%20Free%20Library%20-%20The%20Lewis%20Auditorium",FAILED,""
"https://urbanafreelibrary.libnet.info/event/13876091","https://addtocalendar.com/atc/google?utz=0&uln=en-US@posix&vjs=1.5&e[0][date_start]=2026-10-22%2010%3A15%3A00&e[0][date_end]=2026-10-22%2010%3A40%3A00&e[0][timezone]=America%2FChicago&e[0][title]=Crafty%20Tales&e[0][location]=The%20Urbana%20Free%20Library%20-%20The%20Lewis%20Auditorium",FAILED,""
"https://urbanafreelibrary.libnet.info/event/13876091","https://addtocalendar.com/atc/outlook?utz=0&uln=en-US@posix&vjs=1.5&e[0][date_start]=2026-10-22%2010%3A15%3A00&e[0][date_end]=2026-10-22%2010%3A40%3A00&e[0][timezone]=America%2FChicago&e[0][title]=Crafty%20Tales&e[0][location]=The%20Urbana%20Free%20Library%20-%20The%20Lewis%20Auditorium",FAILED,""
"https://urbanafreelibrary.libnet.info/event/13876091","https://addtocalendar.com/atc/outlookonline?utz=0&uln=en-US@posix&vjs=1.5&e[0][date_start]=2026-10-22%2010%3A15%3A00&e[0][date_end]=2026-10-22%2010%3A40%3A00&e[0][timezone]=America%2FChicago&e[0][title]=Crafty%20Tales&e[0][location]=The%20Urbana%20Free%20Library%20-%20The%20Lewis%20Auditorium",FAILED,""
"https://urbanafreelibrary.libnet.info/event/13876091","https://addtocalendar.com/atc/yahoo?utz=0&uln=en-US@posix&vjs=1.5&e[0][date_start]=2026-10-22%2010%3A15%3A00&e[0][date_end]=2026-10-22%2010%3A40%3A00&e[0][timezone]=America%2FChicago&e[0][title]=Crafty%20Tales&e[0][location]=The%20Urbana%20Free%20Library%20-%20The%20Lewis%20Auditorium",FAILED,""
"https://urbanafreelibrary.libnet.info/event/15410955","https://addtocalendar.com/atc/ical?utz=0&uln=en-US@posix&vjs=1.5&e[0][date_start]=2026-10-22%2012%3A00%3A00&e[0][date_end]=2026-10-22%2013%3A30%3A00&e[0][timezone]=America%2FChicago&e[0][title]=Senior%20Happy%20Hour&e[0][location]=The%20Urbana%20Free%20Library%20-%20MacFarlane-Hood%20Reading%20Room",FAILED,""
"https://urbanafreelibrary.libnet.info/event/15410955","https://addtocalendar.com/atc/google?utz=0&uln=en-US@posix&vjs=1.5&e[0][date_start]=2026-10-22%2012%3A00%3A00&e[0][date_end]=2026-10-22%2013%3A30%3A00&e[0][timezone]=America%2FChicago&e[0][title]=Senior%20Happy%20Hour&e[0][location]=The%20Urbana%20Free%20Library%20-%20MacFarlane-Hood%20Reading%20Room",FAILED,""
"https://urbanafreelibrary.libnet.info/event/15410955","https://addtocalendar.com/atc/outlook?utz=0&uln=en-US@posix&vjs=1.5&e[0][date_start]=2026-10-22%2012%3A00%3A00&e[0][date_end]=2026-10-22%2013%3A30%3A00&e[0][timezone]=America%2FChicago&e[0][title]=Senior%20Happy%20Hour&e[0][location]=The%20Urbana%20Free%20Library%20-%20MacFarlane-Hood%20Reading%20Room",FAILED,""
"https://urbanafreelibrary.libnet.info/event/15410955","https://addtocalendar.com/atc/outlookonline?utz=0&uln=en-US@posix&vjs=1.5&e[0][date_start]=2026-10-22%2012%3A00%3A00&e[0][date_end]=2026-10-22%2013%3A30%3A00&e[0][timezone]=America%2FChicago&e[0][title]=Senior%20Happy%20Hour&e[0][location]=The%20Urbana%20Free%20Library%20-%20MacFarlane-Hood%20Reading%20Room",FAILED,""
"https://urbanafreelibrary.libnet.info/event/15410955","https://addtocalendar.com/atc/yahoo?utz=0&uln=en-US@posix&vjs=1.5&e[0][date_start]=2026-10-22%2012%3A00%3A00&e[0][date_end]=2026-10-22%2013%3A30%3A00&e[0][timezone]=America%2FChicago&e[0][title]=Senior%20Happy%20Hour&e[0][location]=The%20Urbana%20Free%20Library%20-%20MacFarlane-Hood%20Reading%20Room",FAILED,""
"https://urbanafreelibrary.libnet.info/event/17264607","https://addtocalendar.com/atc/ical?utz=0&uln=en-US@posix&vjs=1.5&e[0][date_start]=2026-10-22%2015%3A00%3A00&e[0][date_end]=2026-10-22%2017%3A30%3A00&e[0][timezone]=America%2FChicago&e[0][title]=Teen%20Open%20Lab&e[0][location]=The%20Urbana%20Free%20Library%20-%20The%20Lewis%20Auditorium",FAILED,""
"https://urbanafreelibrary.libnet.info/event/17264607","https://addtocalendar.com/atc/google?utz=0&uln=en-US@posix&vjs=1.5&e[0][date_start]=2026-10-22%2015%3A00%3A00&e[0][date_end]=2026-10-22%2017%3A30%3A00&e[0][timezone]=America%2FChicago&e[0][title]=Teen%20Open%20Lab&e[0][location]=The%20Urbana%20Free%20Library%20-%20The%20Lewis%20Auditorium",FAILED,""
"https://urbanafreelibrary.libnet.info/event/17264607","https://addtocalendar.com/atc/outlook?utz=0&uln=en-US@posix&vjs=1.5&e[0][date_start]=2026-10-22%2015%3A00%3A00&e[0][date_end]=2026-10-22%2017%3A30%3A00&e[0][timezone]=America%2FChicago&e[0][title]=Teen%20Open%20Lab&e[0][location]=The%20Urbana%20Free%20Library%20-%20The%20Lewis%20Auditorium",FAILED,""
"https://urbanafreelibrary.libnet.info/event/17264607","https://addtocalendar.com/atc/outlookonline?utz=0&uln=en-US@posix&vjs=1.5&e[0][date_start]=2026-10-22%2015%3A00%3A00&e[0][date_end]=2026-10-22%2017%3A30%3A00&e[0][timezone]=America%2FChicago&e[0][title]=Teen%20Open%20Lab&e[0][location]=The%20Urbana%20Free%20Library%20-%20The%20Lewis%20Auditorium",FAILED,""
"https://urbanafreelibrary.libnet.info/event/17264607","https://addtocalendar.com/atc/yahoo?utz=0&uln=en-US@posix&vjs=1.5&e[0][date_start]=2026-10-22%2015%3A00%3A00&e[0][date_end]=2026-10-22%2017%3A30%3A00&e[0][timezone]=America%2FChicago&e[0][title]=Teen%20Open%20Lab&e[0][location]=The%20Urbana%20Free%20Library%20-%20The%20Lewis%20Auditorium",FAILED,""
"https://urbanafreelibrary.libnet.info/event/16897102","https://addtocalendar.com/atc/ical?utz=0&uln=en-US@posix&vjs=1.5&e[0][date_start]=2026-10-23%2016%3A00%3A00&e[0][date_end]=2026-10-23%2017%3A00%3A00&e[0][timezone]=America%2FChicago&e[0][title]=Write%20On!&e[0][location]=The%20Urbana%20Free%20Library%20-%20The%20Lewis%20Auditorium",FAILED,""
"https://urbanafreelibrary.libnet.info/event/16897102","https://addtocalendar.com/atc/google?utz=0&uln=en-US@posix&vjs=1.5&e[0][date_start]=2026-10-23%2016%3A00%3A00&e[0][date_end]=2026-10-23%2017%3A00%3A00&e[0][timezone]=America%2FChicago&e[0][title]=Write%20On!&e[0][location]=The%20Urbana%20Free%20Library%20-%20The%20Lewis%20Auditorium",FAILED,""
"https://urbanafreelibrary.libnet.info/event/16897102","https://addtocalendar.com/atc/outlook?utz=0&uln=en-US@posix&vjs=1.5&e[0][date_start]=2026-10-23%2016%3A00%3A00&e[0][date_end]=2026-10-23%2017%3A00%3A00&e[0][timezone]=America%2FChicago&e[0][title]=Write%20On!&e[0][location]=The%20Urbana%20Free%20Library%20-%20The%20Lewis%20Auditorium",FAILED,""
"https://urbanafreelibrary.libnet.info/event/16897102","https://addtocalendar.com/atc/outlookonline?utz=0&uln=en-US@posix&vjs=1.5&e[0][date_start]=2026-10-23%2016%3A00%3A00&e[0][date_end]=2026-10-23%2017%3A00%3A00&e[0][timezone]=America%2FChicago&e[0][title]=Write%20On!&e[0][location]=The%20Urbana%20Free%20Library%20-%20The%20Lewis%20Auditorium",FAILED,""
"https://urbanafreelibrary.libnet.info/event/16897102","https://addtocalendar.com/atc/yahoo?utz=0&uln=en-US@posix&vjs=1.5&e[0][date_start]=2026-10-23%2016%3A00%3A00&e[0][date_end]=2026-10-23%2017%3A00%3A00&e[0][timezone]=America%2FChicago&e[0][title]=Write%20On!&e[0][location]=The%20Urbana%20Free%20Library%20-%20The%20Lewis%20Auditorium",FAILED,""
"https://urbanafreelibrary.libnet.info/event/16874172","https://addtocalendar.com/atc/ical?utz=0&uln=en-US@posix&vjs=1.5&e[0][date_start]=2026-10-24%2014%3A00%3A00&e[0][date_end]=2026-10-24%2015%3A00%3A00&e[0][timezone]=America%2FChicago&e[0][title]=Jump%20Into%20Science&e[0][location]=The%20Urbana%20Free%20Library%20-%20The%20Lewis%20Auditorium",FAILED,""
"https://urbanafreelibrary.libnet.info/event/16874172","https://addtocalendar.com/atc/google?utz=0&uln=en-US@posix&vjs=1.5&e[0][date_start]=2026-10-24%2014%3A00%3A00&e[0][date_end]=2026-10-24%2015%3A00%3A00&e[0][timezone]=America%2FChicago&e[0][title]=Jump%20Into%20Science&e[0][location]=The%20Urbana%20Free%20Library%20-%20The%20Lewis%20Auditorium",FAILED,""
"https://urbanafreelibrary.libnet.info/event/16874172","https://addtocalendar.com/atc/outlook?utz=0&uln=en-US@posix&vjs=1.5&e[0][date_start]=2026-10-24%2014%3A00%3A00&e[0][date_end]=2026-10-24%2015%3A00%3A00&e[0][timezone]=America%2FChicago&e[0][title]=Jump%20Into%20Science&e[0][location]=The%20Urbana%20Free%20Library%20-%20The%20Lewis%20Auditorium",FAILED,""
"https://urbanafreelibrary.libnet.info/event/16874172","https://addtocalendar.com/atc/outlookonline?utz=0&uln=en-US@posix&vjs=1.5&e[0][date_start]=2026-10-24%2014%3A00%3A00&e[0][date_end]=2026-10-24%2015%3A00%3A00&e[0][timezone]=America%2FChicago&e[0][title]=Jump%20Into%20Science&e[0][location]=The%20Urbana%20Free%20Library%20-%20The%20Lewis%20Auditorium",FAILED,""
"https://urbanafreelibrary.libnet.info/event/16874172","https://addtocalendar.com/atc/yahoo?utz=0&uln=en-US@posix&vjs=1.5&e[0][date_start]=2026-10-24%2014%3A00%3A00&e[0][date_end]=2026-10-24%2015%3A00%3A00&e[0][timezone]=America%2FChicago&e[0][title]=Jump%20Into%20Science&e[0][location]=The%20Urbana%20Free%20Library%20-%20The%20Lewis%20Auditorium",FAILED,""
"https://urbanafreelibrary.libnet.info/event/16603860","https://addtocalendar.com/atc/ical?utz=0&uln=en-US@posix&vjs=1.5&e[0][date_start]=2026-10-26%2010%3A00%3A00&e[0][date_end]=2026-10-26%2012%3A00%3A00&e[0][timezone]=America%2FChicago&e[0][title]=Project%20Read&e[0][location]=The%20Urbana%20Free%20Library%20-%20The%20Lewis%20Auditorium",FAILED,""
"https://urbanafreelibrary.libnet.info/event/16603860","https://addtocalendar.com/atc/google?utz=0&uln=en-US@posix&vjs=1.5&e[0][date_start]=2026-10-26%2010%3A00%3A00&e[0][date_end]=2026-10-26%2012%3A00%3A00&e[0][timezone]=America%2FChicago&e[0][title]=Project%20Read&e[0][location]=The%20Urbana%20Free%20Library%20-%20The%20Lewis%20Auditorium",FAILED,""
"https://urbanafreelibrary.libnet.info/event/16603860","https://addtocalendar.com/atc/outlook?utz=0&uln=en-US@posix&vjs=1.5&e[0][date_start]=2026-10-26%2010%3A00%3A00&e[0][date_end]=2026-10-26%2012%3A00%3A00&e[0][timezone]=America%2FChicago&e[0][title]=Project%20Read&e[0][location]=The%20Urbana%20Free%20Library%20-%20The%20Lewis%20Auditorium",FAILED,""
"https://urbanafreelibrary.libnet.info/event/16603860","https://addtocalendar.com/atc/outlookonline?utz=0&uln=en-US@posix&vjs=1.5&e[0][date_start]=2026-10-26%2010%3A00%3A00&e[0][date_end]=2026-10-26%2012%3A00%3A00&e[0][timezone]=America%2FChicago&e[0][title]=Project%20Read&e[0][location]=The%20Urbana%20Free%20Library%20-%20The%20Lewis%20Auditorium",FAILED,""
"https://urbanafreelibrary.libnet.info/event/16603860","https://addtocalendar.com/atc/yahoo?utz=0&uln=en-US@posix&vjs=1.5&e[0][date_start]=2026-10-26%2010%3A00%3A00&e[0][date_end]=2026-10-26%2012%3A00%3A00&e[0][timezone]=America%2FChicago&e[0][title]=Project%20Read&e[0][location]=The%20Urbana%20Free%20Library%20-%20The%20Lewis%20Auditorium",FAILED,""
"https://urbanafreelibrary.libnet.info/event/15337275","https://addtocalendar.com/atc/ical?utz=0&uln=en-US@posix&vjs=1.5&e[0][date_start]=2026-10-26%2018%3A30%3A00&e[0][date_end]=2026-10-26%2019%3A30%3A00&e[0][timezone]=America%2FChicago&e[0][title]=Swipe%20Right%3A%20A%20Romance%20Book%20Club&e[0][location]=The%20Urbana%20Free%20Library%20-%20The%20Lewis%20Auditorium",FAILED,""
"https://urbanafreelibrary.libnet.info/event/15337275","https://addtocalendar.com/atc/google?utz=0&uln=en-US@posix&vjs=1.5&e[0][date_start]=2026-10-26%2018%3A30%3A00&e[0][date_end]=2026-10-26%2019%3A30%3A00&e[0][timezone]=America%2FChicago&e[0][title]=Swipe%20Right%3A%20A%20Romance%20Book%20Club&e[0][location]=The%20Urbana%20Free%20Library%20-%20The%20Lewis%20Auditorium",FAILED,""
"https://urbanafreelibrary.libnet.info/event/15337275","https://addtocalendar.com/atc/outlook?utz=0&uln=en-US@posix&vjs=1.5&e[0][date_start]=2026-10-26%2018%3A30%3A00&e[0][date_end]=2026-10-26%2019%3A30%3A00&e[0][timezone]=America%2FChicago&e[0][title]=Swipe%20Right%3A%20A%20Romance%20Book%20Club&e[0][location]=The%20Urbana%20Free%20Library%20-%20The%20Lewis%20Auditorium",FAILED,""
"https://urbanafreelibrary.libnet.info/event/15337275","https://addtocalendar.com/atc/outlookonline?utz=0&uln=en-US@posix&vjs=1.5&e[0][date_start]=2026-10-26%2018%3A30%3A00&e[0][date_end]=2026-10-26%2019%3A30%3A00&e[0][timezone]=America%2FChicago&e[0][title]=Swipe%20Right%3A%20A%20Romance%20Book%20Club&e[0][location]=The%20Urbana%20Free%20Library%20-%20The%20Lewis%20Auditorium",FAILED,""
"https://urbanafreelibrary.libnet.info/event/15337275","https://addtocalendar.com/atc/yahoo?utz=0&uln=en-US@posix&vjs=1.5&e[0][date_start]=2026-10-26%2018%3A30%3A00&e[0][date_end]=2026-10-26%2019%3A30%3A00&e[0][timezone]=America%2FChicago&e[0][title]=Swipe%20Right%3A%20A%20Romance%20Book%20Club&e[0][location]=The%20Urbana%20Free%20Library%20-%20The%20Lewis%20Auditorium",FAILED,""
"https://urbanafreelibrary.libnet.info/event/13876068","https://addtocalendar.com/atc/ical?utz=0&uln=en-US@posix&vjs=1.5&e[0][date_start]=2026-10-27%2010%3A15%3A00&e[0][date_end]=2026-10-27%2010%3A40%3A00&e[0][timezone]=America%2FChicago&e[0][title]=Books%20and%20Bounces!&e[0][location]=The%20Urbana%20Free%20Library%20-%20The%20Lewis%20Auditorium",FAILED,""
"https://urbanafreelibrary.libnet.info/event/13876068","https://addtocalendar.com/atc/google?utz=0&uln=en-US@posix&vjs=1.5&e[0][date_start]=2026-10-27%2010%3A15%3A00&e[0][date_end]=2026-10-27%2010%3A40%3A00&e[0][timezone]=America%2FChicago&e[0][title]=Books%20and%20Bounces!&e[0][location]=The%20Urbana%20Free%20Library%20-%20The%20Lewis%20Auditorium",FAILED,""
"https://urbanafreelibrary.libnet.info/event/13876068","https://addtocalendar.com/atc/outlook?utz=0&uln=en-US@posix&vjs=1.5&e[0][date_start]=2026-10-27%2010%3A15%3A00&e[0][date_end]=2026-10-27%2010%3A40%3A00&e[0][timezone]=America%2FChicago&e[0][title]=Books%20and%20Bounces!&e[0][location]=The%20Urbana%20Free%20Library%20-%20The%20Lewis%20Auditorium",FAILED,""
"https://urbanafreelibrary.libnet.info/event/13876068","https://addtocalendar.com/atc/outlookonline?utz=0&uln=en-US@posix&vjs=1.5&e[0][date_start]=2026-10-27%2010%3A15%3A00&e[0][date_end]=2026-10-27%2010%3A40%3A00&e[0][timezone]=America%2FChicago&e[0][title]=Books%20and%20Bounces!&e[0][location]=The%20Urbana%20Free%20Library%20-%20The%20Lewis%20Auditorium",FAILED,""
"https://urbanafreelibrary.libnet.info/event/13876068","https://addtocalendar.com/atc/yahoo?utz=0&uln=en-US@posix&vjs=1.5&e[0][date_start]=2026-10-27%2010%3A15%3A00&e[0][date_end]=2026-10-27%2010%3A40%3A00&e[0][timezone]=America%2FChicago&e[0][title]=Books%20and%20Bounces!&e[0][location]=The%20Urbana%20Free%20Library%20-%20The%20Lewis%20Auditorium",FAILED,""
"https://urbanafreelibrary.libnet.info/event/16318093","https://addtocalendar.com/atc/ical?utz=0&uln=en-US@posix&vjs=1.5&e[0][date_start]=2026-10-27%2011%3A00%3A00&e[0][date_end]=2026-10-27%2013%3A00%3A00&e[0][timezone]=America%2FChicago&e[0][title]=Champaign%20County%20Health%20Care%20Consumers%20&e[0][location]=The%20Urbana%20Free%20Library%20-%20",FAILED,""
"https://urbanafreelibrary.libnet.info/event/16318093","https://addtocalendar.com/atc/google?utz=0&uln=en-US@posix&vjs=1.5&e[0][date_start]=2026-10-27%2011%3A00%3A00&e[0][date_end]=2026-10-27%2013%3A00%3A00&e[0][timezone]=America%2FChicago&e[0][title]=Champaign%20County%20Health%20Care%20Consumers%20&e[0][location]=The%20Urbana%20Free%20Library%20-%20",FAILED,""
"https://urbanafreelibrary.libnet.info/event/16318093","https://addtocalendar.com/atc/outlook?utz=0&uln=en-US@posix&vjs=1.5&e[0][date_start]=2026-10-27%2011%3A00%3A00&e[0][date_end]=2026-10-27%2013%3A00%3A00&e[0][timezone]=America%2FChicago&e[0][title]=Champaign%20County%20Health%20Care%20Consumers%20&e[0][location]=The%20Urbana%20Free%20Library%20-%20",FAILED,""
"https://urbanafreelibrary.libnet.info/event/16318093","https://addtocalendar.com/atc/outlookonline?utz=0&uln=en-US@posix&vjs=1.5&e[0][date_start]=2026-10-27%2011%3A00%3A00&e[0][date_end]=2026-10-27%2013%3A00%3A00&e[0][timezone]=America%2FChicago&e[0][title]=Champaign%20County%20Health%20Care%20Consumers%20&e[0][location]=The%20Urbana%20Free%20Library%20-%20",FAILED,""
"https://urbanafreelibrary.libnet.info/event/16318093","https://addtocalendar.com/atc/yahoo?utz=0&uln=en-US@posix&vjs=1.5&e[0][date_start]=2026-10-27%2011%3A00%3A00&e[0][date_end]=2026-10-27%2013%3A00%3A00&e[0][timezone]=America%2FChicago&e[0][title]=Champaign%20County%20Health%20Care%20Consumers%20&e[0][location]=The%20Urbana%20Free%20Library%20-%20",FAILED,""
"https://urbanafreelibrary.libnet.info/event/17265135","https://addtocalendar.com/atc/ical?utz=0&uln=en-US@posix&vjs=1.5&e[0][date_start]=2026-10-27%2015%3A00%3A00&e[0][date_end]=2026-10-27%2017%3A30%3A00&e[0][timezone]=America%2FChicago&e[0][title]=Teen%20Open%20Lab&e[0][location]=The%20Urbana%20Free%20Library%20-%20The%20Lewis%20Auditorium",FAILED,""
"https://urbanafreelibrary.libnet.info/event/17265135","https://addtocalendar.com/atc/google?utz=0&uln=en-US@posix&vjs=1.5&e[0][date_start]=2026-10-27%2015%3A00%3A00&e[0][date_end]=2026-10-27%2017%3A30%3A00&e[0][timezone]=America%2FChicago&e[0][title]=Teen%20Open%20Lab&e[0][location]=The%20Urbana%20Free%20Library%20-%20The%20Lewis%20Auditorium",FAILED,""
"https://urbanafreelibrary.libnet.info/event/17265135","https://addtocalendar.com/atc/outlook?utz=0&uln=en-US@posix&vjs=1.5&e[0][date_start]=2026-10-27%2015%3A00%3A00&e[0][date_end]=2026-10-27%2017%3A30%3A00&e[0][timezone]=America%2FChicago&e[0][title]=Teen%20Open%20Lab&e[0][location]=The%20Urbana%20Free%20Library%20-%20The%20Lewis%20Auditorium",FAILED,""
"https://urbanafreelibrary.libnet.info/event/17265135","https://addtocalendar.com/atc/outlookonline?utz=0&uln=en-US@posix&vjs=1.5&e[0][date_start]=2026-10-27%2015%3A00%3A00&e[0][date_end]=2026-10-27%2017%3A30%3A00&e[0][timezone]=America%2FChicago&e[0][title]=Teen%20Open%20Lab&e[0][location]=The%20Urbana%20Free%20Library%20-%20The%20Lewis%20Auditorium",FAILED,""
"https://urbanafreelibrary.libnet.info/event/17265135","https://addtocalendar.com/atc/yahoo?utz=0&uln=en-US@posix&vjs=1.5&e[0][date_start]=2026-10-27%2015%3A00%3A00&e[0][date_end]=2026-10-27%2017%3A30%3A00&e[0][timezone]=America%2FChicago&e[0][title]=Teen%20Open%20Lab&e[0][location]=The%20Urbana%20Free%20Library%20-%20The%20Lewis%20Auditorium",FAILED,""
"https://urbanafreelibrary.libnet.info/event/17120421","https://addtocalendar.com/atc/ical?utz=0&uln=en-US@posix&vjs=1.5&e[0][date_start]=2026-10-27%2018%3A00%3A00&e[0][date_end]=2026-10-27%2019%3A30%3A00&e[0][timezone]=America%2FChicago&e[0][title]=Puzzling%20Colors%20Club&e[0][location]=The%20Urbana%20Free%20Library%20-%20The%20Lewis%20Auditorium",FAILED,""
"https://urbanafreelibrary.libnet.info/event/17120421","https://addtocalendar.com/atc/google?utz=0&uln=en-US@posix&vjs=1.5&e[0][date_start]=2026-10-27%2018%3A00%3A00&e[0][date_end]=2026-10-27%2019%3A30%3A00&e[0][timezone]=America%2FChicago&e[0][title]=Puzzling%20Colors%20Club&e[0][location]=The%20Urbana%20Free%20Library%20-%20The%20Lewis%20Auditorium",FAILED,""
"https://urbanafreelibrary.libnet.info/event/17120421","https://addtocalendar.com/atc/outlook?utz=0&uln=en-US@posix&vjs=1.5&e[0][date_start]=2026-10-27%2018%3A00%3A00&e[0][date_end]=2026-10-27%2019%3A30%3A00&e[0][timezone]=America%2FChicago&e[0][title]=Puzzling%20Colors%20Club&e[0][location]=The%20Urbana%20Free%20Library%20-%20The%20Lewis%20Auditorium",FAILED,""
"https://urbanafreelibrary.libnet.info/event/17120421","https://addtocalendar.com/atc/outlookonline?utz=0&uln=en-US@posix&vjs=1.5&e[0][date_start]=2026-10-27%2018%3A00%3A00&e[0][date_end]=2026-10-27%2019%3A30%3A00&e[0][timezone]=America%2FChicago&e[0][title]=Puzzling%20Colors%20Club&e[0][location]=The%20Urbana%20Free%20Library%20-%20The%20Lewis%20Auditorium",FAILED,""
"https://urbanafreelibrary.libnet.info/event/17120421","https://addtocalendar.com/atc/yahoo?utz=0&uln=en-US@posix&vjs=1.5&e[0][date_start]=2026-10-27%2018%3A00%3A00&e[0][date_end]=2026-10-27%2019%3A30%3A00&e[0][timezone]=America%2FChicago&e[0][title]=Puzzling%20Colors%20Club&e[0][location]=The%20Urbana%20Free%20Library%20-%20The%20Lewis%20Auditorium",FAILED,""
"https://urbanafreelibrary.libnet.info/event/15606580","https://addtocalendar.com/atc/ical?utz=0&uln=en-US@posix&vjs=1.5&e[0][date_start]=2026-10-28%2010%3A00%3A00&e[0][date_end]=2026-10-28%2011%3A30%3A00&e[0][timezone]=America%2FChicago&e[0][title]=Project%20READ%20Conversation%20Group&e[0][location]=The%20Urbana%20Free%20Library%20-%20The%20Lewis%20Auditorium",FAILED,""
"https://urbanafreelibrary.libnet.info/event/15606580","https://addtocalendar.com/atc/google?utz=0&uln=en-US@posix&vjs=1.5&e[0][date_start]=2026-10-28%2010%3A00%3A00&e[0][date_end]=2026-10-28%2011%3A30%3A00&e[0][timezone]=America%2FChicago&e[0][title]=Project%20READ%20Conversation%20Group&e[0][location]=The%20Urbana%20Free%20Library%20-%20The%20Lewis%20Auditorium",FAILED,""
"https://urbanafreelibrary.libnet.info/event/15606580","https://addtocalendar.com/atc/outlook?utz=0&uln=en-US@posix&vjs=1.5&e[0][date_start]=2026-10-28%2010%3A00%3A00&e[0][date_end]=2026-10-28%2011%3A30%3A00&e[0][timezone]=America%2FChicago&e[0][title]=Project%20READ%20Conversation%20Group&e[0][location]=The%20Urbana%20Free%20Library%20-%20The%20Lewis%20Auditorium",FAILED,""
"https://urbanafreelibrary.libnet.info/event/15606580","https://addtocalendar.com/atc/outlookonline?utz=0&uln=en-US@posix&vjs=1.5&e[0][date_start]=2026-10-28%2010%3A00%3A00&e[0][date_end]=2026-10-28%2011%3A30%3A00&e[0][timezone]=America%2FChicago&e[0][title]=Project%20READ%20Conversation%20Group&e[0][location]=The%20Urbana%20Free%20Library%20-%20The%20Lewis%20Auditorium",FAILED,""
"https://urbanafreelibrary.libnet.info/event/15606580","https://addtocalendar.com/atc/yahoo?utz=0&uln=en-US@posix&vjs=1.5&e[0][date_start]=2026-10-28%2010%3A00%3A00&e[0][date_end]=2026-10-28%2011%3A30%3A00&e[0][timezone]=America%2FChicago&e[0][title]=Project%20READ%20Conversation%20Group&e[0][location]=The%20Urbana%20Free%20Library%20-%20The%20Lewis%20Auditorium",FAILED,""
"https://urbanafreelibrary.libnet.info/event/17264235","https://addtocalendar.com/atc/ical?utz=0&uln=en-US@posix&vjs=1.5&e[0][date_start]=2026-10-28%2015%3A00%3A00&e[0][date_end]=2026-10-28%2017%3A30%3A00&e[0][timezone]=America%2FChicago&e[0][title]=Teen%20Open%20Lab&e[0][location]=The%20Urbana%20Free%20Library%20-%20The%20Lewis%20Auditorium",FAILED,""
"https://urbanafreelibrary.libnet.info/event/17264235","https://addtocalendar.com/atc/google?utz=0&uln=en-US@posix&vjs=1.5&e[0][date_start]=2026-10-28%2015%3A00%3A00&e[0][date_end]=2026-10-28%2017%3A30%3A00&e[0][timezone]=America%2FChicago&e[0][title]=Teen%20Open%20Lab&e[0][location]=The%20Urbana%20Free%20Library%20-%20The%20Lewis%20Auditorium",FAILED,""
"https://urbanafreelibrary.libnet.info/event/17264235","https://addtocalendar.com/atc/outlook?utz=0&uln=en-US@posix&vjs=1.5&e[0][date_start]=2026-10-28%2015%3A00%3A00&e[0][date_end]=2026-10-28%2017%3A30%3A00&e[0][timezone]=America%2FChicago&e[0][title]=Teen%20Open%20Lab&e[0][location]=The%20Urbana%20Free%20Library%20-%20The%20Lewis%20Auditorium",FAILED,""
"https://urbanafreelibrary.libnet.info/event/17264235","https://addtocalendar.com/atc/outlookonline?utz=0&uln=en-US@posix&vjs=1.5&e[0][date_start]=2026-10-28%2015%3A00%3A00&e[0][date_end]=2026-10-28%2017%3A30%3A00&e[0][timezone]=America%2FChicago&e[0][title]=Teen%20Open%20Lab&e[0][location]=The%20Urbana%20Free%20Library%20-%20The%20Lewis%20Auditorium",FAILED,""
"https://urbanafreelibrary.libnet.info/event/17264235","https://addtocalendar.com/atc/yahoo?utz=0&uln=en-US@posix&vjs=1.5&e[0][date_start]=2026-10-28%2015%3A00%3A00&e[0][date_end]=2026-10-28%2017%3A30%3A00&e[0][timezone]=America%2FChicago&e[0][title]=Teen%20Open%20Lab&e[0][location]=The%20Urbana%20Free%20Library%20-%20The%20Lewis%20Auditorium",FAILED,""
"https://urbanafreelibrary.libnet.info/event/13876092","https://addtocalendar.com/atc/ical?utz=0&uln=en-US@posix&vjs=1.5&e[0][date_start]=2026-10-29%2010%3A15%3A00&e[0][date_end]=2026-10-29%2010%3A45%3A00&e[0][timezone]=America%2FChicago&e[0][title]=Crafty%20Tales&e[0][location]=The%20Urbana%20Free%20Library%20-%20The%20Lewis%20Auditorium",FAILED,""
"https://urbanafreelibrary.libnet.info/event/13876092","https://addtocalendar.com/atc/google?utz=0&uln=en-US@posix&vjs=1.5&e[0][date_start]=2026-10-29%2010%3A15%3A00&e[0][date_end]=2026-10-29%2010%3A45%3A00&e[0][timezone]=America%2FChicago&e[0][title]=Crafty%20Tales&e[0][location]=The%20Urbana%20Free%20Library%20-%20The%20Lewis%20Auditorium",FAILED,""
"https://urbanafreelibrary.libnet.info/event/13876092","https://addtocalendar.com/atc/outlook?utz=0&uln=en-US@posix&vjs=1.5&e[0][date_start]=2026-10-29%2010%3A15%3A00&e[0][date_end]=2026-10-29%2010%3A45%3A00&e[0][timezone]=America%2FChicago&e[0][title]=Crafty%20Tales&e[0][location]=The%20Urbana%20Free%20Library%20-%20The%20Lewis%20Auditorium",FAILED,""
"https://urbanafreelibrary.libnet.info/event/13876092","https://addtocalendar.com/atc/outlookonline?utz=0&uln=en-US@posix&vjs=1.5&e[0][date_start]=2026-10-29%2010%3A15%3A00&e[0][date_end]=2026-10-29%2010%3A45%3A00&e[0][timezone]=America%2FChicago&e[0][title]=Crafty%20Tales&e[0][location]=The%20Urbana%20Free%20Library%20-%20The%20Lewis%20Auditorium",FAILED,""
"https://urbanafreelibrary.libnet.info/event/13876092","https://addtocalendar.com/atc/yahoo?utz=0&uln=en-US@posix&vjs=1.5&e[0][date_start]=2026-10-29%2010%3A15%3A00&e[0][date_end]=2026-10-29%2010%3A45%3A00&e[0][timezone]=America%2FChicago&e[0][title]=Crafty%20Tales&e[0][location]=The%20Urbana%20Free%20Library%20-%20The%20Lewis%20Auditorium",FAILED,""
"https://urbanafreelibrary.libnet.info/event/17264608","https://addtocalendar.com/atc/ical?utz=0&uln=en-US@posix&vjs=1.5&e[0][date_start]=2026-10-29%2015%3A00%3A00&e[0][date_end]=2026-10-29%2017%3A30%3A00&e[0][timezone]=America%2FChicago&e[0][title]=Teen%20Open%20Lab&e[0][location]=The%20Urbana%20Free%20Library%20-%20The%20Lewis%20Auditorium",FAILED,""
"https://urbanafreelibrary.libnet.info/event/17264608","https://addtocalendar.com/atc/google?utz=0&uln=en-US@posix&vjs=1.5&e[0][date_start]=2026-10-29%2015%3A00%3A00&e[0][date_end]=2026-10-29%2017%3A30%3A00&e[0][timezone]=America%2FChicago&e[0][title]=Teen%20Open%20Lab&e[0][location]=The%20Urbana%20Free%20Library%20-%20The%20Lewis%20Auditorium",FAILED,""
"https://urbanafreelibrary.libnet.info/event/17264608","https://addtocalendar.com/atc/outlook?utz=0&uln=en-US@posix&vjs=1.5&e[0][date_start]=2026-10-29%2015%3A00%3A00&e[0][date_end]=2026-10-29%2017%3A30%3A00&e[0][timezone]=America%2FChicago&e[0][title]=Teen%20Open%20Lab&e[0][location]=The%20Urbana%20Free%20Library%20-%20The%20Lewis%20Auditorium",FAILED,""
"https://urbanafreelibrary.libnet.info/event/17264608","https://addtocalendar.com/atc/outlookonline?utz=0&uln=en-US@posix&vjs=1.5&e[0][date_start]=2026-10-29%2015%3A00%3A00&e[0][date_end]=2026-10-29%2017%3A30%3A00&e[0][timezone]=America%2FChicago&e[0][title]=Teen%20Open%20Lab&e[0][location]=The%20Urbana%20Free%20Library%20-%20The%20Lewis%20Auditorium",FAILED,""
"https://urbanafreelibrary.libnet.info/event/17264608","https://addtocalendar.com/atc/yahoo?utz=0&uln=en-US@posix&vjs=1.5&e[0][date_start]=2026-10-29%2015%3A00%3A00&e[0][date_end]=2026-10-29%2017%3A30%3A00&e[0][timezone]=America%2FChicago&e[0][title]=Teen%20Open%20Lab&e[0][location]=The%20Urbana%20Free%20Library%20-%20The%20Lewis%20Auditorium",FAILED,""
"https://urbanafreelibrary.libnet.info/event/17042067","https://addtocalendar.com/atc/ical?utz=0&uln=en-US@posix&vjs=1.5&e[0][date_start]=2026-10-31%2011%3A00%3A00&e[0][date_end]=2026-10-31%2011%3A30%3A00&e[0][timezone]=America%2FChicago&e[0][title]=Concert%20for%20Kids&e[0][location]=The%20Urbana%20Free%20Library%20-%20The%20Lewis%20Auditorium",FAILED,""
"https://urbanafreelibrary.libnet.info/event/17042067","https://addtocalendar.com/atc/google?utz=0&uln=en-US@posix&vjs=1.5&e[0][date_start]=2026-10-31%2011%3A00%3A00&e[0][date_end]=2026-10-31%2011%3A30%3A00&e[0][timezone]=America%2FChicago&e[0][title]=Concert%20for%20Kids&e[0][location]=The%20Urbana%20Free%20Library%20-%20The%20Lewis%20Auditorium",FAILED,""
"https://urbanafreelibrary.libnet.info/event/17042067","https://addtocalendar.com/atc/outlook?utz=0&uln=en-US@posix&vjs=1.5&e[0][date_start]=2026-10-31%2011%3A00%3A00&e[0][date_end]=2026-10-31%2011%3A30%3A00&e[0][timezone]=America%2FChicago&e[0][title]=Concert%20for%20Kids&e[0][location]=The%20Urbana%20Free%20Library%20-%20The%20Lewis%20Auditorium",FAILED,""
"https://urbanafreelibrary.libnet.info/event/17042067","https://addtocalendar.com/atc/outlookonline?utz=0&uln=en-US@posix&vjs=1.5&e[0][date_start]=2026-10-31%2011%3A00%3A00&e[0][date_end]=2026-10-31%2011%3A30%3A00&e[0][timezone]=America%2FChicago&e[0][title]=Concert%20for%20Kids&e[0][location]=The%20Urbana%20Free%20Library%20-%20The%20Lewis%20Auditorium",FAILED,""
"https://urbanafreelibrary.libnet.info/event/17042067","https://addtocalendar.com/atc/yahoo?utz=0&uln=en-US@posix&vjs=1.5&e[0][date_start]=2026-10-31%2011%3A00%3A00&e[0][date_end]=2026-10-31%2011%3A30%3A00&e[0][timezone]=America%2FChicago&e[0][title]=Concert%20for%20Kids&e[0][location]=The%20Urbana%20Free%20Library%20-%20The%20Lewis%20Auditorium",FAILED,""
"https://urbanafreelibrary.libnet.info/event/16960625","https://addtocalendar.com/atc/ical?utz=0&uln=en-US@posix&vjs=1.5&e[0][date_start]=2026-10-31%2013%3A00%3A00&e[0][date_end]=2026-10-31%2016%3A00%3A00&e[0][timezone]=America%2FChicago&e[0][title]=Library%20Trick%20or%20Treat&e[0][location]=The%20Urbana%20Free%20Library%20-%20The%20Lewis%20Auditorium",FAILED,""
"https://urbanafreelibrary.libnet.info/event/16960625","https://addtocalendar.com/atc/google?utz=0&uln=en-US@posix&vjs=1.5&e[0][date_start]=2026-10-31%2013%3A00%3A00&e[0][date_end]=2026-10-31%2016%3A00%3A00&e[0][timezone]=America%2FChicago&e[0][title]=Library%20Trick%20or%20Treat&e[0][location]=The%20Urbana%20Free%20Library%20-%20The%20Lewis%20Auditorium",FAILED,""
"https://urbanafreelibrary.libnet.info/event/16960625","https://addtocalendar.com/atc/outlook?utz=0&uln=en-US@posix&vjs=1.5&e[0][date_start]=2026-10-31%2013%3A00%3A00&e[0][date_end]=2026-10-31%2016%3A00%3A00&e[0][timezone]=America%2FChicago&e[0][title]=Library%20Trick%20or%20Treat&e[0][location]=The%20Urbana%20Free%20Library%20-%20The%20Lewis%20Auditorium",FAILED,""
"https://urbanafreelibrary.libnet.info/event/16960625","https://addtocalendar.com/atc/outlookonline?utz=0&uln=en-US@posix&vjs=1.5&e[0][date_start]=2026-10-31%2013%3A00%3A00&e[0][date_end]=2026-10-31%2016%3A00%3A00&e[0][timezone]=America%2FChicago&e[0][title]=Library%20Trick%20or%20Treat&e[0][location]=The%20Urbana%20Free%20Library%20-%20The%20Lewis%20Auditorium",FAILED,""
"https://urbanafreelibrary.libnet.info/event/16960625","https://addtocalendar.com/atc/yahoo?utz=0&uln=en-US@posix&vjs=1.5&e[0][date_start]=2026-10-31%2013%3A00%3A00&e[0][date_end]=2026-10-31%2016%3A00%3A00&e[0][timezone]=America%2FChicago&e[0][title]=Library%20Trick%20or%20Treat&e[0][location]=The%20Urbana%20Free%20Library%20-%20The%20Lewis%20Auditorium",FAILED,""
"https://urbanafreelibrary.libnet.info/event/17168310","https://addtocalendar.com/atc/ical?utz=0&uln=en-US@posix&vjs=1.5&e[0][date_start]=2026-10-31%2013%3A00%3A00&e[0][date_end]=2026-10-31%2014%3A00%3A00&e[0][timezone]=America%2FChicago&e[0][title]=Mt.%20Hope%20Cemetery%20Walk&e[0][location]=Mt.%20Hope%20Cemetery%20-%20",FAILED,""
"https://urbanafreelibrary.libnet.info/event/17168310","https://addtocalendar.com/atc/google?utz=0&uln=en-US@posix&vjs=1.5&e[0][date_start]=2026-10-31%2013%3A00%3A00&e[0][date_end]=2026-10-31%2014%3A00%3A00&e[0][timezone]=America%2FChicago&e[0][title]=Mt.%20Hope%20Cemetery%20Walk&e[0][location]=Mt.%20Hope%20Cemetery%20-%20",FAILED,""
"https://urbanafreelibrary.libnet.info/event/17168310","https://addtocalendar.com/atc/outlook?utz=0&uln=en-US@posix&vjs=1.5&e[0][date_start]=2026-10-31%2013%3A00%3A00&e[0][date_end]=2026-10-31%2014%3A00%3A00&e[0][timezone]=America%2FChicago&e[0][title]=Mt.%20Hope%20Cemetery%20Walk&e[0][location]=Mt.%20Hope%20Cemetery%20-%20",FAILED,""
"https://urbanafreelibrary.libnet.info/event/17168310","https://addtocalendar.com/atc/outlookonline?utz=0&uln=en-US@posix&vjs=1.5&e[0][date_start]=2026-10-31%2013%3A00%3A00&e[0][date_end]=2026-10-31%2014%3A00%3A00&e[0][timezone]=America%2FChicago&e[0][title]=Mt.%20Hope%20Cemetery%20Walk&e[0][location]=Mt.%20Hope%20Cemetery%20-%20",FAILED,""
"https://urbanafreelibrary.libnet.info/event/17168310","https://addtocalendar.com/atc/yahoo?utz=0&uln=en-US@posix&vjs=1.5&e[0][date_start]=2026-10-31%2013%3A00%3A00&e[0][date_end]=2026-10-31%2014%3A00%3A00&e[0][timezone]=America%2FChicago&e[0][title]=Mt.%20Hope%20Cemetery%20Walk&e[0][location]=Mt.%20Hope%20Cemetery%20-%20",FAILED,""