Page,URL,Title,Impact,Rule ID,Description,Help,Help URL,HTML Element
1,https://pika.clearviewlibrary.org/,Catalog Home | Clearview Library District,serious,color-contrast,Ensure the contrast between foreground and background colors meets WCAG 2 AA minimum contrast ratio thresholds,Elements must meet minimum color contrast ratio thresholds,https://dequeuniversity.com/rules/axe/4.10/color-contrast?application=axeAPI,"<span class=""selected-browse-label-search-text"" style=""opacity: 0.390928;"">Mindfulness for Kids</span>"
10,https://pika.clearviewlibrary.org/Hoopla/MWT12142005,Breathe Like a Bear: 30 Mindful Moments for Kids to Feel Calm...,critical,label,Ensure every form element has a label,Form elements must have labels,https://dequeuniversity.com/rules/axe/4.10/label?application=axeAPI,"<input value=""0"" id=""6f5ad08f-7213-a806-bdae-577c9d215490-star0"" checked="""" type=""radio"" name=""rating"" class=""visuallyhidden star0"">"
11,https://pika.clearviewlibrary.org/Record/19062,Calm : : mindfulness for kids / | Clearview Library District,critical,label,Ensure every form element has a label,Form elements must have labels,https://dequeuniversity.com/rules/axe/4.10/label?application=axeAPI,"<input value=""0"" id=""9a025959-7888-cdd6-0e99-2cedccd20285-star0"" checked="""" type=""radio"" name=""rating"" class=""visuallyhidden star0"">"
12,https://pika.clearviewlibrary.org/GroupedWork/66f2e75d-20d7-4be8-79b0-c522f7db805f/Home,"Calm monsters, kind monsters : a Sesame Street guide to...",critical,label,Ensure every form element has a label,Form elements must have labels,https://dequeuniversity.com/rules/axe/4.10/label?application=axeAPI,"<input value=""0"" id=""66f2e75d-20d7-4be8-79b0-c522f7db805f-star0"" checked="""" type=""radio"" name=""rating"" class=""visuallyhidden star0"">"
13,https://pika.clearviewlibrary.org/Record/305840,Can you hug a forest? / | Clearview Library District,critical,label,Ensure every form element has a label,Form elements must have labels,https://dequeuniversity.com/rules/axe/4.10/label?application=axeAPI,"<input value=""0"" id=""5d24e4b6-9b55-72ad-dbce-cd79f4879733-star0"" checked="""" type=""radio"" name=""rating"" class=""visuallyhidden star0"">"
14,https://pika.clearviewlibrary.org/Record/217669,Crafting calm : : art and activities for mindful kids / |...,critical,label,Ensure every form element has a label,Form elements must have labels,https://dequeuniversity.com/rules/axe/4.10/label?application=axeAPI,"<input value=""0"" id=""7ad685ce-05bc-af8c-8fe4-244b518fa661-star0"" checked="""" type=""radio"" name=""rating"" class=""visuallyhidden star0"">"
15,https://pika.clearviewlibrary.org/Record/344926,Finding calm in nature : : a guide for mindful kids / |...,critical,label,Ensure every form element has a label,Form elements must have labels,https://dequeuniversity.com/rules/axe/4.10/label?application=axeAPI,"<input value=""0"" id=""f5c85a05-ec07-dc8e-3645-67c5cdd24136-star0"" checked="""" type=""radio"" name=""rating"" class=""visuallyhidden star0"">"
16,https://pika.clearviewlibrary.org/GroupedWork/1e6ff318-9a7e-f9fa-514a-5f0cdaa32189/Home,Follow your breath! : a first book of mindfulness | Clearview...,critical,label,Ensure every form element has a label,Form elements must have labels,https://dequeuniversity.com/rules/axe/4.10/label?application=axeAPI,"<input value=""0"" id=""1e6ff318-9a7e-f9fa-514a-5f0cdaa32189-star0"" checked="""" type=""radio"" name=""rating"" class=""visuallyhidden star0"">"
17,https://pika.clearviewlibrary.org/GroupedWork/7f5e0168-c81f-a27f-2894-43ae2f2cf255/Home,"Good night, body : finding calm from head to toe | Clearview...",critical,label,Ensure every form element has a label,Form elements must have labels,https://dequeuniversity.com/rules/axe/4.10/label?application=axeAPI,"<input value=""0"" id=""7f5e0168-c81f-a27f-2894-43ae2f2cf255-star0"" checked="""" type=""radio"" name=""rating"" class=""visuallyhidden star0"">"
18,https://pika.clearviewlibrary.org/Record/300330,Here : : I can be mindful / | Clearview Library District,critical,label,Ensure every form element has a label,Form elements must have labels,https://dequeuniversity.com/rules/axe/4.10/label?application=axeAPI,"<input value=""0"" id=""03496b7f-9033-77f0-a45b-a5fd643516ef-star0"" checked="""" type=""radio"" name=""rating"" class=""visuallyhidden star0"">"
19,https://pika.clearviewlibrary.org/GroupedWork/970510e1-9e63-da34-c89c-143dfbd89894/Home,I am a peaceful goldfish | Clearview Library District,critical,label,Ensure every form element has a label,Form elements must have labels,https://dequeuniversity.com/rules/axe/4.10/label?application=axeAPI,"<input value=""0"" id=""970510e1-9e63-da34-c89c-143dfbd89894-star0"" checked="""" type=""radio"" name=""rating"" class=""visuallyhidden star0"">"
20,https://pika.clearviewlibrary.org/GroupedWork/7dba6289-1024-23bc-148f-f7c4ab47424f/Home,I am peace : a book of mindfulness | Clearview Library District,critical,label,Ensure every form element has a label,Form elements must have labels,https://dequeuniversity.com/rules/axe/4.10/label?application=axeAPI,"<input value=""0"" id=""7dba6289-1024-23bc-148f-f7c4ab47424f-star0"" checked="""" type=""radio"" name=""rating"" class=""visuallyhidden star0"">"
21,https://pika.clearviewlibrary.org/GroupedWork/51d7b0a1-303d-757a-ddc6-f6acb99bc52b/Home,The in-between book | Clearview Library District,critical,label,Ensure every form element has a label,Form elements must have labels,https://dequeuniversity.com/rules/axe/4.10/label?application=axeAPI,"<input value=""0"" id=""51d7b0a1-303d-757a-ddc6-f6acb99bc52b-star0"" checked="""" type=""radio"" name=""rating"" class=""visuallyhidden star0"">"
22,https://pika.clearviewlibrary.org/Record/305644,It's ok : : being kind to yourself when things feel hard / |...,critical,label,Ensure every form element has a label,Form elements must have labels,https://dequeuniversity.com/rules/axe/4.10/label?application=axeAPI,"<input value=""0"" id=""bd3881e0-a328-4a45-186a-2ebb25dbcd5d-star0"" checked="""" type=""radio"" name=""rating"" class=""visuallyhidden star0"">"
23,https://pika.clearviewlibrary.org/Record/339066,"Just breathe, bear / | Clearview Library District",serious,aria-prohibited-attr,Ensure ARIA attributes are not prohibited for an element's role,Elements must only use permitted ARIA attributes,https://dequeuniversity.com/rules/axe/4.10/aria-prohibited-attr?application=axeAPI,"<div class=""col-xs-5 col-tn-offset-1 col-xs-offset-0"" title=""Callnumber"" aria-label=""Callnumber""><span class=""itemSummaryCallNumber notranslate""><strong></strong></span></div>"
23,https://pika.clearviewlibrary.org/Record/339066,"Just breathe, bear / | Clearview Library District",critical,label,Ensure every form element has a label,Form elements must have labels,https://dequeuniversity.com/rules/axe/4.10/label?application=axeAPI,"<input value=""0"" id=""72eb6e6e-0160-b167-cd2c-746bf1726217-star0"" checked="""" type=""radio"" name=""rating"" class=""visuallyhidden star0"">"
24,https://pika.clearviewlibrary.org/Record/373147,A kids book about : : mindfulness / | Clearview Library District,critical,label,Ensure every form element has a label,Form elements must have labels,https://dequeuniversity.com/rules/axe/4.10/label?application=axeAPI,"<input value=""0"" id=""4a3b811f-ccd6-950b-eab9-5189986d9ad5-star0"" checked="""" type=""radio"" name=""rating"" class=""visuallyhidden star0"">"
25,https://pika.clearviewlibrary.org/Record/461721,The marvelous now / | Clearview Library District,critical,label,Ensure every form element has a label,Form elements must have labels,https://dequeuniversity.com/rules/axe/4.10/label?application=axeAPI,"<input value=""0"" id=""bbe7d1e0-f7fc-701d-4d39-3d6c33be76d3-star0"" checked="""" type=""radio"" name=""rating"" class=""visuallyhidden star0"">"
26,https://pika.clearviewlibrary.org/GroupedWork/5030c86e-58cc-5922-4e3b-ec04333e0ad8/Home,Mindful Mr. Sloth | Clearview Library District,critical,label,Ensure every form element has a label,Form elements must have labels,https://dequeuniversity.com/rules/axe/4.10/label?application=axeAPI,"<input value=""0"" id=""5030c86e-58cc-5922-4e3b-ec04333e0ad8-star0"" checked="""" type=""radio"" name=""rating"" class=""visuallyhidden star0"">"
27,https://pika.clearviewlibrary.org/GroupedWork/31eeef3e-b784-e1e7-5f62-11e4cef9c96b/Home,Mindfulness and pets | Clearview Library District,critical,label,Ensure every form element has a label,Form elements must have labels,https://dequeuniversity.com/rules/axe/4.10/label?application=axeAPI,"<input value=""0"" id=""31eeef3e-b784-e1e7-5f62-11e4cef9c96b-star0"" checked="""" type=""radio"" name=""rating"" class=""visuallyhidden star0"">"
28,https://pika.clearviewlibrary.org/GroupedWork/3af051c6-cb8e-d47e-5ec4-67ab76cc0fb9/Home,Mindfulness makes me stronger | Clearview Library District,critical,label,Ensure every form element has a label,Form elements must have labels,https://dequeuniversity.com/rules/axe/4.10/label?application=axeAPI,"<input value=""0"" id=""3af051c6-cb8e-d47e-5ec4-67ab76cc0fb9-star0"" checked="""" type=""radio"" name=""rating"" class=""visuallyhidden star0"">"
29,https://pika.clearviewlibrary.org/GroupedWork/b47b055a-7436-21b5-40a9-5708660fd145/Home,Mindfulness on the playground | Clearview Library District,critical,label,Ensure every form element has a label,Form elements must have labels,https://dequeuniversity.com/rules/axe/4.10/label?application=axeAPI,"<input value=""0"" id=""b47b055a-7436-21b5-40a9-5708660fd145-star0"" checked="""" type=""radio"" name=""rating"" class=""visuallyhidden star0"">"
30,https://pika.clearviewlibrary.org/GroupedWork/563b85bd-3cb1-4972-611b-13b85a8b0abc/Home,Mindfulness While Playing Sports | Clearview Library District,critical,label,Ensure every form element has a label,Form elements must have labels,https://dequeuniversity.com/rules/axe/4.10/label?application=axeAPI,"<input value=""0"" id=""563b85bd-3cb1-4972-611b-13b85a8b0abc-star0"" checked="""" type=""radio"" name=""rating"" class=""visuallyhidden star0"">"
34,https://pika.clearviewlibrary.org/Help/Home?topic=advsearch,,serious,document-title,Ensure each HTML document contains a non-empty <title> element,Documents must have <title> element to aid in navigation,https://dequeuniversity.com/rules/axe/4.10/document-title?application=axeAPI,<html>
34,https://pika.clearviewlibrary.org/Help/Home?topic=advsearch,,serious,html-has-lang,Ensure every HTML document has a lang attribute,<html> element must have a lang attribute,https://dequeuniversity.com/rules/axe/4.10/html-has-lang?application=axeAPI,<html>
34,https://pika.clearviewlibrary.org/Help/Home?topic=advsearch,,moderate,landmark-one-main,Ensure the document has a main landmark,Document should have one main landmark,https://dequeuniversity.com/rules/axe/4.10/landmark-one-main?application=axeAPI,<html>
34,https://pika.clearviewlibrary.org/Help/Home?topic=advsearch,,moderate,region,Ensure all page content is contained by landmarks,All page content should be contained by landmarks,https://dequeuniversity.com/rules/axe/4.10/region?application=axeAPI,<h1>Advanced Searching Tips</h1>
34,https://pika.clearviewlibrary.org/Help/Home?topic=advsearch,,moderate,region,Ensure all page content is contained by landmarks,All page content should be contained by landmarks,https://dequeuniversity.com/rules/axe/4.10/region?application=axeAPI,"<dl class=""Content"">"
35,https://pika.clearviewlibrary.org/Help/Home?topic=search,,serious,document-title,Ensure each HTML document contains a non-empty <title> element,Documents must have <title> element to aid in navigation,https://dequeuniversity.com/rules/axe/4.10/document-title?application=axeAPI,<html>
35,https://pika.clearviewlibrary.org/Help/Home?topic=search,,serious,html-has-lang,Ensure every HTML document has a lang attribute,<html> element must have a lang attribute,https://dequeuniversity.com/rules/axe/4.10/html-has-lang?application=axeAPI,<html>
35,https://pika.clearviewlibrary.org/Help/Home?topic=search,,moderate,landmark-one-main,Ensure the document has a main landmark,Document should have one main landmark,https://dequeuniversity.com/rules/axe/4.10/landmark-one-main?application=axeAPI,<html>
35,https://pika.clearviewlibrary.org/Help/Home?topic=search,,moderate,page-has-heading-one,"Ensure that the page, or at least one of its frames contains a level-one heading",Page should contain a level-one heading,https://dequeuniversity.com/rules/axe/4.10/page-has-heading-one?application=axeAPI,<html>
35,https://pika.clearviewlibrary.org/Help/Home?topic=search,,moderate,region,Ensure all page content is contained by landmarks,All page content should be contained by landmarks,https://dequeuniversity.com/rules/axe/4.10/region?application=axeAPI,"<div class=""col-md-8"">"
36,https://pika.clearviewlibrary.org/MyAccount/MyList/796?filter%5B%5D=available_at_clearview%3A%22Bookmobile%22&sort=title,Mindfulness for Kids | Clearview Library District,critical,label,Ensure every form element has a label,Form elements must have labels,https://dequeuniversity.com/rules/axe/4.10/label?application=axeAPI,"<input value=""0"" id=""315e22a0-0113-260a-fcb8-149a2aea16a1-star0"" checked="""" type=""radio"" name=""rating"" class=""visuallyhidden star0"">"
37,https://pika.clearviewlibrary.org/MyAccount/MyList/796?filter%5B%5D=available_at_clearview%3A%22Severance+Library%22&sort=title,Mindfulness for Kids | Clearview Library District,critical,label,Ensure every form element has a label,Form elements must have labels,https://dequeuniversity.com/rules/axe/4.10/label?application=axeAPI,"<input value=""0"" id=""f5c85a05-ec07-dc8e-3645-67c5cdd24136-star0"" checked="""" type=""radio"" name=""rating"" class=""visuallyhidden star0"">"
37,https://pika.clearviewlibrary.org/MyAccount/MyList/796?filter%5B%5D=available_at_clearview%3A%22Severance+Library%22&sort=title,Mindfulness for Kids | Clearview Library District,critical,label,Ensure every form element has a label,Form elements must have labels,https://dequeuniversity.com/rules/axe/4.10/label?application=axeAPI,"<input value=""0"" id=""1e6ff318-9a7e-f9fa-514a-5f0cdaa32189-star0"" checked="""" type=""radio"" name=""rating"" class=""visuallyhidden star0"">"
37,https://pika.clearviewlibrary.org/MyAccount/MyList/796?filter%5B%5D=available_at_clearview%3A%22Severance+Library%22&sort=title,Mindfulness for Kids | Clearview Library District,critical,label,Ensure every form element has a label,Form elements must have labels,https://dequeuniversity.com/rules/axe/4.10/label?application=axeAPI,"<input value=""0"" id=""970510e1-9e63-da34-c89c-143dfbd89894-star0"" checked="""" type=""radio"" name=""rating"" class=""visuallyhidden star0"">"
37,https://pika.clearviewlibrary.org/MyAccount/MyList/796?filter%5B%5D=available_at_clearview%3A%22Severance+Library%22&sort=title,Mindfulness for Kids | Clearview Library District,critical,label,Ensure every form element has a label,Form elements must have labels,https://dequeuniversity.com/rules/axe/4.10/label?application=axeAPI,"<input value=""0"" id=""7dba6289-1024-23bc-148f-f7c4ab47424f-star0"" checked="""" type=""radio"" name=""rating"" class=""visuallyhidden star0"">"
37,https://pika.clearviewlibrary.org/MyAccount/MyList/796?filter%5B%5D=available_at_clearview%3A%22Severance+Library%22&sort=title,Mindfulness for Kids | Clearview Library District,critical,label,Ensure every form element has a label,Form elements must have labels,https://dequeuniversity.com/rules/axe/4.10/label?application=axeAPI,"<input value=""0"" id=""bd3881e0-a328-4a45-186a-2ebb25dbcd5d-star0"" checked="""" type=""radio"" name=""rating"" class=""visuallyhidden star0"">"
37,https://pika.clearviewlibrary.org/MyAccount/MyList/796?filter%5B%5D=available_at_clearview%3A%22Severance+Library%22&sort=title,Mindfulness for Kids | Clearview Library District,critical,label,Ensure every form element has a label,Form elements must have labels,https://dequeuniversity.com/rules/axe/4.10/label?application=axeAPI,"<input value=""0"" id=""563b85bd-3cb1-4972-611b-13b85a8b0abc-star0"" checked="""" type=""radio"" name=""rating"" class=""visuallyhidden star0"">"
37,https://pika.clearviewlibrary.org/MyAccount/MyList/796?filter%5B%5D=available_at_clearview%3A%22Severance+Library%22&sort=title,Mindfulness for Kids | Clearview Library District,critical,label,Ensure every form element has a label,Form elements must have labels,https://dequeuniversity.com/rules/axe/4.10/label?application=axeAPI,"<input value=""0"" id=""2e6c4084-5e4c-6311-22df-cef73bbe404b-star0"" checked="""" type=""radio"" name=""rating"" class=""visuallyhidden star0"">"
37,https://pika.clearviewlibrary.org/MyAccount/MyList/796?filter%5B%5D=available_at_clearview%3A%22Severance+Library%22&sort=title,Mindfulness for Kids | Clearview Library District,critical,label,Ensure every form element has a label,Form elements must have labels,https://dequeuniversity.com/rules/axe/4.10/label?application=axeAPI,"<input value=""0"" id=""d4facb66-0786-134e-a548-69a803f62a72-star0"" checked="""" type=""radio"" name=""rating"" class=""visuallyhidden star0"">"
37,https://pika.clearviewlibrary.org/MyAccount/MyList/796?filter%5B%5D=available_at_clearview%3A%22Severance+Library%22&sort=title,Mindfulness for Kids | Clearview Library District,critical,label,Ensure every form element has a label,Form elements must have labels,https://dequeuniversity.com/rules/axe/4.10/label?application=axeAPI,"<input value=""0"" id=""d1f3e9e6-c1f3-2bae-e0bd-51a167ab232c-star0"" checked="""" type=""radio"" name=""rating"" class=""visuallyhidden star0"">"
37,https://pika.clearviewlibrary.org/MyAccount/MyList/796?filter%5B%5D=available_at_clearview%3A%22Severance+Library%22&sort=title,Mindfulness for Kids | Clearview Library District,critical,label,Ensure every form element has a label,Form elements must have labels,https://dequeuniversity.com/rules/axe/4.10/label?application=axeAPI,"<input value=""0"" id=""cf9474e9-f771-97b9-0bb6-0bbf62f18399-star0"" checked="""" type=""radio"" name=""rating"" class=""visuallyhidden star0"">"
37,https://pika.clearviewlibrary.org/MyAccount/MyList/796?filter%5B%5D=available_at_clearview%3A%22Severance+Library%22&sort=title,Mindfulness for Kids | Clearview Library District,critical,label,Ensure every form element has a label,Form elements must have labels,https://dequeuniversity.com/rules/axe/4.10/label?application=axeAPI,"<input value=""0"" id=""5aa68932-5dc5-0c8e-1dc5-9364e13dbee8-star0"" checked="""" type=""radio"" name=""rating"" class=""visuallyhidden star0"">"
38,https://pika.clearviewlibrary.org/MyAccount/MyList/796?filter%5B%5D=available_at_clearview%3A%22Windsor+Library%22&sort=title,Mindfulness for Kids | Clearview Library District,serious,aria-prohibited-attr,Ensure ARIA attributes are not prohibited for an element's role,Elements must only use permitted ARIA attributes,https://dequeuniversity.com/rules/axe/4.10/aria-prohibited-attr?application=axeAPI,"<div class=""col-xs-6 col-tn-offset-1 col-xs-offset-0"" title=""Callnumber"" aria-label=""Callnumber""><span class=""itemSummaryCallNumber notranslate""><strong></strong></span></div>"
38,https://pika.clearviewlibrary.org/MyAccount/MyList/796?filter%5B%5D=available_at_clearview%3A%22Windsor+Library%22&sort=title,Mindfulness for Kids | Clearview Library District,critical,label,Ensure every form element has a label,Form elements must have labels,https://dequeuniversity.com/rules/axe/4.10/label?application=axeAPI,"<input value=""0"" id=""eb420ebf-5756-a9bc-e944-959f7ea16b72-star0"" checked="""" type=""radio"" name=""rating"" class=""visuallyhidden star0"">"
38,https://pika.clearviewlibrary.org/MyAccount/MyList/796?filter%5B%5D=available_at_clearview%3A%22Windsor+Library%22&sort=title,Mindfulness for Kids | Clearview Library District,critical,label,Ensure every form element has a label,Form elements must have labels,https://dequeuniversity.com/rules/axe/4.10/label?application=axeAPI,"<input value=""0"" id=""1e633656-bfd9-650a-07e1-13177b9610ca-star0"" checked="""" type=""radio"" name=""rating"" class=""visuallyhidden star0"">"
38,https://pika.clearviewlibrary.org/MyAccount/MyList/796?filter%5B%5D=available_at_clearview%3A%22Windsor+Library%22&sort=title,Mindfulness for Kids | Clearview Library District,critical,label,Ensure every form element has a label,Form elements must have labels,https://dequeuniversity.com/rules/axe/4.10/label?application=axeAPI,"<input value=""0"" id=""5d24e4b6-9b55-72ad-dbce-cd79f4879733-star0"" checked="""" type=""radio"" name=""rating"" class=""visuallyhidden star0"">"
38,https://pika.clearviewlibrary.org/MyAccount/MyList/796?filter%5B%5D=available_at_clearview%3A%22Windsor+Library%22&sort=title,Mindfulness for Kids | Clearview Library District,critical,label,Ensure every form element has a label,Form elements must have labels,https://dequeuniversity.com/rules/axe/4.10/label?application=axeAPI,"<input value=""0"" id=""7f5e0168-c81f-a27f-2894-43ae2f2cf255-star0"" checked="""" type=""radio"" name=""rating"" class=""visuallyhidden star0"">"
38,https://pika.clearviewlibrary.org/MyAccount/MyList/796?filter%5B%5D=available_at_clearview%3A%22Windsor+Library%22&sort=title,Mindfulness for Kids | Clearview Library District,critical,label,Ensure every form element has a label,Form elements must have labels,https://dequeuniversity.com/rules/axe/4.10/label?application=axeAPI,"<input value=""0"" id=""03496b7f-9033-77f0-a45b-a5fd643516ef-star0"" checked="""" type=""radio"" name=""rating"" class=""visuallyhidden star0"">"
38,https://pika.clearviewlibrary.org/MyAccount/MyList/796?filter%5B%5D=available_at_clearview%3A%22Windsor+Library%22&sort=title,Mindfulness for Kids | Clearview Library District,critical,label,Ensure every form element has a label,Form elements must have labels,https://dequeuniversity.com/rules/axe/4.10/label?application=axeAPI,"<input value=""0"" id=""72eb6e6e-0160-b167-cd2c-746bf1726217-star0"" checked="""" type=""radio"" name=""rating"" class=""visuallyhidden star0"">"
38,https://pika.clearviewlibrary.org/MyAccount/MyList/796?filter%5B%5D=available_at_clearview%3A%22Windsor+Library%22&sort=title,Mindfulness for Kids | Clearview Library District,critical,label,Ensure every form element has a label,Form elements must have labels,https://dequeuniversity.com/rules/axe/4.10/label?application=axeAPI,"<input value=""0"" id=""3af051c6-cb8e-d47e-5ec4-67ab76cc0fb9-star0"" checked="""" type=""radio"" name=""rating"" class=""visuallyhidden star0"">"
38,https://pika.clearviewlibrary.org/MyAccount/MyList/796?filter%5B%5D=available_at_clearview%3A%22Windsor+Library%22&sort=title,Mindfulness for Kids | Clearview Library District,critical,label,Ensure every form element has a label,Form elements must have labels,https://dequeuniversity.com/rules/axe/4.10/label?application=axeAPI,"<input value=""0"" id=""b47b055a-7436-21b5-40a9-5708660fd145-star0"" checked="""" type=""radio"" name=""rating"" class=""visuallyhidden star0"">"
38,https://pika.clearviewlibrary.org/MyAccount/MyList/796?filter%5B%5D=available_at_clearview%3A%22Windsor+Library%22&sort=title,Mindfulness for Kids | Clearview Library District,critical,label,Ensure every form element has a label,Form elements must have labels,https://dequeuniversity.com/rules/axe/4.10/label?application=axeAPI,"<input value=""0"" id=""c1dd8cde-03e6-ddda-05d3-0837e6179b47-star0"" checked="""" type=""radio"" name=""rating"" class=""visuallyhidden star0"">"
38,https://pika.clearviewlibrary.org/MyAccount/MyList/796?filter%5B%5D=available_at_clearview%3A%22Windsor+Library%22&sort=title,Mindfulness for Kids | Clearview Library District,critical,label,Ensure every form element has a label,Form elements must have labels,https://dequeuniversity.com/rules/axe/4.10/label?application=axeAPI,"<input value=""0"" id=""d6f3e85a-86de-b3b8-f7b7-d67b9e730105-star0"" checked="""" type=""radio"" name=""rating"" class=""visuallyhidden star0"">"
38,https://pika.clearviewlibrary.org/MyAccount/MyList/796?filter%5B%5D=available_at_clearview%3A%22Windsor+Library%22&sort=title,Mindfulness for Kids | Clearview Library District,critical,label,Ensure every form element has a label,Form elements must have labels,https://dequeuniversity.com/rules/axe/4.10/label?application=axeAPI,"<input value=""0"" id=""2e6c4084-5e4c-6311-22df-cef73bbe404b-star0"" checked="""" type=""radio"" name=""rating"" class=""visuallyhidden star0"">"
38,https://pika.clearviewlibrary.org/MyAccount/MyList/796?filter%5B%5D=available_at_clearview%3A%22Windsor+Library%22&sort=title,Mindfulness for Kids | Clearview Library District,critical,label,Ensure every form element has a label,Form elements must have labels,https://dequeuniversity.com/rules/axe/4.10/label?application=axeAPI,"<input value=""0"" id=""7531c7e2-92ad-cb5e-24f1-6ecf60d41285-star0"" checked="""" type=""radio"" name=""rating"" class=""visuallyhidden star0"">"
38,https://pika.clearviewlibrary.org/MyAccount/MyList/796?filter%5B%5D=available_at_clearview%3A%22Windsor+Library%22&sort=title,Mindfulness for Kids | Clearview Library District,critical,label,Ensure every form element has a label,Form elements must have labels,https://dequeuniversity.com/rules/axe/4.10/label?application=axeAPI,"<input value=""0"" id=""fb1de18c-262d-5d40-e08d-b0b09ebefb76-star0"" checked="""" type=""radio"" name=""rating"" class=""visuallyhidden star0"">"
38,https://pika.clearviewlibrary.org/MyAccount/MyList/796?filter%5B%5D=available_at_clearview%3A%22Windsor+Library%22&sort=title,Mindfulness for Kids | Clearview Library District,critical,label,Ensure every form element has a label,Form elements must have labels,https://dequeuniversity.com/rules/axe/4.10/label?application=axeAPI,"<input value=""0"" id=""e371fa9f-d74f-5fd1-9f27-a729cb3e754e-star0"" checked="""" type=""radio"" name=""rating"" class=""visuallyhidden star0"">"
39,https://pika.clearviewlibrary.org/MyAccount/MyList/796?filter%5B%5D=available_at_clearview%3A%22Online+OverDrive+Collection%22&sort=title,Mindfulness for Kids | Clearview Library District,critical,label,Ensure every form element has a label,Form elements must have labels,https://dequeuniversity.com/rules/axe/4.10/label?application=axeAPI,"<input value=""0"" id=""7531c7e2-92ad-cb5e-24f1-6ecf60d41285-star0"" checked="""" type=""radio"" name=""rating"" class=""visuallyhidden star0"">"
4,https://pika.clearviewlibrary.org/Search/Advanced,Advanced Search | Clearview Library District,serious,color-contrast,Ensure the contrast between foreground and background colors meets WCAG 2 AA minimum contrast ratio thresholds,Elements must meet minimum color contrast ratio thresholds,https://dequeuniversity.com/rules/axe/4.10/color-contrast?application=axeAPI,"<label for=""join0"" class=""join"">Match : <select id=""join0"" name=""bool0[]""><option value=""AND"">ALL Terms (AND)</option><option value=""OR"">ANY Terms (OR)</option><option value=""NOT"">NO Terms (NOT)</option></select></label>"
4,https://pika.clearviewlibrary.org/Search/Advanced,Advanced Search | Clearview Library District,serious,color-contrast,Ensure the contrast between foreground and background colors meets WCAG 2 AA minimum contrast ratio thresholds,Elements must meet minimum color contrast ratio thresholds,https://dequeuniversity.com/rules/axe/4.10/color-contrast?application=axeAPI,"<select id=""join0"" name=""bool0[]""><option value=""AND"">ALL Terms (AND)</option><option value=""OR"">ANY Terms (OR)</option><option value=""NOT"">NO Terms (NOT)</option></select>"
4,https://pika.clearviewlibrary.org/Search/Advanced,Advanced Search | Clearview Library District,serious,color-contrast,Ensure the contrast between foreground and background colors meets WCAG 2 AA minimum contrast ratio thresholds,Elements must meet minimum color contrast ratio thresholds,https://dequeuniversity.com/rules/axe/4.10/color-contrast?application=axeAPI,"<div class=""searchLabel col-sm-2"">Search for :</div>"
4,https://pika.clearviewlibrary.org/Search/Advanced,Advanced Search | Clearview Library District,serious,color-contrast,Ensure the contrast between foreground and background colors meets WCAG 2 AA minimum contrast ratio thresholds,Elements must meet minimum color contrast ratio thresholds,https://dequeuniversity.com/rules/axe/4.10/color-contrast?application=axeAPI,"<input type=""text"" aria-label=""search phrase"" class=""form-control"" name=""lookfor0[]"" value="""">"
4,https://pika.clearviewlibrary.org/Search/Advanced,Advanced Search | Clearview Library District,serious,color-contrast,Ensure the contrast between foreground and background colors meets WCAG 2 AA minimum contrast ratio thresholds,Elements must meet minimum color contrast ratio thresholds,https://dequeuniversity.com/rules/axe/4.10/color-contrast?application=axeAPI,"<span class=""input-group-addon"">in </span>"
4,https://pika.clearviewlibrary.org/Search/Advanced,Advanced Search | Clearview Library District,serious,color-contrast,Ensure the contrast between foreground and background colors meets WCAG 2 AA minimum contrast ratio thresholds,Elements must meet minimum color contrast ratio thresholds,https://dequeuniversity.com/rules/axe/4.10/color-contrast?application=axeAPI,"<select aria-label=""type of search"" class=""form-control"" name=""type0[]"">"
4,https://pika.clearviewlibrary.org/Search/Advanced,Advanced Search | Clearview Library District,serious,color-contrast,Ensure the contrast between foreground and background colors meets WCAG 2 AA minimum contrast ratio thresholds,Elements must meet minimum color contrast ratio thresholds,https://dequeuniversity.com/rules/axe/4.10/color-contrast?application=axeAPI,"<input type=""text"" aria-label=""search phrase"" class=""form-control"" name=""lookfor0[]"" value="""">"
4,https://pika.clearviewlibrary.org/Search/Advanced,Advanced Search | Clearview Library District,serious,color-contrast,Ensure the contrast between foreground and background colors meets WCAG 2 AA minimum contrast ratio thresholds,Elements must meet minimum color contrast ratio thresholds,https://dequeuniversity.com/rules/axe/4.10/color-contrast?application=axeAPI,"<span class=""input-group-addon"">in </span>"
4,https://pika.clearviewlibrary.org/Search/Advanced,Advanced Search | Clearview Library District,serious,color-contrast,Ensure the contrast between foreground and background colors meets WCAG 2 AA minimum contrast ratio thresholds,Elements must meet minimum color contrast ratio thresholds,https://dequeuniversity.com/rules/axe/4.10/color-contrast?application=axeAPI,"<select aria-label=""type of search"" class=""form-control"" name=""type0[]"">"
4,https://pika.clearviewlibrary.org/Search/Advanced,Advanced Search | Clearview Library District,serious,color-contrast,Ensure the contrast between foreground and background colors meets WCAG 2 AA minimum contrast ratio thresholds,Elements must meet minimum color contrast ratio thresholds,https://dequeuniversity.com/rules/axe/4.10/color-contrast?application=axeAPI,"<input type=""text"" aria-label=""search phrase"" class=""form-control"" name=""lookfor0[]"" value="""">"
4,https://pika.clearviewlibrary.org/Search/Advanced,Advanced Search | Clearview Library District,serious,color-contrast,Ensure the contrast between foreground and background colors meets WCAG 2 AA minimum contrast ratio thresholds,Elements must meet minimum color contrast ratio thresholds,https://dequeuniversity.com/rules/axe/4.10/color-contrast?application=axeAPI,"<span class=""input-group-addon"">in </span>"
4,https://pika.clearviewlibrary.org/Search/Advanced,Advanced Search | Clearview Library District,serious,color-contrast,Ensure the contrast between foreground and background colors meets WCAG 2 AA minimum contrast ratio thresholds,Elements must meet minimum color contrast ratio thresholds,https://dequeuniversity.com/rules/axe/4.10/color-contrast?application=axeAPI,"<select aria-label=""type of search"" class=""form-control"" name=""type0[]"">"
4,https://pika.clearviewlibrary.org/Search/Advanced,Advanced Search | Clearview Library District,serious,color-contrast,Ensure the contrast between foreground and background colors meets WCAG 2 AA minimum contrast ratio thresholds,Elements must meet minimum color contrast ratio thresholds,https://dequeuniversity.com/rules/axe/4.10/color-contrast?application=axeAPI,"<button class=""add btn btn-sm btn-default"" id=""add_search_link_0"" onclick=""return addSearchJS(this);"">Add Search Field</button>"
40,https://pika.clearviewlibrary.org/MyAccount/MyList/796?filter%5B%5D=format_clearview%3A%22Book%22&sort=title,Mindfulness for Kids | Clearview Library District,serious,aria-prohibited-attr,Ensure ARIA attributes are not prohibited for an element's role,Elements must only use permitted ARIA attributes,https://dequeuniversity.com/rules/axe/4.10/aria-prohibited-attr?application=axeAPI,"<div class=""col-xs-6 col-tn-offset-1 col-xs-offset-0"" title=""Callnumber"" aria-label=""Callnumber""><span class=""itemSummaryCallNumber notranslate""><strong></strong></span></div>"
40,https://pika.clearviewlibrary.org/MyAccount/MyList/796?filter%5B%5D=format_clearview%3A%22Book%22&sort=title,Mindfulness for Kids | Clearview Library District,critical,label,Ensure every form element has a label,Form elements must have labels,https://dequeuniversity.com/rules/axe/4.10/label?application=axeAPI,"<input value=""0"" id=""eb420ebf-5756-a9bc-e944-959f7ea16b72-star0"" checked="""" type=""radio"" name=""rating"" class=""visuallyhidden star0"">"
40,https://pika.clearviewlibrary.org/MyAccount/MyList/796?filter%5B%5D=format_clearview%3A%22Book%22&sort=title,Mindfulness for Kids | Clearview Library District,critical,label,Ensure every form element has a label,Form elements must have labels,https://dequeuniversity.com/rules/axe/4.10/label?application=axeAPI,"<input value=""0"" id=""bf0ea0f2-3ea3-ce0e-a3ee-0cdfb0c9741a-star0"" checked="""" type=""radio"" name=""rating"" class=""visuallyhidden star0"">"
40,https://pika.clearviewlibrary.org/MyAccount/MyList/796?filter%5B%5D=format_clearview%3A%22Book%22&sort=title,Mindfulness for Kids | Clearview Library District,critical,label,Ensure every form element has a label,Form elements must have labels,https://dequeuniversity.com/rules/axe/4.10/label?application=axeAPI,"<input value=""0"" id=""1e633656-bfd9-650a-07e1-13177b9610ca-star0"" checked="""" type=""radio"" name=""rating"" class=""visuallyhidden star0"">"
40,https://pika.clearviewlibrary.org/MyAccount/MyList/796?filter%5B%5D=format_clearview%3A%22Book%22&sort=title,Mindfulness for Kids | Clearview Library District,critical,label,Ensure every form element has a label,Form elements must have labels,https://dequeuniversity.com/rules/axe/4.10/label?application=axeAPI,"<input value=""0"" id=""9a025959-7888-cdd6-0e99-2cedccd20285-star0"" checked="""" type=""radio"" name=""rating"" class=""visuallyhidden star0"">"
40,https://pika.clearviewlibrary.org/MyAccount/MyList/796?filter%5B%5D=format_clearview%3A%22Book%22&sort=title,Mindfulness for Kids | Clearview Library District,critical,label,Ensure every form element has a label,Form elements must have labels,https://dequeuniversity.com/rules/axe/4.10/label?application=axeAPI,"<input value=""0"" id=""66f2e75d-20d7-4be8-79b0-c522f7db805f-star0"" checked="""" type=""radio"" name=""rating"" class=""visuallyhidden star0"">"
40,https://pika.clearviewlibrary.org/MyAccount/MyList/796?filter%5B%5D=format_clearview%3A%22Book%22&sort=title,Mindfulness for Kids | Clearview Library District,critical,label,Ensure every form element has a label,Form elements must have labels,https://dequeuniversity.com/rules/axe/4.10/label?application=axeAPI,"<input value=""0"" id=""5d24e4b6-9b55-72ad-dbce-cd79f4879733-star0"" checked="""" type=""radio"" name=""rating"" class=""visuallyhidden star0"">"
40,https://pika.clearviewlibrary.org/MyAccount/MyList/796?filter%5B%5D=format_clearview%3A%22Book%22&sort=title,Mindfulness for Kids | Clearview Library District,critical,label,Ensure every form element has a label,Form elements must have labels,https://dequeuniversity.com/rules/axe/4.10/label?application=axeAPI,"<input value=""0"" id=""7ad685ce-05bc-af8c-8fe4-244b518fa661-star0"" checked="""" type=""radio"" name=""rating"" class=""visuallyhidden star0"">"
40,https://pika.clearviewlibrary.org/MyAccount/MyList/796?filter%5B%5D=format_clearview%3A%22Book%22&sort=title,Mindfulness for Kids | Clearview Library District,critical,label,Ensure every form element has a label,Form elements must have labels,https://dequeuniversity.com/rules/axe/4.10/label?application=axeAPI,"<input value=""0"" id=""f5c85a05-ec07-dc8e-3645-67c5cdd24136-star0"" checked="""" type=""radio"" name=""rating"" class=""visuallyhidden star0"">"
40,https://pika.clearviewlibrary.org/MyAccount/MyList/796?filter%5B%5D=format_clearview%3A%22Book%22&sort=title,Mindfulness for Kids | Clearview Library District,critical,label,Ensure every form element has a label,Form elements must have labels,https://dequeuniversity.com/rules/axe/4.10/label?application=axeAPI,"<input value=""0"" id=""1e6ff318-9a7e-f9fa-514a-5f0cdaa32189-star0"" checked="""" type=""radio"" name=""rating"" class=""visuallyhidden star0"">"
40,https://pika.clearviewlibrary.org/MyAccount/MyList/796?filter%5B%5D=format_clearview%3A%22Book%22&sort=title,Mindfulness for Kids | Clearview Library District,critical,label,Ensure every form element has a label,Form elements must have labels,https://dequeuniversity.com/rules/axe/4.10/label?application=axeAPI,"<input value=""0"" id=""7f5e0168-c81f-a27f-2894-43ae2f2cf255-star0"" checked="""" type=""radio"" name=""rating"" class=""visuallyhidden star0"">"
40,https://pika.clearviewlibrary.org/MyAccount/MyList/796?filter%5B%5D=format_clearview%3A%22Book%22&sort=title,Mindfulness for Kids | Clearview Library District,critical,label,Ensure every form element has a label,Form elements must have labels,https://dequeuniversity.com/rules/axe/4.10/label?application=axeAPI,"<input value=""0"" id=""03496b7f-9033-77f0-a45b-a5fd643516ef-star0"" checked="""" type=""radio"" name=""rating"" class=""visuallyhidden star0"">"
40,https://pika.clearviewlibrary.org/MyAccount/MyList/796?filter%5B%5D=format_clearview%3A%22Book%22&sort=title,Mindfulness for Kids | Clearview Library District,critical,label,Ensure every form element has a label,Form elements must have labels,https://dequeuniversity.com/rules/axe/4.10/label?application=axeAPI,"<input value=""0"" id=""970510e1-9e63-da34-c89c-143dfbd89894-star0"" checked="""" type=""radio"" name=""rating"" class=""visuallyhidden star0"">"
40,https://pika.clearviewlibrary.org/MyAccount/MyList/796?filter%5B%5D=format_clearview%3A%22Book%22&sort=title,Mindfulness for Kids | Clearview Library District,critical,label,Ensure every form element has a label,Form elements must have labels,https://dequeuniversity.com/rules/axe/4.10/label?application=axeAPI,"<input value=""0"" id=""7dba6289-1024-23bc-148f-f7c4ab47424f-star0"" checked="""" type=""radio"" name=""rating"" class=""visuallyhidden star0"">"
40,https://pika.clearviewlibrary.org/MyAccount/MyList/796?filter%5B%5D=format_clearview%3A%22Book%22&sort=title,Mindfulness for Kids | Clearview Library District,critical,label,Ensure every form element has a label,Form elements must have labels,https://dequeuniversity.com/rules/axe/4.10/label?application=axeAPI,"<input value=""0"" id=""51d7b0a1-303d-757a-ddc6-f6acb99bc52b-star0"" checked="""" type=""radio"" name=""rating"" class=""visuallyhidden star0"">"
40,https://pika.clearviewlibrary.org/MyAccount/MyList/796?filter%5B%5D=format_clearview%3A%22Book%22&sort=title,Mindfulness for Kids | Clearview Library District,critical,label,Ensure every form element has a label,Form elements must have labels,https://dequeuniversity.com/rules/axe/4.10/label?application=axeAPI,"<input value=""0"" id=""bd3881e0-a328-4a45-186a-2ebb25dbcd5d-star0"" checked="""" type=""radio"" name=""rating"" class=""visuallyhidden star0"">"
40,https://pika.clearviewlibrary.org/MyAccount/MyList/796?filter%5B%5D=format_clearview%3A%22Book%22&sort=title,Mindfulness for Kids | Clearview Library District,critical,label,Ensure every form element has a label,Form elements must have labels,https://dequeuniversity.com/rules/axe/4.10/label?application=axeAPI,"<input value=""0"" id=""72eb6e6e-0160-b167-cd2c-746bf1726217-star0"" checked="""" type=""radio"" name=""rating"" class=""visuallyhidden star0"">"
40,https://pika.clearviewlibrary.org/MyAccount/MyList/796?filter%5B%5D=format_clearview%3A%22Book%22&sort=title,Mindfulness for Kids | Clearview Library District,critical,label,Ensure every form element has a label,Form elements must have labels,https://dequeuniversity.com/rules/axe/4.10/label?application=axeAPI,"<input value=""0"" id=""4a3b811f-ccd6-950b-eab9-5189986d9ad5-star0"" checked="""" type=""radio"" name=""rating"" class=""visuallyhidden star0"">"
40,https://pika.clearviewlibrary.org/MyAccount/MyList/796?filter%5B%5D=format_clearview%3A%22Book%22&sort=title,Mindfulness for Kids | Clearview Library District,critical,label,Ensure every form element has a label,Form elements must have labels,https://dequeuniversity.com/rules/axe/4.10/label?application=axeAPI,"<input value=""0"" id=""bbe7d1e0-f7fc-701d-4d39-3d6c33be76d3-star0"" checked="""" type=""radio"" name=""rating"" class=""visuallyhidden star0"">"
40,https://pika.clearviewlibrary.org/MyAccount/MyList/796?filter%5B%5D=format_clearview%3A%22Book%22&sort=title,Mindfulness for Kids | Clearview Library District,critical,label,Ensure every form element has a label,Form elements must have labels,https://dequeuniversity.com/rules/axe/4.10/label?application=axeAPI,"<input value=""0"" id=""5030c86e-58cc-5922-4e3b-ec04333e0ad8-star0"" checked="""" type=""radio"" name=""rating"" class=""visuallyhidden star0"">"
40,https://pika.clearviewlibrary.org/MyAccount/MyList/796?filter%5B%5D=format_clearview%3A%22Book%22&sort=title,Mindfulness for Kids | Clearview Library District,critical,label,Ensure every form element has a label,Form elements must have labels,https://dequeuniversity.com/rules/axe/4.10/label?application=axeAPI,"<input value=""0"" id=""31eeef3e-b784-e1e7-5f62-11e4cef9c96b-star0"" checked="""" type=""radio"" name=""rating"" class=""visuallyhidden star0"">"
41,https://pika.clearviewlibrary.org/MyAccount/MyList/796?filter%5B%5D=format_clearview%3A%22eBook%22&sort=title,Mindfulness for Kids | Clearview Library District,critical,label,Ensure every form element has a label,Form elements must have labels,https://dequeuniversity.com/rules/axe/4.10/label?application=axeAPI,"<input value=""0"" id=""1e633656-bfd9-650a-07e1-13177b9610ca-star0"" checked="""" type=""radio"" name=""rating"" class=""visuallyhidden star0"">"
41,https://pika.clearviewlibrary.org/MyAccount/MyList/796?filter%5B%5D=format_clearview%3A%22eBook%22&sort=title,Mindfulness for Kids | Clearview Library District,critical,label,Ensure every form element has a label,Form elements must have labels,https://dequeuniversity.com/rules/axe/4.10/label?application=axeAPI,"<input value=""0"" id=""66f2e75d-20d7-4be8-79b0-c522f7db805f-star0"" checked="""" type=""radio"" name=""rating"" class=""visuallyhidden star0"">"
41,https://pika.clearviewlibrary.org/MyAccount/MyList/796?filter%5B%5D=format_clearview%3A%22eBook%22&sort=title,Mindfulness for Kids | Clearview Library District,critical,label,Ensure every form element has a label,Form elements must have labels,https://dequeuniversity.com/rules/axe/4.10/label?application=axeAPI,"<input value=""0"" id=""1e6ff318-9a7e-f9fa-514a-5f0cdaa32189-star0"" checked="""" type=""radio"" name=""rating"" class=""visuallyhidden star0"">"
41,https://pika.clearviewlibrary.org/MyAccount/MyList/796?filter%5B%5D=format_clearview%3A%22eBook%22&sort=title,Mindfulness for Kids | Clearview Library District,critical,label,Ensure every form element has a label,Form elements must have labels,https://dequeuniversity.com/rules/axe/4.10/label?application=axeAPI,"<input value=""0"" id=""7f5e0168-c81f-a27f-2894-43ae2f2cf255-star0"" checked="""" type=""radio"" name=""rating"" class=""visuallyhidden star0"">"
41,https://pika.clearviewlibrary.org/MyAccount/MyList/796?filter%5B%5D=format_clearview%3A%22eBook%22&sort=title,Mindfulness for Kids | Clearview Library District,critical,label,Ensure every form element has a label,Form elements must have labels,https://dequeuniversity.com/rules/axe/4.10/label?application=axeAPI,"<input value=""0"" id=""970510e1-9e63-da34-c89c-143dfbd89894-star0"" checked="""" type=""radio"" name=""rating"" class=""visuallyhidden star0"">"
41,https://pika.clearviewlibrary.org/MyAccount/MyList/796?filter%5B%5D=format_clearview%3A%22eBook%22&sort=title,Mindfulness for Kids | Clearview Library District,critical,label,Ensure every form element has a label,Form elements must have labels,https://dequeuniversity.com/rules/axe/4.10/label?application=axeAPI,"<input value=""0"" id=""7dba6289-1024-23bc-148f-f7c4ab47424f-star0"" checked="""" type=""radio"" name=""rating"" class=""visuallyhidden star0"">"
41,https://pika.clearviewlibrary.org/MyAccount/MyList/796?filter%5B%5D=format_clearview%3A%22eBook%22&sort=title,Mindfulness for Kids | Clearview Library District,critical,label,Ensure every form element has a label,Form elements must have labels,https://dequeuniversity.com/rules/axe/4.10/label?application=axeAPI,"<input value=""0"" id=""51d7b0a1-303d-757a-ddc6-f6acb99bc52b-star0"" checked="""" type=""radio"" name=""rating"" class=""visuallyhidden star0"">"
41,https://pika.clearviewlibrary.org/MyAccount/MyList/796?filter%5B%5D=format_clearview%3A%22eBook%22&sort=title,Mindfulness for Kids | Clearview Library District,critical,label,Ensure every form element has a label,Form elements must have labels,https://dequeuniversity.com/rules/axe/4.10/label?application=axeAPI,"<input value=""0"" id=""5030c86e-58cc-5922-4e3b-ec04333e0ad8-star0"" checked="""" type=""radio"" name=""rating"" class=""visuallyhidden star0"">"
41,https://pika.clearviewlibrary.org/MyAccount/MyList/796?filter%5B%5D=format_clearview%3A%22eBook%22&sort=title,Mindfulness for Kids | Clearview Library District,critical,label,Ensure every form element has a label,Form elements must have labels,https://dequeuniversity.com/rules/axe/4.10/label?application=axeAPI,"<input value=""0"" id=""31eeef3e-b784-e1e7-5f62-11e4cef9c96b-star0"" checked="""" type=""radio"" name=""rating"" class=""visuallyhidden star0"">"
41,https://pika.clearviewlibrary.org/MyAccount/MyList/796?filter%5B%5D=format_clearview%3A%22eBook%22&sort=title,Mindfulness for Kids | Clearview Library District,critical,label,Ensure every form element has a label,Form elements must have labels,https://dequeuniversity.com/rules/axe/4.10/label?application=axeAPI,"<input value=""0"" id=""b47b055a-7436-21b5-40a9-5708660fd145-star0"" checked="""" type=""radio"" name=""rating"" class=""visuallyhidden star0"">"
41,https://pika.clearviewlibrary.org/MyAccount/MyList/796?filter%5B%5D=format_clearview%3A%22eBook%22&sort=title,Mindfulness for Kids | Clearview Library District,critical,label,Ensure every form element has a label,Form elements must have labels,https://dequeuniversity.com/rules/axe/4.10/label?application=axeAPI,"<input value=""0"" id=""563b85bd-3cb1-4972-611b-13b85a8b0abc-star0"" checked="""" type=""radio"" name=""rating"" class=""visuallyhidden star0"">"
41,https://pika.clearviewlibrary.org/MyAccount/MyList/796?filter%5B%5D=format_clearview%3A%22eBook%22&sort=title,Mindfulness for Kids | Clearview Library District,critical,label,Ensure every form element has a label,Form elements must have labels,https://dequeuniversity.com/rules/axe/4.10/label?application=axeAPI,"<input value=""0"" id=""c1dd8cde-03e6-ddda-05d3-0837e6179b47-star0"" checked="""" type=""radio"" name=""rating"" class=""visuallyhidden star0"">"
41,https://pika.clearviewlibrary.org/MyAccount/MyList/796?filter%5B%5D=format_clearview%3A%22eBook%22&sort=title,Mindfulness for Kids | Clearview Library District,critical,label,Ensure every form element has a label,Form elements must have labels,https://dequeuniversity.com/rules/axe/4.10/label?application=axeAPI,"<input value=""0"" id=""d6f3e85a-86de-b3b8-f7b7-d67b9e730105-star0"" checked="""" type=""radio"" name=""rating"" class=""visuallyhidden star0"">"
41,https://pika.clearviewlibrary.org/MyAccount/MyList/796?filter%5B%5D=format_clearview%3A%22eBook%22&sort=title,Mindfulness for Kids | Clearview Library District,critical,label,Ensure every form element has a label,Form elements must have labels,https://dequeuniversity.com/rules/axe/4.10/label?application=axeAPI,"<input value=""0"" id=""7531c7e2-92ad-cb5e-24f1-6ecf60d41285-star0"" checked="""" type=""radio"" name=""rating"" class=""visuallyhidden star0"">"
41,https://pika.clearviewlibrary.org/MyAccount/MyList/796?filter%5B%5D=format_clearview%3A%22eBook%22&sort=title,Mindfulness for Kids | Clearview Library District,critical,label,Ensure every form element has a label,Form elements must have labels,https://dequeuniversity.com/rules/axe/4.10/label?application=axeAPI,"<input value=""0"" id=""e371fa9f-d74f-5fd1-9f27-a729cb3e754e-star0"" checked="""" type=""radio"" name=""rating"" class=""visuallyhidden star0"">"
42,https://pika.clearviewlibrary.org/MyAccount/MyList/796?filter%5B%5D=format_clearview%3A%22eAudiobook%22&sort=title,Mindfulness for Kids | Clearview Library District,critical,label,Ensure every form element has a label,Form elements must have labels,https://dequeuniversity.com/rules/axe/4.10/label?application=axeAPI,"<input value=""0"" id=""6f5ad08f-7213-a806-bdae-577c9d215490-star0"" checked="""" type=""radio"" name=""rating"" class=""visuallyhidden star0"">"
42,https://pika.clearviewlibrary.org/MyAccount/MyList/796?filter%5B%5D=format_clearview%3A%22eAudiobook%22&sort=title,Mindfulness for Kids | Clearview Library District,critical,label,Ensure every form element has a label,Form elements must have labels,https://dequeuniversity.com/rules/axe/4.10/label?application=axeAPI,"<input value=""0"" id=""7f5e0168-c81f-a27f-2894-43ae2f2cf255-star0"" checked="""" type=""radio"" name=""rating"" class=""visuallyhidden star0"">"
42,https://pika.clearviewlibrary.org/MyAccount/MyList/796?filter%5B%5D=format_clearview%3A%22eAudiobook%22&sort=title,Mindfulness for Kids | Clearview Library District,critical,label,Ensure every form element has a label,Form elements must have labels,https://dequeuniversity.com/rules/axe/4.10/label?application=axeAPI,"<input value=""0"" id=""5030c86e-58cc-5922-4e3b-ec04333e0ad8-star0"" checked="""" type=""radio"" name=""rating"" class=""visuallyhidden star0"">"
42,https://pika.clearviewlibrary.org/MyAccount/MyList/796?filter%5B%5D=format_clearview%3A%22eAudiobook%22&sort=title,Mindfulness for Kids | Clearview Library District,critical,label,Ensure every form element has a label,Form elements must have labels,https://dequeuniversity.com/rules/axe/4.10/label?application=axeAPI,"<input value=""0"" id=""3af051c6-cb8e-d47e-5ec4-67ab76cc0fb9-star0"" checked="""" type=""radio"" name=""rating"" class=""visuallyhidden star0"">"
43,https://pika.clearviewlibrary.org/MyAccount/MyList/796?filter%5B%5D=collection_clearview%3A%22Juvenile+Non-Fiction%22&sort=title,Mindfulness for Kids | Clearview Library District,critical,label,Ensure every form element has a label,Form elements must have labels,https://dequeuniversity.com/rules/axe/4.10/label?application=axeAPI,"<input value=""0"" id=""eb420ebf-5756-a9bc-e944-959f7ea16b72-star0"" checked="""" type=""radio"" name=""rating"" class=""visuallyhidden star0"">"
43,https://pika.clearviewlibrary.org/MyAccount/MyList/796?filter%5B%5D=collection_clearview%3A%22Juvenile+Non-Fiction%22&sort=title,Mindfulness for Kids | Clearview Library District,critical,label,Ensure every form element has a label,Form elements must have labels,https://dequeuniversity.com/rules/axe/4.10/label?application=axeAPI,"<input value=""0"" id=""bf0ea0f2-3ea3-ce0e-a3ee-0cdfb0c9741a-star0"" checked="""" type=""radio"" name=""rating"" class=""visuallyhidden star0"">"
43,https://pika.clearviewlibrary.org/MyAccount/MyList/796?filter%5B%5D=collection_clearview%3A%22Juvenile+Non-Fiction%22&sort=title,Mindfulness for Kids | Clearview Library District,critical,label,Ensure every form element has a label,Form elements must have labels,https://dequeuniversity.com/rules/axe/4.10/label?application=axeAPI,"<input value=""0"" id=""1e633656-bfd9-650a-07e1-13177b9610ca-star0"" checked="""" type=""radio"" name=""rating"" class=""visuallyhidden star0"">"
43,https://pika.clearviewlibrary.org/MyAccount/MyList/796?filter%5B%5D=collection_clearview%3A%22Juvenile+Non-Fiction%22&sort=title,Mindfulness for Kids | Clearview Library District,critical,label,Ensure every form element has a label,Form elements must have labels,https://dequeuniversity.com/rules/axe/4.10/label?application=axeAPI,"<input value=""0"" id=""9a025959-7888-cdd6-0e99-2cedccd20285-star0"" checked="""" type=""radio"" name=""rating"" class=""visuallyhidden star0"">"
43,https://pika.clearviewlibrary.org/MyAccount/MyList/796?filter%5B%5D=collection_clearview%3A%22Juvenile+Non-Fiction%22&sort=title,Mindfulness for Kids | Clearview Library District,critical,label,Ensure every form element has a label,Form elements must have labels,https://dequeuniversity.com/rules/axe/4.10/label?application=axeAPI,"<input value=""0"" id=""66f2e75d-20d7-4be8-79b0-c522f7db805f-star0"" checked="""" type=""radio"" name=""rating"" class=""visuallyhidden star0"">"
43,https://pika.clearviewlibrary.org/MyAccount/MyList/796?filter%5B%5D=collection_clearview%3A%22Juvenile+Non-Fiction%22&sort=title,Mindfulness for Kids | Clearview Library District,critical,label,Ensure every form element has a label,Form elements must have labels,https://dequeuniversity.com/rules/axe/4.10/label?application=axeAPI,"<input value=""0"" id=""7ad685ce-05bc-af8c-8fe4-244b518fa661-star0"" checked="""" type=""radio"" name=""rating"" class=""visuallyhidden star0"">"
43,https://pika.clearviewlibrary.org/MyAccount/MyList/796?filter%5B%5D=collection_clearview%3A%22Juvenile+Non-Fiction%22&sort=title,Mindfulness for Kids | Clearview Library District,critical,label,Ensure every form element has a label,Form elements must have labels,https://dequeuniversity.com/rules/axe/4.10/label?application=axeAPI,"<input value=""0"" id=""f5c85a05-ec07-dc8e-3645-67c5cdd24136-star0"" checked="""" type=""radio"" name=""rating"" class=""visuallyhidden star0"">"
43,https://pika.clearviewlibrary.org/MyAccount/MyList/796?filter%5B%5D=collection_clearview%3A%22Juvenile+Non-Fiction%22&sort=title,Mindfulness for Kids | Clearview Library District,critical,label,Ensure every form element has a label,Form elements must have labels,https://dequeuniversity.com/rules/axe/4.10/label?application=axeAPI,"<input value=""0"" id=""1e6ff318-9a7e-f9fa-514a-5f0cdaa32189-star0"" checked="""" type=""radio"" name=""rating"" class=""visuallyhidden star0"">"
43,https://pika.clearviewlibrary.org/MyAccount/MyList/796?filter%5B%5D=collection_clearview%3A%22Juvenile+Non-Fiction%22&sort=title,Mindfulness for Kids | Clearview Library District,critical,label,Ensure every form element has a label,Form elements must have labels,https://dequeuniversity.com/rules/axe/4.10/label?application=axeAPI,"<input value=""0"" id=""7f5e0168-c81f-a27f-2894-43ae2f2cf255-star0"" checked="""" type=""radio"" name=""rating"" class=""visuallyhidden star0"">"
43,https://pika.clearviewlibrary.org/MyAccount/MyList/796?filter%5B%5D=collection_clearview%3A%22Juvenile+Non-Fiction%22&sort=title,Mindfulness for Kids | Clearview Library District,critical,label,Ensure every form element has a label,Form elements must have labels,https://dequeuniversity.com/rules/axe/4.10/label?application=axeAPI,"<input value=""0"" id=""51d7b0a1-303d-757a-ddc6-f6acb99bc52b-star0"" checked="""" type=""radio"" name=""rating"" class=""visuallyhidden star0"">"
43,https://pika.clearviewlibrary.org/MyAccount/MyList/796?filter%5B%5D=collection_clearview%3A%22Juvenile+Non-Fiction%22&sort=title,Mindfulness for Kids | Clearview Library District,critical,label,Ensure every form element has a label,Form elements must have labels,https://dequeuniversity.com/rules/axe/4.10/label?application=axeAPI,"<input value=""0"" id=""bd3881e0-a328-4a45-186a-2ebb25dbcd5d-star0"" checked="""" type=""radio"" name=""rating"" class=""visuallyhidden star0"">"
43,https://pika.clearviewlibrary.org/MyAccount/MyList/796?filter%5B%5D=collection_clearview%3A%22Juvenile+Non-Fiction%22&sort=title,Mindfulness for Kids | Clearview Library District,critical,label,Ensure every form element has a label,Form elements must have labels,https://dequeuniversity.com/rules/axe/4.10/label?application=axeAPI,"<input value=""0"" id=""4a3b811f-ccd6-950b-eab9-5189986d9ad5-star0"" checked="""" type=""radio"" name=""rating"" class=""visuallyhidden star0"">"
43,https://pika.clearviewlibrary.org/MyAccount/MyList/796?filter%5B%5D=collection_clearview%3A%22Juvenile+Non-Fiction%22&sort=title,Mindfulness for Kids | Clearview Library District,critical,label,Ensure every form element has a label,Form elements must have labels,https://dequeuniversity.com/rules/axe/4.10/label?application=axeAPI,"<input value=""0"" id=""31eeef3e-b784-e1e7-5f62-11e4cef9c96b-star0"" checked="""" type=""radio"" name=""rating"" class=""visuallyhidden star0"">"
43,https://pika.clearviewlibrary.org/MyAccount/MyList/796?filter%5B%5D=collection_clearview%3A%22Juvenile+Non-Fiction%22&sort=title,Mindfulness for Kids | Clearview Library District,critical,label,Ensure every form element has a label,Form elements must have labels,https://dequeuniversity.com/rules/axe/4.10/label?application=axeAPI,"<input value=""0"" id=""3af051c6-cb8e-d47e-5ec4-67ab76cc0fb9-star0"" checked="""" type=""radio"" name=""rating"" class=""visuallyhidden star0"">"
43,https://pika.clearviewlibrary.org/MyAccount/MyList/796?filter%5B%5D=collection_clearview%3A%22Juvenile+Non-Fiction%22&sort=title,Mindfulness for Kids | Clearview Library District,critical,label,Ensure every form element has a label,Form elements must have labels,https://dequeuniversity.com/rules/axe/4.10/label?application=axeAPI,"<input value=""0"" id=""b47b055a-7436-21b5-40a9-5708660fd145-star0"" checked="""" type=""radio"" name=""rating"" class=""visuallyhidden star0"">"
43,https://pika.clearviewlibrary.org/MyAccount/MyList/796?filter%5B%5D=collection_clearview%3A%22Juvenile+Non-Fiction%22&sort=title,Mindfulness for Kids | Clearview Library District,critical,label,Ensure every form element has a label,Form elements must have labels,https://dequeuniversity.com/rules/axe/4.10/label?application=axeAPI,"<input value=""0"" id=""563b85bd-3cb1-4972-611b-13b85a8b0abc-star0"" checked="""" type=""radio"" name=""rating"" class=""visuallyhidden star0"">"
43,https://pika.clearviewlibrary.org/MyAccount/MyList/796?filter%5B%5D=collection_clearview%3A%22Juvenile+Non-Fiction%22&sort=title,Mindfulness for Kids | Clearview Library District,critical,label,Ensure every form element has a label,Form elements must have labels,https://dequeuniversity.com/rules/axe/4.10/label?application=axeAPI,"<input value=""0"" id=""c1dd8cde-03e6-ddda-05d3-0837e6179b47-star0"" checked="""" type=""radio"" name=""rating"" class=""visuallyhidden star0"">"
43,https://pika.clearviewlibrary.org/MyAccount/MyList/796?filter%5B%5D=collection_clearview%3A%22Juvenile+Non-Fiction%22&sort=title,Mindfulness for Kids | Clearview Library District,critical,label,Ensure every form element has a label,Form elements must have labels,https://dequeuniversity.com/rules/axe/4.10/label?application=axeAPI,"<input value=""0"" id=""d6f3e85a-86de-b3b8-f7b7-d67b9e730105-star0"" checked="""" type=""radio"" name=""rating"" class=""visuallyhidden star0"">"
43,https://pika.clearviewlibrary.org/MyAccount/MyList/796?filter%5B%5D=collection_clearview%3A%22Juvenile+Non-Fiction%22&sort=title,Mindfulness for Kids | Clearview Library District,critical,label,Ensure every form element has a label,Form elements must have labels,https://dequeuniversity.com/rules/axe/4.10/label?application=axeAPI,"<input value=""0"" id=""d4facb66-0786-134e-a548-69a803f62a72-star0"" checked="""" type=""radio"" name=""rating"" class=""visuallyhidden star0"">"
43,https://pika.clearviewlibrary.org/MyAccount/MyList/796?filter%5B%5D=collection_clearview%3A%22Juvenile+Non-Fiction%22&sort=title,Mindfulness for Kids | Clearview Library District,critical,label,Ensure every form element has a label,Form elements must have labels,https://dequeuniversity.com/rules/axe/4.10/label?application=axeAPI,"<input value=""0"" id=""7531c7e2-92ad-cb5e-24f1-6ecf60d41285-star0"" checked="""" type=""radio"" name=""rating"" class=""visuallyhidden star0"">"
44,https://pika.clearviewlibrary.org/MyAccount/MyList/796?filter%5B%5D=collection_clearview%3A%22Picture+Book%22&sort=title,Mindfulness for Kids | Clearview Library District,critical,label,Ensure every form element has a label,Form elements must have labels,https://dequeuniversity.com/rules/axe/4.10/label?application=axeAPI,"<input value=""0"" id=""5d24e4b6-9b55-72ad-dbce-cd79f4879733-star0"" checked="""" type=""radio"" name=""rating"" class=""visuallyhidden star0"">"
44,https://pika.clearviewlibrary.org/MyAccount/MyList/796?filter%5B%5D=collection_clearview%3A%22Picture+Book%22&sort=title,Mindfulness for Kids | Clearview Library District,critical,label,Ensure every form element has a label,Form elements must have labels,https://dequeuniversity.com/rules/axe/4.10/label?application=axeAPI,"<input value=""0"" id=""03496b7f-9033-77f0-a45b-a5fd643516ef-star0"" checked="""" type=""radio"" name=""rating"" class=""visuallyhidden star0"">"
44,https://pika.clearviewlibrary.org/MyAccount/MyList/796?filter%5B%5D=collection_clearview%3A%22Picture+Book%22&sort=title,Mindfulness for Kids | Clearview Library District,critical,label,Ensure every form element has a label,Form elements must have labels,https://dequeuniversity.com/rules/axe/4.10/label?application=axeAPI,"<input value=""0"" id=""970510e1-9e63-da34-c89c-143dfbd89894-star0"" checked="""" type=""radio"" name=""rating"" class=""visuallyhidden star0"">"
44,https://pika.clearviewlibrary.org/MyAccount/MyList/796?filter%5B%5D=collection_clearview%3A%22Picture+Book%22&sort=title,Mindfulness for Kids | Clearview Library District,critical,label,Ensure every form element has a label,Form elements must have labels,https://dequeuniversity.com/rules/axe/4.10/label?application=axeAPI,"<input value=""0"" id=""7dba6289-1024-23bc-148f-f7c4ab47424f-star0"" checked="""" type=""radio"" name=""rating"" class=""visuallyhidden star0"">"
44,https://pika.clearviewlibrary.org/MyAccount/MyList/796?filter%5B%5D=collection_clearview%3A%22Picture+Book%22&sort=title,Mindfulness for Kids | Clearview Library District,critical,label,Ensure every form element has a label,Form elements must have labels,https://dequeuniversity.com/rules/axe/4.10/label?application=axeAPI,"<input value=""0"" id=""bbe7d1e0-f7fc-701d-4d39-3d6c33be76d3-star0"" checked="""" type=""radio"" name=""rating"" class=""visuallyhidden star0"">"
44,https://pika.clearviewlibrary.org/MyAccount/MyList/796?filter%5B%5D=collection_clearview%3A%22Picture+Book%22&sort=title,Mindfulness for Kids | Clearview Library District,critical,label,Ensure every form element has a label,Form elements must have labels,https://dequeuniversity.com/rules/axe/4.10/label?application=axeAPI,"<input value=""0"" id=""5030c86e-58cc-5922-4e3b-ec04333e0ad8-star0"" checked="""" type=""radio"" name=""rating"" class=""visuallyhidden star0"">"
44,https://pika.clearviewlibrary.org/MyAccount/MyList/796?filter%5B%5D=collection_clearview%3A%22Picture+Book%22&sort=title,Mindfulness for Kids | Clearview Library District,critical,label,Ensure every form element has a label,Form elements must have labels,https://dequeuniversity.com/rules/axe/4.10/label?application=axeAPI,"<input value=""0"" id=""315e22a0-0113-260a-fcb8-149a2aea16a1-star0"" checked="""" type=""radio"" name=""rating"" class=""visuallyhidden star0"">"
44,https://pika.clearviewlibrary.org/MyAccount/MyList/796?filter%5B%5D=collection_clearview%3A%22Picture+Book%22&sort=title,Mindfulness for Kids | Clearview Library District,critical,label,Ensure every form element has a label,Form elements must have labels,https://dequeuniversity.com/rules/axe/4.10/label?application=axeAPI,"<input value=""0"" id=""2e6c4084-5e4c-6311-22df-cef73bbe404b-star0"" checked="""" type=""radio"" name=""rating"" class=""visuallyhidden star0"">"
44,https://pika.clearviewlibrary.org/MyAccount/MyList/796?filter%5B%5D=collection_clearview%3A%22Picture+Book%22&sort=title,Mindfulness for Kids | Clearview Library District,critical,label,Ensure every form element has a label,Form elements must have labels,https://dequeuniversity.com/rules/axe/4.10/label?application=axeAPI,"<input value=""0"" id=""e371fa9f-d74f-5fd1-9f27-a729cb3e754e-star0"" checked="""" type=""radio"" name=""rating"" class=""visuallyhidden star0"">"
44,https://pika.clearviewlibrary.org/MyAccount/MyList/796?filter%5B%5D=collection_clearview%3A%22Picture+Book%22&sort=title,Mindfulness for Kids | Clearview Library District,critical,label,Ensure every form element has a label,Form elements must have labels,https://dequeuniversity.com/rules/axe/4.10/label?application=axeAPI,"<input value=""0"" id=""cf9474e9-f771-97b9-0bb6-0bbf62f18399-star0"" checked="""" type=""radio"" name=""rating"" class=""visuallyhidden star0"">"
44,https://pika.clearviewlibrary.org/MyAccount/MyList/796?filter%5B%5D=collection_clearview%3A%22Picture+Book%22&sort=title,Mindfulness for Kids | Clearview Library District,critical,label,Ensure every form element has a label,Form elements must have labels,https://dequeuniversity.com/rules/axe/4.10/label?application=axeAPI,"<input value=""0"" id=""5aa68932-5dc5-0c8e-1dc5-9364e13dbee8-star0"" checked="""" type=""radio"" name=""rating"" class=""visuallyhidden star0"">"
45,https://pika.clearviewlibrary.org/MyAccount/MyList/796?filter%5B%5D=collection_clearview%3A%22Board+Book%22&sort=title,Mindfulness for Kids | Clearview Library District,serious,aria-prohibited-attr,Ensure ARIA attributes are not prohibited for an element's role,Elements must only use permitted ARIA attributes,https://dequeuniversity.com/rules/axe/4.10/aria-prohibited-attr?application=axeAPI,"<div class=""col-xs-6 col-tn-offset-1 col-xs-offset-0"" title=""Callnumber"" aria-label=""Callnumber""><span class=""itemSummaryCallNumber notranslate""><strong></strong></span></div>"
45,https://pika.clearviewlibrary.org/MyAccount/MyList/796?filter%5B%5D=collection_clearview%3A%22Board+Book%22&sort=title,Mindfulness for Kids | Clearview Library District,critical,label,Ensure every form element has a label,Form elements must have labels,https://dequeuniversity.com/rules/axe/4.10/label?application=axeAPI,"<input value=""0"" id=""72eb6e6e-0160-b167-cd2c-746bf1726217-star0"" checked="""" type=""radio"" name=""rating"" class=""visuallyhidden star0"">"
46,https://pika.clearviewlibrary.org/MyAccount/MyList/796?filter%5B%5D=local_time_since_added_clearview%3A%22Year%22&sort=title,Mindfulness for Kids | Clearview Library District,critical,label,Ensure every form element has a label,Form elements must have labels,https://dequeuniversity.com/rules/axe/4.10/label?application=axeAPI,"<input value=""0"" id=""6f5ad08f-7213-a806-bdae-577c9d215490-star0"" checked="""" type=""radio"" name=""rating"" class=""visuallyhidden star0"">"
47,https://pika.clearviewlibrary.org/MyAccount/MyList/796?filter%5B%5D=local_time_since_added_clearview%3A%22Six+Months%22&sort=title,Mindfulness for Kids | Clearview Library District,critical,label,Ensure every form element has a label,Form elements must have labels,https://dequeuniversity.com/rules/axe/4.10/label?application=axeAPI,"<input value=""0"" id=""6f5ad08f-7213-a806-bdae-577c9d215490-star0"" checked="""" type=""radio"" name=""rating"" class=""visuallyhidden star0"">"
48,https://pika.clearviewlibrary.org/MyAccount/MyList/796?filter%5B%5D=target_audience%3A%22Juvenile%22&sort=title,Mindfulness for Kids | Clearview Library District,serious,aria-prohibited-attr,Ensure ARIA attributes are not prohibited for an element's role,Elements must only use permitted ARIA attributes,https://dequeuniversity.com/rules/axe/4.10/aria-prohibited-attr?application=axeAPI,"<div class=""col-xs-6 col-tn-offset-1 col-xs-offset-0"" title=""Callnumber"" aria-label=""Callnumber""><span class=""itemSummaryCallNumber notranslate""><strong></strong></span></div>"
48,https://pika.clearviewlibrary.org/MyAccount/MyList/796?filter%5B%5D=target_audience%3A%22Juvenile%22&sort=title,Mindfulness for Kids | Clearview Library District,critical,label,Ensure every form element has a label,Form elements must have labels,https://dequeuniversity.com/rules/axe/4.10/label?application=axeAPI,"<input value=""0"" id=""eb420ebf-5756-a9bc-e944-959f7ea16b72-star0"" checked="""" type=""radio"" name=""rating"" class=""visuallyhidden star0"">"
48,https://pika.clearviewlibrary.org/MyAccount/MyList/796?filter%5B%5D=target_audience%3A%22Juvenile%22&sort=title,Mindfulness for Kids | Clearview Library District,critical,label,Ensure every form element has a label,Form elements must have labels,https://dequeuniversity.com/rules/axe/4.10/label?application=axeAPI,"<input value=""0"" id=""bf0ea0f2-3ea3-ce0e-a3ee-0cdfb0c9741a-star0"" checked="""" type=""radio"" name=""rating"" class=""visuallyhidden star0"">"
48,https://pika.clearviewlibrary.org/MyAccount/MyList/796?filter%5B%5D=target_audience%3A%22Juvenile%22&sort=title,Mindfulness for Kids | Clearview Library District,critical,label,Ensure every form element has a label,Form elements must have labels,https://dequeuniversity.com/rules/axe/4.10/label?application=axeAPI,"<input value=""0"" id=""1e633656-bfd9-650a-07e1-13177b9610ca-star0"" checked="""" type=""radio"" name=""rating"" class=""visuallyhidden star0"">"
48,https://pika.clearviewlibrary.org/MyAccount/MyList/796?filter%5B%5D=target_audience%3A%22Juvenile%22&sort=title,Mindfulness for Kids | Clearview Library District,critical,label,Ensure every form element has a label,Form elements must have labels,https://dequeuniversity.com/rules/axe/4.10/label?application=axeAPI,"<input value=""0"" id=""6f5ad08f-7213-a806-bdae-577c9d215490-star0"" checked="""" type=""radio"" name=""rating"" class=""visuallyhidden star0"">"
48,https://pika.clearviewlibrary.org/MyAccount/MyList/796?filter%5B%5D=target_audience%3A%22Juvenile%22&sort=title,Mindfulness for Kids | Clearview Library District,critical,label,Ensure every form element has a label,Form elements must have labels,https://dequeuniversity.com/rules/axe/4.10/label?application=axeAPI,"<input value=""0"" id=""9a025959-7888-cdd6-0e99-2cedccd20285-star0"" checked="""" type=""radio"" name=""rating"" class=""visuallyhidden star0"">"
48,https://pika.clearviewlibrary.org/MyAccount/MyList/796?filter%5B%5D=target_audience%3A%22Juvenile%22&sort=title,Mindfulness for Kids | Clearview Library District,critical,label,Ensure every form element has a label,Form elements must have labels,https://dequeuniversity.com/rules/axe/4.10/label?application=axeAPI,"<input value=""0"" id=""66f2e75d-20d7-4be8-79b0-c522f7db805f-star0"" checked="""" type=""radio"" name=""rating"" class=""visuallyhidden star0"">"
48,https://pika.clearviewlibrary.org/MyAccount/MyList/796?filter%5B%5D=target_audience%3A%22Juvenile%22&sort=title,Mindfulness for Kids | Clearview Library District,critical,label,Ensure every form element has a label,Form elements must have labels,https://dequeuniversity.com/rules/axe/4.10/label?application=axeAPI,"<input value=""0"" id=""5d24e4b6-9b55-72ad-dbce-cd79f4879733-star0"" checked="""" type=""radio"" name=""rating"" class=""visuallyhidden star0"">"
48,https://pika.clearviewlibrary.org/MyAccount/MyList/796?filter%5B%5D=target_audience%3A%22Juvenile%22&sort=title,Mindfulness for Kids | Clearview Library District,critical,label,Ensure every form element has a label,Form elements must have labels,https://dequeuniversity.com/rules/axe/4.10/label?application=axeAPI,"<input value=""0"" id=""7ad685ce-05bc-af8c-8fe4-244b518fa661-star0"" checked="""" type=""radio"" name=""rating"" class=""visuallyhidden star0"">"
48,https://pika.clearviewlibrary.org/MyAccount/MyList/796?filter%5B%5D=target_audience%3A%22Juvenile%22&sort=title,Mindfulness for Kids | Clearview Library District,critical,label,Ensure every form element has a label,Form elements must have labels,https://dequeuniversity.com/rules/axe/4.10/label?application=axeAPI,"<input value=""0"" id=""f5c85a05-ec07-dc8e-3645-67c5cdd24136-star0"" checked="""" type=""radio"" name=""rating"" class=""visuallyhidden star0"">"
48,https://pika.clearviewlibrary.org/MyAccount/MyList/796?filter%5B%5D=target_audience%3A%22Juvenile%22&sort=title,Mindfulness for Kids | Clearview Library District,critical,label,Ensure every form element has a label,Form elements must have labels,https://dequeuniversity.com/rules/axe/4.10/label?application=axeAPI,"<input value=""0"" id=""1e6ff318-9a7e-f9fa-514a-5f0cdaa32189-star0"" checked="""" type=""radio"" name=""rating"" class=""visuallyhidden star0"">"
48,https://pika.clearviewlibrary.org/MyAccount/MyList/796?filter%5B%5D=target_audience%3A%22Juvenile%22&sort=title,Mindfulness for Kids | Clearview Library District,critical,label,Ensure every form element has a label,Form elements must have labels,https://dequeuniversity.com/rules/axe/4.10/label?application=axeAPI,"<input value=""0"" id=""7f5e0168-c81f-a27f-2894-43ae2f2cf255-star0"" checked="""" type=""radio"" name=""rating"" class=""visuallyhidden star0"">"
48,https://pika.clearviewlibrary.org/MyAccount/MyList/796?filter%5B%5D=target_audience%3A%22Juvenile%22&sort=title,Mindfulness for Kids | Clearview Library District,critical,label,Ensure every form element has a label,Form elements must have labels,https://dequeuniversity.com/rules/axe/4.10/label?application=axeAPI,"<input value=""0"" id=""03496b7f-9033-77f0-a45b-a5fd643516ef-star0"" checked="""" type=""radio"" name=""rating"" class=""visuallyhidden star0"">"
48,https://pika.clearviewlibrary.org/MyAccount/MyList/796?filter%5B%5D=target_audience%3A%22Juvenile%22&sort=title,Mindfulness for Kids | Clearview Library District,critical,label,Ensure every form element has a label,Form elements must have labels,https://dequeuniversity.com/rules/axe/4.10/label?application=axeAPI,"<input value=""0"" id=""970510e1-9e63-da34-c89c-143dfbd89894-star0"" checked="""" type=""radio"" name=""rating"" class=""visuallyhidden star0"">"
48,https://pika.clearviewlibrary.org/MyAccount/MyList/796?filter%5B%5D=target_audience%3A%22Juvenile%22&sort=title,Mindfulness for Kids | Clearview Library District,critical,label,Ensure every form element has a label,Form elements must have labels,https://dequeuniversity.com/rules/axe/4.10/label?application=axeAPI,"<input value=""0"" id=""7dba6289-1024-23bc-148f-f7c4ab47424f-star0"" checked="""" type=""radio"" name=""rating"" class=""visuallyhidden star0"">"
48,https://pika.clearviewlibrary.org/MyAccount/MyList/796?filter%5B%5D=target_audience%3A%22Juvenile%22&sort=title,Mindfulness for Kids | Clearview Library District,critical,label,Ensure every form element has a label,Form elements must have labels,https://dequeuniversity.com/rules/axe/4.10/label?application=axeAPI,"<input value=""0"" id=""51d7b0a1-303d-757a-ddc6-f6acb99bc52b-star0"" checked="""" type=""radio"" name=""rating"" class=""visuallyhidden star0"">"
48,https://pika.clearviewlibrary.org/MyAccount/MyList/796?filter%5B%5D=target_audience%3A%22Juvenile%22&sort=title,Mindfulness for Kids | Clearview Library District,critical,label,Ensure every form element has a label,Form elements must have labels,https://dequeuniversity.com/rules/axe/4.10/label?application=axeAPI,"<input value=""0"" id=""bd3881e0-a328-4a45-186a-2ebb25dbcd5d-star0"" checked="""" type=""radio"" name=""rating"" class=""visuallyhidden star0"">"
48,https://pika.clearviewlibrary.org/MyAccount/MyList/796?filter%5B%5D=target_audience%3A%22Juvenile%22&sort=title,Mindfulness for Kids | Clearview Library District,critical,label,Ensure every form element has a label,Form elements must have labels,https://dequeuniversity.com/rules/axe/4.10/label?application=axeAPI,"<input value=""0"" id=""72eb6e6e-0160-b167-cd2c-746bf1726217-star0"" checked="""" type=""radio"" name=""rating"" class=""visuallyhidden star0"">"
48,https://pika.clearviewlibrary.org/MyAccount/MyList/796?filter%5B%5D=target_audience%3A%22Juvenile%22&sort=title,Mindfulness for Kids | Clearview Library District,critical,label,Ensure every form element has a label,Form elements must have labels,https://dequeuniversity.com/rules/axe/4.10/label?application=axeAPI,"<input value=""0"" id=""4a3b811f-ccd6-950b-eab9-5189986d9ad5-star0"" checked="""" type=""radio"" name=""rating"" class=""visuallyhidden star0"">"
48,https://pika.clearviewlibrary.org/MyAccount/MyList/796?filter%5B%5D=target_audience%3A%22Juvenile%22&sort=title,Mindfulness for Kids | Clearview Library District,critical,label,Ensure every form element has a label,Form elements must have labels,https://dequeuniversity.com/rules/axe/4.10/label?application=axeAPI,"<input value=""0"" id=""bbe7d1e0-f7fc-701d-4d39-3d6c33be76d3-star0"" checked="""" type=""radio"" name=""rating"" class=""visuallyhidden star0"">"
48,https://pika.clearviewlibrary.org/MyAccount/MyList/796?filter%5B%5D=target_audience%3A%22Juvenile%22&sort=title,Mindfulness for Kids | Clearview Library District,critical,label,Ensure every form element has a label,Form elements must have labels,https://dequeuniversity.com/rules/axe/4.10/label?application=axeAPI,"<input value=""0"" id=""5030c86e-58cc-5922-4e3b-ec04333e0ad8-star0"" checked="""" type=""radio"" name=""rating"" class=""visuallyhidden star0"">"
49,https://pika.clearviewlibrary.org/MyAccount/MyList/796?filter%5B%5D=literary_form_full%3A%22Non+Fiction%22&sort=title,Mindfulness for Kids | Clearview Library District,critical,label,Ensure every form element has a label,Form elements must have labels,https://dequeuniversity.com/rules/axe/4.10/label?application=axeAPI,"<input value=""0"" id=""eb420ebf-5756-a9bc-e944-959f7ea16b72-star0"" checked="""" type=""radio"" name=""rating"" class=""visuallyhidden star0"">"
49,https://pika.clearviewlibrary.org/MyAccount/MyList/796?filter%5B%5D=literary_form_full%3A%22Non+Fiction%22&sort=title,Mindfulness for Kids | Clearview Library District,critical,label,Ensure every form element has a label,Form elements must have labels,https://dequeuniversity.com/rules/axe/4.10/label?application=axeAPI,"<input value=""0"" id=""bf0ea0f2-3ea3-ce0e-a3ee-0cdfb0c9741a-star0"" checked="""" type=""radio"" name=""rating"" class=""visuallyhidden star0"">"
49,https://pika.clearviewlibrary.org/MyAccount/MyList/796?filter%5B%5D=literary_form_full%3A%22Non+Fiction%22&sort=title,Mindfulness for Kids | Clearview Library District,critical,label,Ensure every form element has a label,Form elements must have labels,https://dequeuniversity.com/rules/axe/4.10/label?application=axeAPI,"<input value=""0"" id=""1e633656-bfd9-650a-07e1-13177b9610ca-star0"" checked="""" type=""radio"" name=""rating"" class=""visuallyhidden star0"">"
49,https://pika.clearviewlibrary.org/MyAccount/MyList/796?filter%5B%5D=literary_form_full%3A%22Non+Fiction%22&sort=title,Mindfulness for Kids | Clearview Library District,critical,label,Ensure every form element has a label,Form elements must have labels,https://dequeuniversity.com/rules/axe/4.10/label?application=axeAPI,"<input value=""0"" id=""9a025959-7888-cdd6-0e99-2cedccd20285-star0"" checked="""" type=""radio"" name=""rating"" class=""visuallyhidden star0"">"
49,https://pika.clearviewlibrary.org/MyAccount/MyList/796?filter%5B%5D=literary_form_full%3A%22Non+Fiction%22&sort=title,Mindfulness for Kids | Clearview Library District,critical,label,Ensure every form element has a label,Form elements must have labels,https://dequeuniversity.com/rules/axe/4.10/label?application=axeAPI,"<input value=""0"" id=""66f2e75d-20d7-4be8-79b0-c522f7db805f-star0"" checked="""" type=""radio"" name=""rating"" class=""visuallyhidden star0"">"
49,https://pika.clearviewlibrary.org/MyAccount/MyList/796?filter%5B%5D=literary_form_full%3A%22Non+Fiction%22&sort=title,Mindfulness for Kids | Clearview Library District,critical,label,Ensure every form element has a label,Form elements must have labels,https://dequeuniversity.com/rules/axe/4.10/label?application=axeAPI,"<input value=""0"" id=""7ad685ce-05bc-af8c-8fe4-244b518fa661-star0"" checked="""" type=""radio"" name=""rating"" class=""visuallyhidden star0"">"
49,https://pika.clearviewlibrary.org/MyAccount/MyList/796?filter%5B%5D=literary_form_full%3A%22Non+Fiction%22&sort=title,Mindfulness for Kids | Clearview Library District,critical,label,Ensure every form element has a label,Form elements must have labels,https://dequeuniversity.com/rules/axe/4.10/label?application=axeAPI,"<input value=""0"" id=""f5c85a05-ec07-dc8e-3645-67c5cdd24136-star0"" checked="""" type=""radio"" name=""rating"" class=""visuallyhidden star0"">"
49,https://pika.clearviewlibrary.org/MyAccount/MyList/796?filter%5B%5D=literary_form_full%3A%22Non+Fiction%22&sort=title,Mindfulness for Kids | Clearview Library District,critical,label,Ensure every form element has a label,Form elements must have labels,https://dequeuniversity.com/rules/axe/4.10/label?application=axeAPI,"<input value=""0"" id=""1e6ff318-9a7e-f9fa-514a-5f0cdaa32189-star0"" checked="""" type=""radio"" name=""rating"" class=""visuallyhidden star0"">"
49,https://pika.clearviewlibrary.org/MyAccount/MyList/796?filter%5B%5D=literary_form_full%3A%22Non+Fiction%22&sort=title,Mindfulness for Kids | Clearview Library District,critical,label,Ensure every form element has a label,Form elements must have labels,https://dequeuniversity.com/rules/axe/4.10/label?application=axeAPI,"<input value=""0"" id=""7f5e0168-c81f-a27f-2894-43ae2f2cf255-star0"" checked="""" type=""radio"" name=""rating"" class=""visuallyhidden star0"">"
49,https://pika.clearviewlibrary.org/MyAccount/MyList/796?filter%5B%5D=literary_form_full%3A%22Non+Fiction%22&sort=title,Mindfulness for Kids | Clearview Library District,critical,label,Ensure every form element has a label,Form elements must have labels,https://dequeuniversity.com/rules/axe/4.10/label?application=axeAPI,"<input value=""0"" id=""bd3881e0-a328-4a45-186a-2ebb25dbcd5d-star0"" checked="""" type=""radio"" name=""rating"" class=""visuallyhidden star0"">"
49,https://pika.clearviewlibrary.org/MyAccount/MyList/796?filter%5B%5D=literary_form_full%3A%22Non+Fiction%22&sort=title,Mindfulness for Kids | Clearview Library District,critical,label,Ensure every form element has a label,Form elements must have labels,https://dequeuniversity.com/rules/axe/4.10/label?application=axeAPI,"<input value=""0"" id=""4a3b811f-ccd6-950b-eab9-5189986d9ad5-star0"" checked="""" type=""radio"" name=""rating"" class=""visuallyhidden star0"">"
49,https://pika.clearviewlibrary.org/MyAccount/MyList/796?filter%5B%5D=literary_form_full%3A%22Non+Fiction%22&sort=title,Mindfulness for Kids | Clearview Library District,critical,label,Ensure every form element has a label,Form elements must have labels,https://dequeuniversity.com/rules/axe/4.10/label?application=axeAPI,"<input value=""0"" id=""31eeef3e-b784-e1e7-5f62-11e4cef9c96b-star0"" checked="""" type=""radio"" name=""rating"" class=""visuallyhidden star0"">"
49,https://pika.clearviewlibrary.org/MyAccount/MyList/796?filter%5B%5D=literary_form_full%3A%22Non+Fiction%22&sort=title,Mindfulness for Kids | Clearview Library District,critical,label,Ensure every form element has a label,Form elements must have labels,https://dequeuniversity.com/rules/axe/4.10/label?application=axeAPI,"<input value=""0"" id=""b47b055a-7436-21b5-40a9-5708660fd145-star0"" checked="""" type=""radio"" name=""rating"" class=""visuallyhidden star0"">"
49,https://pika.clearviewlibrary.org/MyAccount/MyList/796?filter%5B%5D=literary_form_full%3A%22Non+Fiction%22&sort=title,Mindfulness for Kids | Clearview Library District,critical,label,Ensure every form element has a label,Form elements must have labels,https://dequeuniversity.com/rules/axe/4.10/label?application=axeAPI,"<input value=""0"" id=""563b85bd-3cb1-4972-611b-13b85a8b0abc-star0"" checked="""" type=""radio"" name=""rating"" class=""visuallyhidden star0"">"
49,https://pika.clearviewlibrary.org/MyAccount/MyList/796?filter%5B%5D=literary_form_full%3A%22Non+Fiction%22&sort=title,Mindfulness for Kids | Clearview Library District,critical,label,Ensure every form element has a label,Form elements must have labels,https://dequeuniversity.com/rules/axe/4.10/label?application=axeAPI,"<input value=""0"" id=""c1dd8cde-03e6-ddda-05d3-0837e6179b47-star0"" checked="""" type=""radio"" name=""rating"" class=""visuallyhidden star0"">"
49,https://pika.clearviewlibrary.org/MyAccount/MyList/796?filter%5B%5D=literary_form_full%3A%22Non+Fiction%22&sort=title,Mindfulness for Kids | Clearview Library District,critical,label,Ensure every form element has a label,Form elements must have labels,https://dequeuniversity.com/rules/axe/4.10/label?application=axeAPI,"<input value=""0"" id=""d6f3e85a-86de-b3b8-f7b7-d67b9e730105-star0"" checked="""" type=""radio"" name=""rating"" class=""visuallyhidden star0"">"
49,https://pika.clearviewlibrary.org/MyAccount/MyList/796?filter%5B%5D=literary_form_full%3A%22Non+Fiction%22&sort=title,Mindfulness for Kids | Clearview Library District,critical,label,Ensure every form element has a label,Form elements must have labels,https://dequeuniversity.com/rules/axe/4.10/label?application=axeAPI,"<input value=""0"" id=""315e22a0-0113-260a-fcb8-149a2aea16a1-star0"" checked="""" type=""radio"" name=""rating"" class=""visuallyhidden star0"">"
49,https://pika.clearviewlibrary.org/MyAccount/MyList/796?filter%5B%5D=literary_form_full%3A%22Non+Fiction%22&sort=title,Mindfulness for Kids | Clearview Library District,critical,label,Ensure every form element has a label,Form elements must have labels,https://dequeuniversity.com/rules/axe/4.10/label?application=axeAPI,"<input value=""0"" id=""2e6c4084-5e4c-6311-22df-cef73bbe404b-star0"" checked="""" type=""radio"" name=""rating"" class=""visuallyhidden star0"">"
49,https://pika.clearviewlibrary.org/MyAccount/MyList/796?filter%5B%5D=literary_form_full%3A%22Non+Fiction%22&sort=title,Mindfulness for Kids | Clearview Library District,critical,label,Ensure every form element has a label,Form elements must have labels,https://dequeuniversity.com/rules/axe/4.10/label?application=axeAPI,"<input value=""0"" id=""7531c7e2-92ad-cb5e-24f1-6ecf60d41285-star0"" checked="""" type=""radio"" name=""rating"" class=""visuallyhidden star0"">"
49,https://pika.clearviewlibrary.org/MyAccount/MyList/796?filter%5B%5D=literary_form_full%3A%22Non+Fiction%22&sort=title,Mindfulness for Kids | Clearview Library District,critical,label,Ensure every form element has a label,Form elements must have labels,https://dequeuniversity.com/rules/axe/4.10/label?application=axeAPI,"<input value=""0"" id=""d1f3e9e6-c1f3-2bae-e0bd-51a167ab232c-star0"" checked="""" type=""radio"" name=""rating"" class=""visuallyhidden star0"">"
5,https://pika.clearviewlibrary.org/AJAX/JSON?method=getHoursAndLocations,,serious,document-title,Ensure each HTML document contains a non-empty <title> element,Documents must have <title> element to aid in navigation,https://dequeuniversity.com/rules/axe/4.10/document-title?application=axeAPI,<html>
5,https://pika.clearviewlibrary.org/AJAX/JSON?method=getHoursAndLocations,,serious,html-has-lang,Ensure every HTML document has a lang attribute,<html> element must have a lang attribute,https://dequeuniversity.com/rules/axe/4.10/html-has-lang?application=axeAPI,<html>
5,https://pika.clearviewlibrary.org/AJAX/JSON?method=getHoursAndLocations,,moderate,landmark-one-main,Ensure the document has a main landmark,Document should have one main landmark,https://dequeuniversity.com/rules/axe/4.10/landmark-one-main?application=axeAPI,<html>
5,https://pika.clearviewlibrary.org/AJAX/JSON?method=getHoursAndLocations,,moderate,page-has-heading-one,"Ensure that the page, or at least one of its frames contains a level-one heading",Page should contain a level-one heading,https://dequeuniversity.com/rules/axe/4.10/page-has-heading-one?application=axeAPI,<html>
5,https://pika.clearviewlibrary.org/AJAX/JSON?method=getHoursAndLocations,,moderate,region,Ensure all page content is contained by landmarks,All page content should be contained by landmarks,https://dequeuniversity.com/rules/axe/4.10/region?application=axeAPI,<form>
5,https://pika.clearviewlibrary.org/AJAX/JSON?method=getHoursAndLocations,,moderate,region,Ensure all page content is contained by landmarks,All page content should be contained by landmarks,https://dequeuniversity.com/rules/axe/4.10/region?application=axeAPI,"<div class=""locationInfo container"" id=""locationAddress2"">"
50,https://pika.clearviewlibrary.org/MyAccount/MyList/796?filter%5B%5D=literary_form_full%3A%22Fiction%22&sort=title,Mindfulness for Kids | Clearview Library District,serious,aria-prohibited-attr,Ensure ARIA attributes are not prohibited for an element's role,Elements must only use permitted ARIA attributes,https://dequeuniversity.com/rules/axe/4.10/aria-prohibited-attr?application=axeAPI,"<div class=""col-xs-6 col-tn-offset-1 col-xs-offset-0"" title=""Callnumber"" aria-label=""Callnumber""><span class=""itemSummaryCallNumber notranslate""><strong></strong></span></div>"
50,https://pika.clearviewlibrary.org/MyAccount/MyList/796?filter%5B%5D=literary_form_full%3A%22Fiction%22&sort=title,Mindfulness for Kids | Clearview Library District,critical,label,Ensure every form element has a label,Form elements must have labels,https://dequeuniversity.com/rules/axe/4.10/label?application=axeAPI,"<input value=""0"" id=""5d24e4b6-9b55-72ad-dbce-cd79f4879733-star0"" checked="""" type=""radio"" name=""rating"" class=""visuallyhidden star0"">"
50,https://pika.clearviewlibrary.org/MyAccount/MyList/796?filter%5B%5D=literary_form_full%3A%22Fiction%22&sort=title,Mindfulness for Kids | Clearview Library District,critical,label,Ensure every form element has a label,Form elements must have labels,https://dequeuniversity.com/rules/axe/4.10/label?application=axeAPI,"<input value=""0"" id=""03496b7f-9033-77f0-a45b-a5fd643516ef-star0"" checked="""" type=""radio"" name=""rating"" class=""visuallyhidden star0"">"
50,https://pika.clearviewlibrary.org/MyAccount/MyList/796?filter%5B%5D=literary_form_full%3A%22Fiction%22&sort=title,Mindfulness for Kids | Clearview Library District,critical,label,Ensure every form element has a label,Form elements must have labels,https://dequeuniversity.com/rules/axe/4.10/label?application=axeAPI,"<input value=""0"" id=""970510e1-9e63-da34-c89c-143dfbd89894-star0"" checked="""" type=""radio"" name=""rating"" class=""visuallyhidden star0"">"
50,https://pika.clearviewlibrary.org/MyAccount/MyList/796?filter%5B%5D=literary_form_full%3A%22Fiction%22&sort=title,Mindfulness for Kids | Clearview Library District,critical,label,Ensure every form element has a label,Form elements must have labels,https://dequeuniversity.com/rules/axe/4.10/label?application=axeAPI,"<input value=""0"" id=""7dba6289-1024-23bc-148f-f7c4ab47424f-star0"" checked="""" type=""radio"" name=""rating"" class=""visuallyhidden star0"">"
50,https://pika.clearviewlibrary.org/MyAccount/MyList/796?filter%5B%5D=literary_form_full%3A%22Fiction%22&sort=title,Mindfulness for Kids | Clearview Library District,critical,label,Ensure every form element has a label,Form elements must have labels,https://dequeuniversity.com/rules/axe/4.10/label?application=axeAPI,"<input value=""0"" id=""51d7b0a1-303d-757a-ddc6-f6acb99bc52b-star0"" checked="""" type=""radio"" name=""rating"" class=""visuallyhidden star0"">"
50,https://pika.clearviewlibrary.org/MyAccount/MyList/796?filter%5B%5D=literary_form_full%3A%22Fiction%22&sort=title,Mindfulness for Kids | Clearview Library District,critical,label,Ensure every form element has a label,Form elements must have labels,https://dequeuniversity.com/rules/axe/4.10/label?application=axeAPI,"<input value=""0"" id=""72eb6e6e-0160-b167-cd2c-746bf1726217-star0"" checked="""" type=""radio"" name=""rating"" class=""visuallyhidden star0"">"
50,https://pika.clearviewlibrary.org/MyAccount/MyList/796?filter%5B%5D=literary_form_full%3A%22Fiction%22&sort=title,Mindfulness for Kids | Clearview Library District,critical,label,Ensure every form element has a label,Form elements must have labels,https://dequeuniversity.com/rules/axe/4.10/label?application=axeAPI,"<input value=""0"" id=""bbe7d1e0-f7fc-701d-4d39-3d6c33be76d3-star0"" checked="""" type=""radio"" name=""rating"" class=""visuallyhidden star0"">"
50,https://pika.clearviewlibrary.org/MyAccount/MyList/796?filter%5B%5D=literary_form_full%3A%22Fiction%22&sort=title,Mindfulness for Kids | Clearview Library District,critical,label,Ensure every form element has a label,Form elements must have labels,https://dequeuniversity.com/rules/axe/4.10/label?application=axeAPI,"<input value=""0"" id=""5030c86e-58cc-5922-4e3b-ec04333e0ad8-star0"" checked="""" type=""radio"" name=""rating"" class=""visuallyhidden star0"">"
50,https://pika.clearviewlibrary.org/MyAccount/MyList/796?filter%5B%5D=literary_form_full%3A%22Fiction%22&sort=title,Mindfulness for Kids | Clearview Library District,critical,label,Ensure every form element has a label,Form elements must have labels,https://dequeuniversity.com/rules/axe/4.10/label?application=axeAPI,"<input value=""0"" id=""3af051c6-cb8e-d47e-5ec4-67ab76cc0fb9-star0"" checked="""" type=""radio"" name=""rating"" class=""visuallyhidden star0"">"
50,https://pika.clearviewlibrary.org/MyAccount/MyList/796?filter%5B%5D=literary_form_full%3A%22Fiction%22&sort=title,Mindfulness for Kids | Clearview Library District,critical,label,Ensure every form element has a label,Form elements must have labels,https://dequeuniversity.com/rules/axe/4.10/label?application=axeAPI,"<input value=""0"" id=""e371fa9f-d74f-5fd1-9f27-a729cb3e754e-star0"" checked="""" type=""radio"" name=""rating"" class=""visuallyhidden star0"">"
50,https://pika.clearviewlibrary.org/MyAccount/MyList/796?filter%5B%5D=literary_form_full%3A%22Fiction%22&sort=title,Mindfulness for Kids | Clearview Library District,critical,label,Ensure every form element has a label,Form elements must have labels,https://dequeuniversity.com/rules/axe/4.10/label?application=axeAPI,"<input value=""0"" id=""cf9474e9-f771-97b9-0bb6-0bbf62f18399-star0"" checked="""" type=""radio"" name=""rating"" class=""visuallyhidden star0"">"
6,https://pika.clearviewlibrary.org/MyAccount/MyList/796,Mindfulness for Kids | Clearview Library District,serious,aria-prohibited-attr,Ensure ARIA attributes are not prohibited for an element's role,Elements must only use permitted ARIA attributes,https://dequeuniversity.com/rules/axe/4.10/aria-prohibited-attr?application=axeAPI,"<div class=""col-xs-6 col-tn-offset-1 col-xs-offset-0"" title=""Callnumber"" aria-label=""Callnumber""><span class=""itemSummaryCallNumber notranslate""><strong></strong></span></div>"
6,https://pika.clearviewlibrary.org/MyAccount/MyList/796,Mindfulness for Kids | Clearview Library District,critical,label,Ensure every form element has a label,Form elements must have labels,https://dequeuniversity.com/rules/axe/4.10/label?application=axeAPI,"<input value=""0"" id=""eb420ebf-5756-a9bc-e944-959f7ea16b72-star0"" checked="""" type=""radio"" name=""rating"" class=""visuallyhidden star0"">"
6,https://pika.clearviewlibrary.org/MyAccount/MyList/796,Mindfulness for Kids | Clearview Library District,critical,label,Ensure every form element has a label,Form elements must have labels,https://dequeuniversity.com/rules/axe/4.10/label?application=axeAPI,"<input value=""0"" id=""bf0ea0f2-3ea3-ce0e-a3ee-0cdfb0c9741a-star0"" checked="""" type=""radio"" name=""rating"" class=""visuallyhidden star0"">"
6,https://pika.clearviewlibrary.org/MyAccount/MyList/796,Mindfulness for Kids | Clearview Library District,critical,label,Ensure every form element has a label,Form elements must have labels,https://dequeuniversity.com/rules/axe/4.10/label?application=axeAPI,"<input value=""0"" id=""1e633656-bfd9-650a-07e1-13177b9610ca-star0"" checked="""" type=""radio"" name=""rating"" class=""visuallyhidden star0"">"
6,https://pika.clearviewlibrary.org/MyAccount/MyList/796,Mindfulness for Kids | Clearview Library District,critical,label,Ensure every form element has a label,Form elements must have labels,https://dequeuniversity.com/rules/axe/4.10/label?application=axeAPI,"<input value=""0"" id=""6f5ad08f-7213-a806-bdae-577c9d215490-star0"" checked="""" type=""radio"" name=""rating"" class=""visuallyhidden star0"">"
6,https://pika.clearviewlibrary.org/MyAccount/MyList/796,Mindfulness for Kids | Clearview Library District,critical,label,Ensure every form element has a label,Form elements must have labels,https://dequeuniversity.com/rules/axe/4.10/label?application=axeAPI,"<input value=""0"" id=""9a025959-7888-cdd6-0e99-2cedccd20285-star0"" checked="""" type=""radio"" name=""rating"" class=""visuallyhidden star0"">"
6,https://pika.clearviewlibrary.org/MyAccount/MyList/796,Mindfulness for Kids | Clearview Library District,critical,label,Ensure every form element has a label,Form elements must have labels,https://dequeuniversity.com/rules/axe/4.10/label?application=axeAPI,"<input value=""0"" id=""66f2e75d-20d7-4be8-79b0-c522f7db805f-star0"" checked="""" type=""radio"" name=""rating"" class=""visuallyhidden star0"">"
6,https://pika.clearviewlibrary.org/MyAccount/MyList/796,Mindfulness for Kids | Clearview Library District,critical,label,Ensure every form element has a label,Form elements must have labels,https://dequeuniversity.com/rules/axe/4.10/label?application=axeAPI,"<input value=""0"" id=""5d24e4b6-9b55-72ad-dbce-cd79f4879733-star0"" checked="""" type=""radio"" name=""rating"" class=""visuallyhidden star0"">"
6,https://pika.clearviewlibrary.org/MyAccount/MyList/796,Mindfulness for Kids | Clearview Library District,critical,label,Ensure every form element has a label,Form elements must have labels,https://dequeuniversity.com/rules/axe/4.10/label?application=axeAPI,"<input value=""0"" id=""7ad685ce-05bc-af8c-8fe4-244b518fa661-star0"" checked="""" type=""radio"" name=""rating"" class=""visuallyhidden star0"">"
6,https://pika.clearviewlibrary.org/MyAccount/MyList/796,Mindfulness for Kids | Clearview Library District,critical,label,Ensure every form element has a label,Form elements must have labels,https://dequeuniversity.com/rules/axe/4.10/label?application=axeAPI,"<input value=""0"" id=""f5c85a05-ec07-dc8e-3645-67c5cdd24136-star0"" checked="""" type=""radio"" name=""rating"" class=""visuallyhidden star0"">"
6,https://pika.clearviewlibrary.org/MyAccount/MyList/796,Mindfulness for Kids | Clearview Library District,critical,label,Ensure every form element has a label,Form elements must have labels,https://dequeuniversity.com/rules/axe/4.10/label?application=axeAPI,"<input value=""0"" id=""1e6ff318-9a7e-f9fa-514a-5f0cdaa32189-star0"" checked="""" type=""radio"" name=""rating"" class=""visuallyhidden star0"">"
6,https://pika.clearviewlibrary.org/MyAccount/MyList/796,Mindfulness for Kids | Clearview Library District,critical,label,Ensure every form element has a label,Form elements must have labels,https://dequeuniversity.com/rules/axe/4.10/label?application=axeAPI,"<input value=""0"" id=""7f5e0168-c81f-a27f-2894-43ae2f2cf255-star0"" checked="""" type=""radio"" name=""rating"" class=""visuallyhidden star0"">"
6,https://pika.clearviewlibrary.org/MyAccount/MyList/796,Mindfulness for Kids | Clearview Library District,critical,label,Ensure every form element has a label,Form elements must have labels,https://dequeuniversity.com/rules/axe/4.10/label?application=axeAPI,"<input value=""0"" id=""03496b7f-9033-77f0-a45b-a5fd643516ef-star0"" checked="""" type=""radio"" name=""rating"" class=""visuallyhidden star0"">"
6,https://pika.clearviewlibrary.org/MyAccount/MyList/796,Mindfulness for Kids | Clearview Library District,critical,label,Ensure every form element has a label,Form elements must have labels,https://dequeuniversity.com/rules/axe/4.10/label?application=axeAPI,"<input value=""0"" id=""970510e1-9e63-da34-c89c-143dfbd89894-star0"" checked="""" type=""radio"" name=""rating"" class=""visuallyhidden star0"">"
6,https://pika.clearviewlibrary.org/MyAccount/MyList/796,Mindfulness for Kids | Clearview Library District,critical,label,Ensure every form element has a label,Form elements must have labels,https://dequeuniversity.com/rules/axe/4.10/label?application=axeAPI,"<input value=""0"" id=""7dba6289-1024-23bc-148f-f7c4ab47424f-star0"" checked="""" type=""radio"" name=""rating"" class=""visuallyhidden star0"">"
6,https://pika.clearviewlibrary.org/MyAccount/MyList/796,Mindfulness for Kids | Clearview Library District,critical,label,Ensure every form element has a label,Form elements must have labels,https://dequeuniversity.com/rules/axe/4.10/label?application=axeAPI,"<input value=""0"" id=""51d7b0a1-303d-757a-ddc6-f6acb99bc52b-star0"" checked="""" type=""radio"" name=""rating"" class=""visuallyhidden star0"">"
6,https://pika.clearviewlibrary.org/MyAccount/MyList/796,Mindfulness for Kids | Clearview Library District,critical,label,Ensure every form element has a label,Form elements must have labels,https://dequeuniversity.com/rules/axe/4.10/label?application=axeAPI,"<input value=""0"" id=""bd3881e0-a328-4a45-186a-2ebb25dbcd5d-star0"" checked="""" type=""radio"" name=""rating"" class=""visuallyhidden star0"">"
6,https://pika.clearviewlibrary.org/MyAccount/MyList/796,Mindfulness for Kids | Clearview Library District,critical,label,Ensure every form element has a label,Form elements must have labels,https://dequeuniversity.com/rules/axe/4.10/label?application=axeAPI,"<input value=""0"" id=""72eb6e6e-0160-b167-cd2c-746bf1726217-star0"" checked="""" type=""radio"" name=""rating"" class=""visuallyhidden star0"">"
6,https://pika.clearviewlibrary.org/MyAccount/MyList/796,Mindfulness for Kids | Clearview Library District,critical,label,Ensure every form element has a label,Form elements must have labels,https://dequeuniversity.com/rules/axe/4.10/label?application=axeAPI,"<input value=""0"" id=""4a3b811f-ccd6-950b-eab9-5189986d9ad5-star0"" checked="""" type=""radio"" name=""rating"" class=""visuallyhidden star0"">"
6,https://pika.clearviewlibrary.org/MyAccount/MyList/796,Mindfulness for Kids | Clearview Library District,critical,label,Ensure every form element has a label,Form elements must have labels,https://dequeuniversity.com/rules/axe/4.10/label?application=axeAPI,"<input value=""0"" id=""bbe7d1e0-f7fc-701d-4d39-3d6c33be76d3-star0"" checked="""" type=""radio"" name=""rating"" class=""visuallyhidden star0"">"
6,https://pika.clearviewlibrary.org/MyAccount/MyList/796,Mindfulness for Kids | Clearview Library District,critical,label,Ensure every form element has a label,Form elements must have labels,https://dequeuniversity.com/rules/axe/4.10/label?application=axeAPI,"<input value=""0"" id=""5030c86e-58cc-5922-4e3b-ec04333e0ad8-star0"" checked="""" type=""radio"" name=""rating"" class=""visuallyhidden star0"">"
7,https://pika.clearviewlibrary.org/Record/295685,Be happy : : a little book of mindfulness / | Clearview...,critical,label,Ensure every form element has a label,Form elements must have labels,https://dequeuniversity.com/rules/axe/4.10/label?application=axeAPI,"<input value=""0"" id=""eb420ebf-5756-a9bc-e944-959f7ea16b72-star0"" checked="""" type=""radio"" name=""rating"" class=""visuallyhidden star0"">"
8,https://pika.clearviewlibrary.org/Record/374878,The book of belonging : : Bible stories for modern and...,critical,label,Ensure every form element has a label,Form elements must have labels,https://dequeuniversity.com/rules/axe/4.10/label?application=axeAPI,"<input value=""0"" id=""bf0ea0f2-3ea3-ce0e-a3ee-0cdfb0c9741a-star0"" checked="""" type=""radio"" name=""rating"" class=""visuallyhidden star0"">"
9,https://pika.clearviewlibrary.org/GroupedWork/1e633656-bfd9-650a-07e1-13177b9610ca/Home,Breathe and be : a book of mindfulness poems | Clearview...,critical,label,Ensure every form element has a label,Form elements must have labels,https://dequeuniversity.com/rules/axe/4.10/label?application=axeAPI,"<input value=""0"" id=""1e633656-bfd9-650a-07e1-13177b9610ca-star0"" checked="""" type=""radio"" name=""rating"" class=""visuallyhidden star0"">"
