Page,URL,Title,Impact,Rule ID,Description,Help,Help URL,HTML Element
1,https://clearviewlibrary.org,Homepage | Clearview Library,moderate,region,Ensure all page content is contained by landmarks,All page content should be contained by landmarks,https://dequeuniversity.com/rules/axe/4.10/region?application=axeAPI,"<div class=""region region-alert"" id=""region-alert"">"
10,https://clearviewlibrary.org/borrow-research/adventure-pass,Adventure Pass | Clearview Library,moderate,region,Ensure all page content is contained by landmarks,All page content should be contained by landmarks,https://dequeuniversity.com/rules/axe/4.10/region?application=axeAPI,"<div class=""region region-alert"" id=""region-alert"">"
100,https://clearviewlibrary.org/borrow-research/research/business-legal-0?field_resource_category_target_id=18,Business & Legal | Clearview Library,moderate,region,Ensure all page content is contained by landmarks,All page content should be contained by landmarks,https://dequeuniversity.com/rules/axe/4.10/region?application=axeAPI,"<div class=""region region-alert"" id=""region-alert"">"
101,https://clearviewlibrary.org/borrow-research/research/business-legal-0?field_resource_category_target_id=19,Business & Legal | Clearview Library,moderate,region,Ensure all page content is contained by landmarks,All page content should be contained by landmarks,https://dequeuniversity.com/rules/axe/4.10/region?application=axeAPI,"<div class=""region region-alert"" id=""region-alert"">"
102,https://clearviewlibrary.org/borrow-research/research/business-legal-0?field_resource_category_target_id=16,Business & Legal | Clearview Library,moderate,region,Ensure all page content is contained by landmarks,All page content should be contained by landmarks,https://dequeuniversity.com/rules/axe/4.10/region?application=axeAPI,"<div class=""region region-alert"" id=""region-alert"">"
103,https://clearviewlibrary.org/borrow-research/research/business-legal-0?field_resource_category_target_id=23,Business & Legal | Clearview Library,moderate,region,Ensure all page content is contained by landmarks,All page content should be contained by landmarks,https://dequeuniversity.com/rules/axe/4.10/region?application=axeAPI,"<div class=""region region-alert"" id=""region-alert"">"
104,https://clearviewlibrary.org/borrow-research/research/business-legal-0?field_resource_category_target_id=25,Business & Legal | Clearview Library,moderate,region,Ensure all page content is contained by landmarks,All page content should be contained by landmarks,https://dequeuniversity.com/rules/axe/4.10/region?application=axeAPI,"<div class=""region region-alert"" id=""region-alert"">"
105,https://clearviewlibrary.org/borrow-research/research/business-legal-0?field_resource_category_target_id=24,Business & Legal | Clearview Library,moderate,region,Ensure all page content is contained by landmarks,All page content should be contained by landmarks,https://dequeuniversity.com/rules/axe/4.10/region?application=axeAPI,"<div class=""region region-alert"" id=""region-alert"">"
106,https://clearviewlibrary.org/borrow-research/research/business-legal-0?field_resource_category_target_id=21,Business & Legal | Clearview Library,moderate,region,Ensure all page content is contained by landmarks,All page content should be contained by landmarks,https://dequeuniversity.com/rules/axe/4.10/region?application=axeAPI,"<div class=""region region-alert"" id=""region-alert"">"
107,https://clearviewlibrary.org/borrow-research/research/business-legal-0?field_resource_category_target_id=26,Business & Legal | Clearview Library,moderate,region,Ensure all page content is contained by landmarks,All page content should be contained by landmarks,https://dequeuniversity.com/rules/axe/4.10/region?application=axeAPI,"<div class=""region region-alert"" id=""region-alert"">"
108,https://clearviewlibrary.org/borrow-research/research/business-legal-0?field_resource_category_target_id=62,Business & Legal | Clearview Library,moderate,region,Ensure all page content is contained by landmarks,All page content should be contained by landmarks,https://dequeuniversity.com/rules/axe/4.10/region?application=axeAPI,"<div class=""region region-alert"" id=""region-alert"">"
109,https://clearviewlibrary.org/borrow-research/research/history-genealogy?field_resource_category_target_id=77,History & Genealogy | Clearview Library,moderate,region,Ensure all page content is contained by landmarks,All page content should be contained by landmarks,https://dequeuniversity.com/rules/axe/4.10/region?application=axeAPI,"<div class=""region region-alert"" id=""region-alert"">"
11,https://clearviewlibrary.org/borrow-research/books-movies-more/interlibrary-loan,Interlibrary Loan | Clearview Library,moderate,region,Ensure all page content is contained by landmarks,All page content should be contained by landmarks,https://dequeuniversity.com/rules/axe/4.10/region?application=axeAPI,"<div class=""region region-alert"" id=""region-alert"">"
110,https://clearviewlibrary.org/borrow-research/research/history-genealogy?field_resource_category_target_id=20,History & Genealogy | Clearview Library,moderate,region,Ensure all page content is contained by landmarks,All page content should be contained by landmarks,https://dequeuniversity.com/rules/axe/4.10/region?application=axeAPI,"<div class=""region region-alert"" id=""region-alert"">"
111,https://clearviewlibrary.org/borrow-research/research/history-genealogy?field_resource_category_target_id=18,History & Genealogy | Clearview Library,moderate,region,Ensure all page content is contained by landmarks,All page content should be contained by landmarks,https://dequeuniversity.com/rules/axe/4.10/region?application=axeAPI,"<div class=""region region-alert"" id=""region-alert"">"
112,https://clearviewlibrary.org/borrow-research/research/history-genealogy?field_resource_category_target_id=19,History & Genealogy | Clearview Library,moderate,region,Ensure all page content is contained by landmarks,All page content should be contained by landmarks,https://dequeuniversity.com/rules/axe/4.10/region?application=axeAPI,"<div class=""region region-alert"" id=""region-alert"">"
113,https://clearviewlibrary.org/borrow-research/research/history-genealogy?field_resource_category_target_id=16,History & Genealogy | Clearview Library,moderate,region,Ensure all page content is contained by landmarks,All page content should be contained by landmarks,https://dequeuniversity.com/rules/axe/4.10/region?application=axeAPI,"<div class=""region region-alert"" id=""region-alert"">"
114,https://clearviewlibrary.org/borrow-research/research/history-genealogy?field_resource_category_target_id=23,History & Genealogy | Clearview Library,moderate,region,Ensure all page content is contained by landmarks,All page content should be contained by landmarks,https://dequeuniversity.com/rules/axe/4.10/region?application=axeAPI,"<div class=""region region-alert"" id=""region-alert"">"
115,https://clearviewlibrary.org/borrow-research/research/history-genealogy?field_resource_category_target_id=25,History & Genealogy | Clearview Library,moderate,region,Ensure all page content is contained by landmarks,All page content should be contained by landmarks,https://dequeuniversity.com/rules/axe/4.10/region?application=axeAPI,"<div class=""region region-alert"" id=""region-alert"">"
116,https://clearviewlibrary.org/borrow-research/research/history-genealogy?field_resource_category_target_id=24,History & Genealogy | Clearview Library,moderate,region,Ensure all page content is contained by landmarks,All page content should be contained by landmarks,https://dequeuniversity.com/rules/axe/4.10/region?application=axeAPI,"<div class=""region region-alert"" id=""region-alert"">"
117,https://clearviewlibrary.org/borrow-research/research/history-genealogy?field_resource_category_target_id=21,History & Genealogy | Clearview Library,moderate,region,Ensure all page content is contained by landmarks,All page content should be contained by landmarks,https://dequeuniversity.com/rules/axe/4.10/region?application=axeAPI,"<div class=""region region-alert"" id=""region-alert"">"
118,https://clearviewlibrary.org/borrow-research/research/history-genealogy?field_resource_category_target_id=26,History & Genealogy | Clearview Library,moderate,region,Ensure all page content is contained by landmarks,All page content should be contained by landmarks,https://dequeuniversity.com/rules/axe/4.10/region?application=axeAPI,"<div class=""region region-alert"" id=""region-alert"">"
119,https://clearviewlibrary.org/borrow-research/research/history-genealogy?field_resource_category_target_id=62,History & Genealogy | Clearview Library,moderate,region,Ensure all page content is contained by landmarks,All page content should be contained by landmarks,https://dequeuniversity.com/rules/axe/4.10/region?application=axeAPI,"<div class=""region region-alert"" id=""region-alert"">"
12,https://clearviewlibrary.org/form/suggest-a-purchase,Suggest a Purchase | Clearview Library,moderate,page-has-heading-one,"Ensure that the page, or at least one of its frames contains a level-one heading",Page should contain a level-one heading,https://dequeuniversity.com/rules/axe/4.10/page-has-heading-one?application=axeAPI,"<html lang=""en"" dir=""ltr"" prefix=""content: http://purl.org/rss/1.0/modules/content/  dc: http://purl.org/dc/terms/  foaf: http://xmlns.com/foaf/0.1/  og: http://ogp.me/ns#  rdfs: http://www.w3.org/2000/01/rdf-schema#  schema: http://schema.org/  sioc: http://rdfs.org/sioc/ns#  sioct: http://rdfs.org/sioc/types#  skos: http://www.w3.org/2004/02/skos/core#  xsd: http://www.w3.org/2001/XMLSchema# "" class="" js"">"
12,https://clearviewlibrary.org/form/suggest-a-purchase,Suggest a Purchase | Clearview Library,moderate,region,Ensure all page content is contained by landmarks,All page content should be contained by landmarks,https://dequeuniversity.com/rules/axe/4.10/region?application=axeAPI,"<div class=""region region-alert"" id=""region-alert"">"
120,https://clearviewlibrary.org/borrow-research/research/homework-online-learning-0?field_resource_category_target_id=77,Homework & Online Learning | Clearview Library,moderate,region,Ensure all page content is contained by landmarks,All page content should be contained by landmarks,https://dequeuniversity.com/rules/axe/4.10/region?application=axeAPI,"<div class=""region region-alert"" id=""region-alert"">"
121,https://clearviewlibrary.org/borrow-research/research/homework-online-learning-0?field_resource_category_target_id=20,Homework & Online Learning | Clearview Library,moderate,region,Ensure all page content is contained by landmarks,All page content should be contained by landmarks,https://dequeuniversity.com/rules/axe/4.10/region?application=axeAPI,"<div class=""region region-alert"" id=""region-alert"">"
122,https://clearviewlibrary.org/borrow-research/research/homework-online-learning-0?field_resource_category_target_id=18,Homework & Online Learning | Clearview Library,moderate,region,Ensure all page content is contained by landmarks,All page content should be contained by landmarks,https://dequeuniversity.com/rules/axe/4.10/region?application=axeAPI,"<div class=""region region-alert"" id=""region-alert"">"
123,https://clearviewlibrary.org/borrow-research/research/homework-online-learning-0?field_resource_category_target_id=19,Homework & Online Learning | Clearview Library,moderate,region,Ensure all page content is contained by landmarks,All page content should be contained by landmarks,https://dequeuniversity.com/rules/axe/4.10/region?application=axeAPI,"<div class=""region region-alert"" id=""region-alert"">"
124,https://clearviewlibrary.org/borrow-research/research/homework-online-learning-0?field_resource_category_target_id=16,Homework & Online Learning | Clearview Library,moderate,region,Ensure all page content is contained by landmarks,All page content should be contained by landmarks,https://dequeuniversity.com/rules/axe/4.10/region?application=axeAPI,"<div class=""region region-alert"" id=""region-alert"">"
125,https://clearviewlibrary.org/borrow-research/research/homework-online-learning-0?field_resource_category_target_id=23,Homework & Online Learning | Clearview Library,moderate,region,Ensure all page content is contained by landmarks,All page content should be contained by landmarks,https://dequeuniversity.com/rules/axe/4.10/region?application=axeAPI,"<div class=""region region-alert"" id=""region-alert"">"
126,https://clearviewlibrary.org/borrow-research/research/homework-online-learning-0?field_resource_category_target_id=25,Homework & Online Learning | Clearview Library,moderate,region,Ensure all page content is contained by landmarks,All page content should be contained by landmarks,https://dequeuniversity.com/rules/axe/4.10/region?application=axeAPI,"<div class=""region region-alert"" id=""region-alert"">"
127,https://clearviewlibrary.org/borrow-research/research/homework-online-learning-0?field_resource_category_target_id=24,Homework & Online Learning | Clearview Library,moderate,region,Ensure all page content is contained by landmarks,All page content should be contained by landmarks,https://dequeuniversity.com/rules/axe/4.10/region?application=axeAPI,"<div class=""region region-alert"" id=""region-alert"">"
128,https://clearviewlibrary.org/borrow-research/research/homework-online-learning-0?field_resource_category_target_id=21,Homework & Online Learning | Clearview Library,moderate,region,Ensure all page content is contained by landmarks,All page content should be contained by landmarks,https://dequeuniversity.com/rules/axe/4.10/region?application=axeAPI,"<div class=""region region-alert"" id=""region-alert"">"
129,https://clearviewlibrary.org/borrow-research/research/homework-online-learning-0?field_resource_category_target_id=26,Homework & Online Learning | Clearview Library,moderate,region,Ensure all page content is contained by landmarks,All page content should be contained by landmarks,https://dequeuniversity.com/rules/axe/4.10/region?application=axeAPI,"<div class=""region region-alert"" id=""region-alert"">"
13,https://clearviewlibrary.org/borrow-research/books-movies-more/read-watch-listen-suggestions,"Read, Watch, Listen Suggestions | Clearview Library",moderate,region,Ensure all page content is contained by landmarks,All page content should be contained by landmarks,https://dequeuniversity.com/rules/axe/4.10/region?application=axeAPI,"<div class=""region region-alert"" id=""region-alert"">"
130,https://clearviewlibrary.org/borrow-research/research/homework-online-learning-0?field_resource_category_target_id=62,Homework & Online Learning | Clearview Library,moderate,region,Ensure all page content is contained by landmarks,All page content should be contained by landmarks,https://dequeuniversity.com/rules/axe/4.10/region?application=axeAPI,"<div class=""region region-alert"" id=""region-alert"">"
131,https://clearviewlibrary.org/borrow-research/research/news-current-events?field_resource_category_target_id=77,News & Current Events | Clearview Library,moderate,region,Ensure all page content is contained by landmarks,All page content should be contained by landmarks,https://dequeuniversity.com/rules/axe/4.10/region?application=axeAPI,"<div class=""region region-alert"" id=""region-alert"">"
132,https://clearviewlibrary.org/borrow-research/research/news-current-events?field_resource_category_target_id=20,News & Current Events | Clearview Library,moderate,region,Ensure all page content is contained by landmarks,All page content should be contained by landmarks,https://dequeuniversity.com/rules/axe/4.10/region?application=axeAPI,"<div class=""region region-alert"" id=""region-alert"">"
133,https://clearviewlibrary.org/borrow-research/research/news-current-events?field_resource_category_target_id=18,News & Current Events | Clearview Library,moderate,region,Ensure all page content is contained by landmarks,All page content should be contained by landmarks,https://dequeuniversity.com/rules/axe/4.10/region?application=axeAPI,"<div class=""region region-alert"" id=""region-alert"">"
134,https://clearviewlibrary.org/borrow-research/research/news-current-events?field_resource_category_target_id=19,News & Current Events | Clearview Library,moderate,region,Ensure all page content is contained by landmarks,All page content should be contained by landmarks,https://dequeuniversity.com/rules/axe/4.10/region?application=axeAPI,"<div class=""region region-alert"" id=""region-alert"">"
135,https://clearviewlibrary.org/borrow-research/research/news-current-events?field_resource_category_target_id=16,News & Current Events | Clearview Library,moderate,region,Ensure all page content is contained by landmarks,All page content should be contained by landmarks,https://dequeuniversity.com/rules/axe/4.10/region?application=axeAPI,"<div class=""region region-alert"" id=""region-alert"">"
136,https://clearviewlibrary.org/borrow-research/research/news-current-events?field_resource_category_target_id=23,News & Current Events | Clearview Library,moderate,region,Ensure all page content is contained by landmarks,All page content should be contained by landmarks,https://dequeuniversity.com/rules/axe/4.10/region?application=axeAPI,"<div class=""region region-alert"" id=""region-alert"">"
137,https://clearviewlibrary.org/borrow-research/research/news-current-events?field_resource_category_target_id=25,News & Current Events | Clearview Library,moderate,region,Ensure all page content is contained by landmarks,All page content should be contained by landmarks,https://dequeuniversity.com/rules/axe/4.10/region?application=axeAPI,"<div class=""region region-alert"" id=""region-alert"">"
138,https://clearviewlibrary.org/borrow-research/research/news-current-events?field_resource_category_target_id=24,News & Current Events | Clearview Library,moderate,region,Ensure all page content is contained by landmarks,All page content should be contained by landmarks,https://dequeuniversity.com/rules/axe/4.10/region?application=axeAPI,"<div class=""region region-alert"" id=""region-alert"">"
139,https://clearviewlibrary.org/borrow-research/research/news-current-events?field_resource_category_target_id=21,News & Current Events | Clearview Library,moderate,region,Ensure all page content is contained by landmarks,All page content should be contained by landmarks,https://dequeuniversity.com/rules/axe/4.10/region?application=axeAPI,"<div class=""region region-alert"" id=""region-alert"">"
14,https://clearviewlibrary.org/borrow-research/research,Research | Clearview Library,moderate,region,Ensure all page content is contained by landmarks,All page content should be contained by landmarks,https://dequeuniversity.com/rules/axe/4.10/region?application=axeAPI,"<div class=""region region-alert"" id=""region-alert"">"
140,https://clearviewlibrary.org/borrow-research/research/news-current-events?field_resource_category_target_id=26,News & Current Events | Clearview Library,moderate,region,Ensure all page content is contained by landmarks,All page content should be contained by landmarks,https://dequeuniversity.com/rules/axe/4.10/region?application=axeAPI,"<div class=""region region-alert"" id=""region-alert"">"
141,https://clearviewlibrary.org/borrow-research/research/news-current-events?field_resource_category_target_id=62,News & Current Events | Clearview Library,moderate,region,Ensure all page content is contained by landmarks,All page content should be contained by landmarks,https://dequeuniversity.com/rules/axe/4.10/region?application=axeAPI,"<div class=""region region-alert"" id=""region-alert"">"
142,https://clearviewlibrary.org/about-us/learn-more/policies-faqs/meeting-room-policy,Meeting Room Policy | Clearview Library,moderate,region,Ensure all page content is contained by landmarks,All page content should be contained by landmarks,https://dequeuniversity.com/rules/axe/4.10/region?application=axeAPI,"<div class=""region region-alert"" id=""region-alert"">"
143,https://clearviewlibrary.org/about-us/learn-more/news/signup,Newsletter Signup | Clearview Library,moderate,region,Ensure all page content is contained by landmarks,All page content should be contained by landmarks,https://dequeuniversity.com/rules/axe/4.10/region?application=axeAPI,"<div class=""region region-alert"" id=""region-alert"">"
144,https://clearviewlibrary.org/cookbook-nook,Cookbook Nook | Clearview Library,moderate,region,Ensure all page content is contained by landmarks,All page content should be contained by landmarks,https://dequeuniversity.com/rules/axe/4.10/region?application=axeAPI,"<div class=""region region-alert"" id=""region-alert"">"
145,https://clearviewlibrary.org/100-books-before-graduation,100 Books Before Graduation | Clearview Library,moderate,page-has-heading-one,"Ensure that the page, or at least one of its frames contains a level-one heading",Page should contain a level-one heading,https://dequeuniversity.com/rules/axe/4.10/page-has-heading-one?application=axeAPI,"<html lang=""en"" dir=""ltr"" prefix=""content: http://purl.org/rss/1.0/modules/content/  dc: http://purl.org/dc/terms/  foaf: http://xmlns.com/foaf/0.1/  og: http://ogp.me/ns#  rdfs: http://www.w3.org/2000/01/rdf-schema#  schema: http://schema.org/  sioc: http://rdfs.org/sioc/ns#  sioct: http://rdfs.org/sioc/types#  skos: http://www.w3.org/2004/02/skos/core#  xsd: http://www.w3.org/2001/XMLSchema# "" class="" js"">"
145,https://clearviewlibrary.org/100-books-before-graduation,100 Books Before Graduation | Clearview Library,moderate,region,Ensure all page content is contained by landmarks,All page content should be contained by landmarks,https://dequeuniversity.com/rules/axe/4.10/region?application=axeAPI,"<div class=""region region-alert"" id=""region-alert"">"
146,https://clearviewlibrary.org/junior-librarian,Junior Librarian | Clearview Library,critical,aria-allowed-attr,Ensure an element's role supports its ARIA attributes,Elements must only use supported ARIA attributes,https://dequeuniversity.com/rules/axe/4.10/aria-allowed-attr?application=axeAPI,"<section data-drupal-selector=""edit-about-you"" id=""edit-about-you"" class=""required js-form-item form-item js-form-wrapper form-wrapper webform-section"" required=""required"" aria-required=""true"">"
146,https://clearviewlibrary.org/junior-librarian,Junior Librarian | Clearview Library,critical,aria-allowed-attr,Ensure an element's role supports its ARIA attributes,Elements must only use supported ARIA attributes,https://dequeuniversity.com/rules/axe/4.10/aria-allowed-attr?application=axeAPI,"<section data-drupal-selector=""edit-contact-section"" aria-describedby=""edit-contact-section--description"" id=""edit-contact-section"" class=""required js-form-item form-item js-form-wrapper form-wrapper webform-section"" required=""required"" aria-required=""true"">"
146,https://clearviewlibrary.org/junior-librarian,Junior Librarian | Clearview Library,moderate,page-has-heading-one,"Ensure that the page, or at least one of its frames contains a level-one heading",Page should contain a level-one heading,https://dequeuniversity.com/rules/axe/4.10/page-has-heading-one?application=axeAPI,"<html lang=""en"" dir=""ltr"" prefix=""content: http://purl.org/rss/1.0/modules/content/  dc: http://purl.org/dc/terms/  foaf: http://xmlns.com/foaf/0.1/  og: http://ogp.me/ns#  rdfs: http://www.w3.org/2000/01/rdf-schema#  schema: http://schema.org/  sioc: http://rdfs.org/sioc/ns#  sioct: http://rdfs.org/sioc/types#  skos: http://www.w3.org/2004/02/skos/core#  xsd: http://www.w3.org/2001/XMLSchema# "" class="" js"">"
146,https://clearviewlibrary.org/junior-librarian,Junior Librarian | Clearview Library,moderate,region,Ensure all page content is contained by landmarks,All page content should be contained by landmarks,https://dequeuniversity.com/rules/axe/4.10/region?application=axeAPI,"<div class=""region region-alert"" id=""region-alert"">"
147,https://clearviewlibrary.org/about-us/learn-more/policies-faqs/unattended-children-and-behavior-policy,Unattended Children and Behavior Policy | Clearview Library,moderate,region,Ensure all page content is contained by landmarks,All page content should be contained by landmarks,https://dequeuniversity.com/rules/axe/4.10/region?application=axeAPI,"<div class=""region region-alert"" id=""region-alert"">"
148,https://clearviewlibrary.org/programs-events/just-for-kids/1kbk-signup,1000 Books Before Kindergarten Signup | Clearview Library,moderate,page-has-heading-one,"Ensure that the page, or at least one of its frames contains a level-one heading",Page should contain a level-one heading,https://dequeuniversity.com/rules/axe/4.10/page-has-heading-one?application=axeAPI,"<html lang=""en"" dir=""ltr"" prefix=""content: http://purl.org/rss/1.0/modules/content/  dc: http://purl.org/dc/terms/  foaf: http://xmlns.com/foaf/0.1/  og: http://ogp.me/ns#  rdfs: http://www.w3.org/2000/01/rdf-schema#  schema: http://schema.org/  sioc: http://rdfs.org/sioc/ns#  sioct: http://rdfs.org/sioc/types#  skos: http://www.w3.org/2004/02/skos/core#  xsd: http://www.w3.org/2001/XMLSchema# "" class="" js"">"
148,https://clearviewlibrary.org/programs-events/just-for-kids/1kbk-signup,1000 Books Before Kindergarten Signup | Clearview Library,moderate,region,Ensure all page content is contained by landmarks,All page content should be contained by landmarks,https://dequeuniversity.com/rules/axe/4.10/region?application=axeAPI,"<div class=""region region-alert"" id=""region-alert"">"
149,https://clearviewlibrary.org/about-us/learn-more/news/staff-spotlight-our-bookmobile,Page not found | Clearview Library,moderate,page-has-heading-one,"Ensure that the page, or at least one of its frames contains a level-one heading",Page should contain a level-one heading,https://dequeuniversity.com/rules/axe/4.10/page-has-heading-one?application=axeAPI,"<html lang=""en"" dir=""ltr"" prefix=""content: http://purl.org/rss/1.0/modules/content/  dc: http://purl.org/dc/terms/  foaf: http://xmlns.com/foaf/0.1/  og: http://ogp.me/ns#  rdfs: http://www.w3.org/2000/01/rdf-schema#  schema: http://schema.org/  sioc: http://rdfs.org/sioc/ns#  sioct: http://rdfs.org/sioc/types#  skos: http://www.w3.org/2004/02/skos/core#  xsd: http://www.w3.org/2001/XMLSchema# "" class="" js"">"
149,https://clearviewlibrary.org/about-us/learn-more/news/staff-spotlight-our-bookmobile,Page not found | Clearview Library,moderate,region,Ensure all page content is contained by landmarks,All page content should be contained by landmarks,https://dequeuniversity.com/rules/axe/4.10/region?application=axeAPI,"<div class=""region region-alert"" id=""region-alert"">"
15,https://clearviewlibrary.org/borrow-research/research/books-literature-0,Books & Literature | Clearview Library,moderate,region,Ensure all page content is contained by landmarks,All page content should be contained by landmarks,https://dequeuniversity.com/rules/axe/4.10/region?application=axeAPI,"<div class=""region region-alert"" id=""region-alert"">"
150,https://clearviewlibrary.org/borrow-research/research/all-databases,All Databases | Clearview Library,moderate,region,Ensure all page content is contained by landmarks,All page content should be contained by landmarks,https://dequeuniversity.com/rules/axe/4.10/region?application=axeAPI,"<div class=""region region-alert"" id=""region-alert"">"
151,https://clearviewlibrary.org/about-us/learn-more/news/join-film-conversation-and-community-connections,"Join In: Film, Conversation, and Community Connections | Clearview Library",moderate,region,Ensure all page content is contained by landmarks,All page content should be contained by landmarks,https://dequeuniversity.com/rules/axe/4.10/region?application=axeAPI,"<div class=""region region-alert"" id=""region-alert"">"
152,https://clearviewlibrary.org/about-us/learn-more/news/request-proposal-organizational-structure-effectiveness-study,Request for Proposal for Organizational Structure & Effectiveness Study | Clearview Library,moderate,region,Ensure all page content is contained by landmarks,All page content should be contained by landmarks,https://dequeuniversity.com/rules/axe/4.10/region?application=axeAPI,"<div class=""region region-alert"" id=""region-alert"">"
153,https://clearviewlibrary.org/about-us/learn-more/news/art-library-july-2025,Art in the Library - July 2025 | Clearview Library,moderate,region,Ensure all page content is contained by landmarks,All page content should be contained by landmarks,https://dequeuniversity.com/rules/axe/4.10/region?application=axeAPI,"<div class=""region region-alert"" id=""region-alert"">"
154,https://clearviewlibrary.org/about-us/learn-more/news?page=0,News | Clearview Library,moderate,region,Ensure all page content is contained by landmarks,All page content should be contained by landmarks,https://dequeuniversity.com/rules/axe/4.10/region?application=axeAPI,"<div class=""region region-alert"" id=""region-alert"">"
155,https://clearviewlibrary.org/about-us/learn-more/news?page=1,News | Clearview Library,moderate,region,Ensure all page content is contained by landmarks,All page content should be contained by landmarks,https://dequeuniversity.com/rules/axe/4.10/region?application=axeAPI,"<div class=""region region-alert"" id=""region-alert"">"
156,https://clearviewlibrary.org/about-us/learn-more/news?page=2,News | Clearview Library,moderate,region,Ensure all page content is contained by landmarks,All page content should be contained by landmarks,https://dequeuniversity.com/rules/axe/4.10/region?application=axeAPI,"<div class=""region region-alert"" id=""region-alert"">"
157,https://clearviewlibrary.org/about-us/learn-more/news?page=3,News | Clearview Library,moderate,region,Ensure all page content is contained by landmarks,All page content should be contained by landmarks,https://dequeuniversity.com/rules/axe/4.10/region?application=axeAPI,"<div class=""region region-alert"" id=""region-alert"">"
158,https://clearviewlibrary.org/about-us/learn-more/news?page=4,News | Clearview Library,moderate,region,Ensure all page content is contained by landmarks,All page content should be contained by landmarks,https://dequeuniversity.com/rules/axe/4.10/region?application=axeAPI,"<div class=""region region-alert"" id=""region-alert"">"
159,https://clearviewlibrary.org/about-us/learn-more/news?page=5,News | Clearview Library,moderate,region,Ensure all page content is contained by landmarks,All page content should be contained by landmarks,https://dequeuniversity.com/rules/axe/4.10/region?application=axeAPI,"<div class=""region region-alert"" id=""region-alert"">"
16,https://clearviewlibrary.org/borrow-research/research/business-legal-0,Business & Legal | Clearview Library,moderate,region,Ensure all page content is contained by landmarks,All page content should be contained by landmarks,https://dequeuniversity.com/rules/axe/4.10/region?application=axeAPI,"<div class=""region region-alert"" id=""region-alert"">"
160,https://clearviewlibrary.org/about-us/learn-more/policies-faqs/bookmobile-policy,Bookmobile Policy | Clearview Library,moderate,region,Ensure all page content is contained by landmarks,All page content should be contained by landmarks,https://dequeuniversity.com/rules/axe/4.10/region?application=axeAPI,"<div class=""region region-alert"" id=""region-alert"">"
161,https://clearviewlibrary.org/about-us/learn-more/policies-faqs/budget-policy,Budget Policy | Clearview Library,moderate,region,Ensure all page content is contained by landmarks,All page content should be contained by landmarks,https://dequeuniversity.com/rules/axe/4.10/region?application=axeAPI,"<div class=""region region-alert"" id=""region-alert"">"
162,https://clearviewlibrary.org/about-us/learn-more/policies-faqs/check-out-policy,Check Out Policy | Clearview Library,moderate,region,Ensure all page content is contained by landmarks,All page content should be contained by landmarks,https://dequeuniversity.com/rules/axe/4.10/region?application=axeAPI,"<div class=""region region-alert"" id=""region-alert"">"
163,https://clearviewlibrary.org/about-us/learn-more/policies-faqs/co-location-library-facilities-policy,Co-Location of Library Facilities Policy | Clearview Library,moderate,region,Ensure all page content is contained by landmarks,All page content should be contained by landmarks,https://dequeuniversity.com/rules/axe/4.10/region?application=axeAPI,"<div class=""region region-alert"" id=""region-alert"">"
164,https://clearviewlibrary.org/about-us/learn-more/policies-faqs/collection-development-policy,Collection Development Policy | Clearview Library,moderate,region,Ensure all page content is contained by landmarks,All page content should be contained by landmarks,https://dequeuniversity.com/rules/axe/4.10/region?application=axeAPI,"<div class=""region region-alert"" id=""region-alert"">"
165,https://clearviewlibrary.org/about-us/learn-more/policies-faqs/comments-complaints-and-concerns-policy,"Comments, Complaints, and Concerns Policy | Clearview Library",moderate,region,Ensure all page content is contained by landmarks,All page content should be contained by landmarks,https://dequeuniversity.com/rules/axe/4.10/region?application=axeAPI,"<div class=""region region-alert"" id=""region-alert"">"
166,https://clearviewlibrary.org/about-us/learn-more/policies-faqs/conduct-library-policy,Conduct in the Library Policy | Clearview Library,moderate,region,Ensure all page content is contained by landmarks,All page content should be contained by landmarks,https://dequeuniversity.com/rules/axe/4.10/region?application=axeAPI,"<div class=""region region-alert"" id=""region-alert"">"
167,https://clearviewlibrary.org/about-us/learn-more/policies-faqs/copyright-policy,Copyright Policy | Clearview Library,moderate,region,Ensure all page content is contained by landmarks,All page content should be contained by landmarks,https://dequeuniversity.com/rules/axe/4.10/region?application=axeAPI,"<div class=""region region-alert"" id=""region-alert"">"
168,https://clearviewlibrary.org/about-us/learn-more/policies-faqs/emergency-closings-policy,Emergency Closings Policy | Clearview Library,moderate,region,Ensure all page content is contained by landmarks,All page content should be contained by landmarks,https://dequeuniversity.com/rules/axe/4.10/region?application=axeAPI,"<div class=""region region-alert"" id=""region-alert"">"
169,https://clearviewlibrary.org/about-us/learn-more/policies-faqs/facilities-policy,Facilities Policy | Clearview Library,moderate,region,Ensure all page content is contained by landmarks,All page content should be contained by landmarks,https://dequeuniversity.com/rules/axe/4.10/region?application=axeAPI,"<div class=""region region-alert"" id=""region-alert"">"
17,https://clearviewlibrary.org/borrow-research/research/history-genealogy,History & Genealogy | Clearview Library,moderate,region,Ensure all page content is contained by landmarks,All page content should be contained by landmarks,https://dequeuniversity.com/rules/axe/4.10/region?application=axeAPI,"<div class=""region region-alert"" id=""region-alert"">"
170,https://clearviewlibrary.org/about-us/learn-more/policies-faqs/federal-immigration-authority-contact-policy,Federal Immigration Authority Contact Policy | Clearview Library,moderate,region,Ensure all page content is contained by landmarks,All page content should be contained by landmarks,https://dequeuniversity.com/rules/axe/4.10/region?application=axeAPI,"<div class=""region region-alert"" id=""region-alert"">"
171,https://clearviewlibrary.org/about-us/learn-more/policies-faqs/financial-policies,Financial Policies | Clearview Library,moderate,region,Ensure all page content is contained by landmarks,All page content should be contained by landmarks,https://dequeuniversity.com/rules/axe/4.10/region?application=axeAPI,"<div class=""region region-alert"" id=""region-alert"">"
172,https://clearviewlibrary.org/about-us/learn-more/policies-faqs/interlibrary-loan-policy,Interlibrary Loan Policy | Clearview Library,moderate,region,Ensure all page content is contained by landmarks,All page content should be contained by landmarks,https://dequeuniversity.com/rules/axe/4.10/region?application=axeAPI,"<div class=""region region-alert"" id=""region-alert"">"
173,https://clearviewlibrary.org/about-us/learn-more/policies-faqs/internet-safety-and-acceptable-use-policy,Internet Safety and Acceptable Use Policy | Clearview Library,moderate,region,Ensure all page content is contained by landmarks,All page content should be contained by landmarks,https://dequeuniversity.com/rules/axe/4.10/region?application=axeAPI,"<div class=""region region-alert"" id=""region-alert"">"
174,https://clearviewlibrary.org/about-us/learn-more/policies-faqs/investment-policy,Investment Policy | Clearview Library,moderate,region,Ensure all page content is contained by landmarks,All page content should be contained by landmarks,https://dequeuniversity.com/rules/axe/4.10/region?application=axeAPI,"<div class=""region region-alert"" id=""region-alert"">"
175,https://clearviewlibrary.org/about-us/learn-more/policies-faqs/material-donation-policy,Material Donation Policy | Clearview Library,moderate,region,Ensure all page content is contained by landmarks,All page content should be contained by landmarks,https://dequeuniversity.com/rules/axe/4.10/region?application=axeAPI,"<div class=""region region-alert"" id=""region-alert"">"
176,https://clearviewlibrary.org/about-us/learn-more/policies-faqs/naming-rights-policy,Naming Rights Policy | Clearview Library,moderate,region,Ensure all page content is contained by landmarks,All page content should be contained by landmarks,https://dequeuniversity.com/rules/axe/4.10/region?application=axeAPI,"<div class=""region region-alert"" id=""region-alert"">"
177,https://clearviewlibrary.org/about-us/learn-more/policies-faqs/open-records-policy,Open Records Policy | Clearview Library,moderate,region,Ensure all page content is contained by landmarks,All page content should be contained by landmarks,https://dequeuniversity.com/rules/axe/4.10/region?application=axeAPI,"<div class=""region region-alert"" id=""region-alert"">"
178,https://clearviewlibrary.org/about-us/learn-more/policies-faqs/photography-videography-and-recording-policy,"Photography, Videography, and Recording Policy | Clearview Library",moderate,region,Ensure all page content is contained by landmarks,All page content should be contained by landmarks,https://dequeuniversity.com/rules/axe/4.10/region?application=axeAPI,"<div class=""region region-alert"" id=""region-alert"">"
179,https://clearviewlibrary.org/about-us/learn-more/policies-faqs/postings-promotional-materials-displays-and-exhibits-policy,"Postings, Promotional Materials, Displays, and Exhibits Policy | Clearview Library",moderate,region,Ensure all page content is contained by landmarks,All page content should be contained by landmarks,https://dequeuniversity.com/rules/axe/4.10/region?application=axeAPI,"<div class=""region region-alert"" id=""region-alert"">"
18,https://clearviewlibrary.org/borrow-research/research/homework-online-learning-0,Homework & Online Learning | Clearview Library,moderate,region,Ensure all page content is contained by landmarks,All page content should be contained by landmarks,https://dequeuniversity.com/rules/axe/4.10/region?application=axeAPI,"<div class=""region region-alert"" id=""region-alert"">"
180,https://clearviewlibrary.org/about-us/learn-more/policies-faqs/privacy-user-records-policy,Privacy of User Records Policy | Clearview Library,moderate,region,Ensure all page content is contained by landmarks,All page content should be contained by landmarks,https://dequeuniversity.com/rules/axe/4.10/region?application=axeAPI,"<div class=""region region-alert"" id=""region-alert"">"
181,https://clearviewlibrary.org/about-us/learn-more/policies-faqs/procurement-policy,Procurement Policy | Clearview Library,moderate,region,Ensure all page content is contained by landmarks,All page content should be contained by landmarks,https://dequeuniversity.com/rules/axe/4.10/region?application=axeAPI,"<div class=""region region-alert"" id=""region-alert"">"
182,https://clearviewlibrary.org/about-us/learn-more/policies-faqs/program-policy,Program Policy | Clearview Library,moderate,region,Ensure all page content is contained by landmarks,All page content should be contained by landmarks,https://dequeuniversity.com/rules/axe/4.10/region?application=axeAPI,"<div class=""region region-alert"" id=""region-alert"">"
183,https://clearviewlibrary.org/about-us/learn-more/policies-faqs/provision-library-services-policy,Provision of Library Services Policy | Clearview Library,moderate,region,Ensure all page content is contained by landmarks,All page content should be contained by landmarks,https://dequeuniversity.com/rules/axe/4.10/region?application=axeAPI,"<div class=""region region-alert"" id=""region-alert"">"
184,https://clearviewlibrary.org/about-us/learn-more/policies-faqs/public-art-policy,Public Art Policy | Clearview Library,moderate,region,Ensure all page content is contained by landmarks,All page content should be contained by landmarks,https://dequeuniversity.com/rules/axe/4.10/region?application=axeAPI,"<div class=""region region-alert"" id=""region-alert"">"
185,https://clearviewlibrary.org/about-us/learn-more/policies-faqs/public-comment-policy,Public Comment Policy | Clearview Library,moderate,region,Ensure all page content is contained by landmarks,All page content should be contained by landmarks,https://dequeuniversity.com/rules/axe/4.10/region?application=axeAPI,"<div class=""region region-alert"" id=""region-alert"">"
186,https://clearviewlibrary.org/about-us/learn-more/policies-faqs/records-retention-policy,Records Retention Policy | Clearview Library,moderate,region,Ensure all page content is contained by landmarks,All page content should be contained by landmarks,https://dequeuniversity.com/rules/axe/4.10/region?application=axeAPI,"<div class=""region region-alert"" id=""region-alert"">"
187,https://clearviewlibrary.org/about-us/learn-more/policies-faqs/request-for-reconsideration-policy,Request for Reconsideration Policy | Clearview Library,moderate,region,Ensure all page content is contained by landmarks,All page content should be contained by landmarks,https://dequeuniversity.com/rules/axe/4.10/region?application=axeAPI,"<div class=""region region-alert"" id=""region-alert"">"
188,https://clearviewlibrary.org/about-us/learn-more/policies-faqs/request-public-records,Request Public Records | Clearview Library,moderate,region,Ensure all page content is contained by landmarks,All page content should be contained by landmarks,https://dequeuniversity.com/rules/axe/4.10/region?application=axeAPI,"<div class=""region region-alert"" id=""region-alert"">"
189,https://clearviewlibrary.org/about-us/learn-more/policies-faqs/social-media-policy,Social Media Policy | Clearview Library,moderate,region,Ensure all page content is contained by landmarks,All page content should be contained by landmarks,https://dequeuniversity.com/rules/axe/4.10/region?application=axeAPI,"<div class=""region region-alert"" id=""region-alert"">"
19,https://clearviewlibrary.org/borrow-research/research/news-current-events,News & Current Events | Clearview Library,moderate,region,Ensure all page content is contained by landmarks,All page content should be contained by landmarks,https://dequeuniversity.com/rules/axe/4.10/region?application=axeAPI,"<div class=""region region-alert"" id=""region-alert"">"
190,https://clearviewlibrary.org/about-us/learn-more/policies-faqs/solicitation-and-petitioning-policy,Solicitation and Petitioning Policy | Clearview Library,moderate,region,Ensure all page content is contained by landmarks,All page content should be contained by landmarks,https://dequeuniversity.com/rules/axe/4.10/region?application=axeAPI,"<div class=""region region-alert"" id=""region-alert"">"
191,https://clearviewlibrary.org/about-us/learn-more/policies-faqs/teen-spaces-policy,Teen Spaces Policy | Clearview Library,moderate,region,Ensure all page content is contained by landmarks,All page content should be contained by landmarks,https://dequeuniversity.com/rules/axe/4.10/region?application=axeAPI,"<div class=""region region-alert"" id=""region-alert"">"
192,https://clearviewlibrary.org/about-us/support-donate/volunteer/teens,Teen Volunteer Application Form | Clearview Library,serious,autocomplete-valid,Ensure the autocomplete attribute is correct and suitable for the form field,autocomplete attribute must be used correctly,https://dequeuniversity.com/rules/axe/4.10/autocomplete-valid?application=axeAPI,"<input type=""text"" data-datepicker-button="""" data-drupal-date-format=""m/d/Y"" data-drupal-selector=""edit-date-of-birth-must-be-at-least-12-years-old-to-apply-"" id=""edit-date-of-birth-must-be-at-least-12-years-old-to-apply-"" name=""date_of_birth_must_be_at_least_12_years_old_to_apply_"" value="""" class=""form-text required hasDatepicker"" required=""required"" aria-required=""true"" data-once=""datePicker"" autocomplete=""chrome-off-6229163"">"
192,https://clearviewlibrary.org/about-us/support-donate/volunteer/teens,Teen Volunteer Application Form | Clearview Library,moderate,region,Ensure all page content is contained by landmarks,All page content should be contained by landmarks,https://dequeuniversity.com/rules/axe/4.10/region?application=axeAPI,"<div class=""region region-alert"" id=""region-alert"">"
193,https://clearviewlibrary.org/form/youth-services-volunteer,Youth Services Volunteer Application | Clearview Library,moderate,page-has-heading-one,"Ensure that the page, or at least one of its frames contains a level-one heading",Page should contain a level-one heading,https://dequeuniversity.com/rules/axe/4.10/page-has-heading-one?application=axeAPI,"<html lang=""en"" dir=""ltr"" prefix=""content: http://purl.org/rss/1.0/modules/content/  dc: http://purl.org/dc/terms/  foaf: http://xmlns.com/foaf/0.1/  og: http://ogp.me/ns#  rdfs: http://www.w3.org/2000/01/rdf-schema#  schema: http://schema.org/  sioc: http://rdfs.org/sioc/ns#  sioct: http://rdfs.org/sioc/types#  skos: http://www.w3.org/2004/02/skos/core#  xsd: http://www.w3.org/2001/XMLSchema# "" class="" js"">"
193,https://clearviewlibrary.org/form/youth-services-volunteer,Youth Services Volunteer Application | Clearview Library,moderate,region,Ensure all page content is contained by landmarks,All page content should be contained by landmarks,https://dequeuniversity.com/rules/axe/4.10/region?application=axeAPI,"<div class=""region region-alert"" id=""region-alert"">"
194,https://clearviewlibrary.org/about-us/learn-more/news/art-library-winter-edition,Art in the Library - Winter Edition! | Clearview Library,moderate,region,Ensure all page content is contained by landmarks,All page content should be contained by landmarks,https://dequeuniversity.com/rules/axe/4.10/region?application=axeAPI,"<div class=""region region-alert"" id=""region-alert"">"
195,https://clearviewlibrary.org/about-us/learn-more/news/art-library-may-july-2024,Art in the Library! May - July 2024 | Clearview Library,moderate,region,Ensure all page content is contained by landmarks,All page content should be contained by landmarks,https://dequeuniversity.com/rules/axe/4.10/region?application=axeAPI,"<div class=""region region-alert"" id=""region-alert"">"
196,https://clearviewlibrary.org/about-us/learn-more/news/art-library-march-may-2024,Art in the Library! March - May 2024 | Clearview Library,moderate,region,Ensure all page content is contained by landmarks,All page content should be contained by landmarks,https://dequeuniversity.com/rules/axe/4.10/region?application=axeAPI,"<div class=""region region-alert"" id=""region-alert"">"
197,https://clearviewlibrary.org/about-us/learn-more/news/art-in-the-library-January-March-2024,Art in the Library! January - March 2024 | Clearview Library,moderate,region,Ensure all page content is contained by landmarks,All page content should be contained by landmarks,https://dequeuniversity.com/rules/axe/4.10/region?application=axeAPI,"<div class=""region region-alert"" id=""region-alert"">"
198,https://clearviewlibrary.org/about-us/learn-more/news/art-in-the-library,Art in the Library! | Clearview Library,moderate,region,Ensure all page content is contained by landmarks,All page content should be contained by landmarks,https://dequeuniversity.com/rules/axe/4.10/region?application=axeAPI,"<div class=""region region-alert"" id=""region-alert"">"
199,https://clearviewlibrary.org/about-us/learn-more/news/clearview-library-district-announces-summer-adventure-program-color-our,Clearview Library District announces summer adventure program: Color Our World | Clearview Library,moderate,region,Ensure all page content is contained by landmarks,All page content should be contained by landmarks,https://dequeuniversity.com/rules/axe/4.10/region?application=axeAPI,"<div class=""region region-alert"" id=""region-alert"">"
2,https://clearviewlibrary.org/about-us/learn-more/news/improving-our-community-spaces-pikes-peak-meeting-room-renovation,Improving Our Community Spaces: Pikes Peak Meeting Room Renovation | Clearview Library,moderate,region,Ensure all page content is contained by landmarks,All page content should be contained by landmarks,https://dequeuniversity.com/rules/axe/4.10/region?application=axeAPI,"<div class=""region region-alert"" id=""region-alert"">"
20,https://clearviewlibrary.org/services/other/reserve-room,Reserve a Meeting Room | Clearview Library,moderate,region,Ensure all page content is contained by landmarks,All page content should be contained by landmarks,https://dequeuniversity.com/rules/axe/4.10/region?application=axeAPI,"<div class=""region region-alert"" id=""region-alert"">"
200,https://clearviewlibrary.org/about-us/learn-more/news/young-writers-big-impact-katherine-applegate-launches-national-writing,"Young Writers, Big Impact: Katherine Applegate Launches National Writing Contest for Kids Ages 8 to 12 | Clearview Library",moderate,region,Ensure all page content is contained by landmarks,All page content should be contained by landmarks,https://dequeuniversity.com/rules/axe/4.10/region?application=axeAPI,"<div class=""region region-alert"" id=""region-alert"">"
201,https://clearviewlibrary.org/about-us/learn-more/news/reserve-meeting-rooms-after-hours-severance-library,Reserve Meeting Rooms After-Hours at Severance Library | Clearview Library,moderate,region,Ensure all page content is contained by landmarks,All page content should be contained by landmarks,https://dequeuniversity.com/rules/axe/4.10/region?application=axeAPI,"<div class=""region region-alert"" id=""region-alert"">"
202,https://clearviewlibrary.org/about-us/learn-more/news/news?page=0,News | Clearview Library,moderate,region,Ensure all page content is contained by landmarks,All page content should be contained by landmarks,https://dequeuniversity.com/rules/axe/4.10/region?application=axeAPI,"<div class=""region region-alert"" id=""region-alert"">"
203,https://clearviewlibrary.org/about-us/learn-more/news/news?page=1,News | Clearview Library,moderate,region,Ensure all page content is contained by landmarks,All page content should be contained by landmarks,https://dequeuniversity.com/rules/axe/4.10/region?application=axeAPI,"<div class=""region region-alert"" id=""region-alert"">"
204,https://clearviewlibrary.org/about-us/learn-more/news/news?page=2,News | Clearview Library,moderate,region,Ensure all page content is contained by landmarks,All page content should be contained by landmarks,https://dequeuniversity.com/rules/axe/4.10/region?application=axeAPI,"<div class=""region region-alert"" id=""region-alert"">"
205,https://clearviewlibrary.org/about-us/learn-more/news/community,Community | Clearview Library,moderate,region,Ensure all page content is contained by landmarks,All page content should be contained by landmarks,https://dequeuniversity.com/rules/axe/4.10/region?application=axeAPI,"<div class=""region region-alert"" id=""region-alert"">"
206,https://clearviewlibrary.org/about-us/learn-more/news/try-mango-languages-asl-course-your-library-needs-your-help,Try Mango Languages’ ASL Course – Your Library Needs Your Help! | Clearview Library,moderate,region,Ensure all page content is contained by landmarks,All page content should be contained by landmarks,https://dequeuniversity.com/rules/axe/4.10/region?application=axeAPI,"<div class=""region region-alert"" id=""region-alert"">"
207,https://clearviewlibrary.org/about-us/learn-more/news/clearview-library-adds-genealogy-databases,Clearview Library Adds Genealogy Databases | Clearview Library,moderate,region,Ensure all page content is contained by landmarks,All page content should be contained by landmarks,https://dequeuniversity.com/rules/axe/4.10/region?application=axeAPI,"<div class=""region region-alert"" id=""region-alert"">"
208,https://clearviewlibrary.org/borrow-research/research?field_resource_category_target_id=All,Research | Clearview Library,moderate,region,Ensure all page content is contained by landmarks,All page content should be contained by landmarks,https://dequeuniversity.com/rules/axe/4.10/region?application=axeAPI,"<div class=""region region-alert"" id=""region-alert"">"
209,https://clearviewlibrary.org/borrow-research/research/general-research?field_resource_category_target_id=77,General Research | Clearview Library,moderate,region,Ensure all page content is contained by landmarks,All page content should be contained by landmarks,https://dequeuniversity.com/rules/axe/4.10/region?application=axeAPI,"<div class=""region region-alert"" id=""region-alert"">"
21,https://clearviewlibrary.org/programs-events/upcoming-events/for-adults,For Adults | Clearview Library,moderate,region,Ensure all page content is contained by landmarks,All page content should be contained by landmarks,https://dequeuniversity.com/rules/axe/4.10/region?application=axeAPI,"<div class=""region region-alert"" id=""region-alert"">"
210,https://clearviewlibrary.org/borrow-research/research/general-research?field_resource_category_target_id=20,General Research | Clearview Library,moderate,region,Ensure all page content is contained by landmarks,All page content should be contained by landmarks,https://dequeuniversity.com/rules/axe/4.10/region?application=axeAPI,"<div class=""region region-alert"" id=""region-alert"">"
211,https://clearviewlibrary.org/borrow-research/research/general-research?field_resource_category_target_id=18,General Research | Clearview Library,moderate,region,Ensure all page content is contained by landmarks,All page content should be contained by landmarks,https://dequeuniversity.com/rules/axe/4.10/region?application=axeAPI,"<div class=""region region-alert"" id=""region-alert"">"
212,https://clearviewlibrary.org/borrow-research/research/general-research?field_resource_category_target_id=19,General Research | Clearview Library,moderate,region,Ensure all page content is contained by landmarks,All page content should be contained by landmarks,https://dequeuniversity.com/rules/axe/4.10/region?application=axeAPI,"<div class=""region region-alert"" id=""region-alert"">"
213,https://clearviewlibrary.org/borrow-research/research/general-research?field_resource_category_target_id=16,General Research | Clearview Library,moderate,region,Ensure all page content is contained by landmarks,All page content should be contained by landmarks,https://dequeuniversity.com/rules/axe/4.10/region?application=axeAPI,"<div class=""region region-alert"" id=""region-alert"">"
214,https://clearviewlibrary.org/borrow-research/research/general-research?field_resource_category_target_id=23,General Research | Clearview Library,moderate,region,Ensure all page content is contained by landmarks,All page content should be contained by landmarks,https://dequeuniversity.com/rules/axe/4.10/region?application=axeAPI,"<div class=""region region-alert"" id=""region-alert"">"
215,https://clearviewlibrary.org/borrow-research/research/general-research?field_resource_category_target_id=25,General Research | Clearview Library,moderate,region,Ensure all page content is contained by landmarks,All page content should be contained by landmarks,https://dequeuniversity.com/rules/axe/4.10/region?application=axeAPI,"<div class=""region region-alert"" id=""region-alert"">"
216,https://clearviewlibrary.org/borrow-research/research/general-research?field_resource_category_target_id=24,General Research | Clearview Library,moderate,region,Ensure all page content is contained by landmarks,All page content should be contained by landmarks,https://dequeuniversity.com/rules/axe/4.10/region?application=axeAPI,"<div class=""region region-alert"" id=""region-alert"">"
217,https://clearviewlibrary.org/borrow-research/research/general-research?field_resource_category_target_id=21,General Research | Clearview Library,moderate,region,Ensure all page content is contained by landmarks,All page content should be contained by landmarks,https://dequeuniversity.com/rules/axe/4.10/region?application=axeAPI,"<div class=""region region-alert"" id=""region-alert"">"
218,https://clearviewlibrary.org/borrow-research/research/general-research?field_resource_category_target_id=26,General Research | Clearview Library,moderate,region,Ensure all page content is contained by landmarks,All page content should be contained by landmarks,https://dequeuniversity.com/rules/axe/4.10/region?application=axeAPI,"<div class=""region region-alert"" id=""region-alert"">"
219,https://clearviewlibrary.org/borrow-research/research/general-research?field_resource_category_target_id=62,General Research | Clearview Library,moderate,region,Ensure all page content is contained by landmarks,All page content should be contained by landmarks,https://dequeuniversity.com/rules/axe/4.10/region?application=axeAPI,"<div class=""region region-alert"" id=""region-alert"">"
22,https://clearviewlibrary.org/programs-events/upcoming-events/for-teens,For Teens | Clearview Library,serious,frame-title,Ensure <iframe> and <frame> elements have an accessible name,Frames must have an accessible name,https://dequeuniversity.com/rules/axe/4.10/frame-title?application=axeAPI,"<iframe src=""https://clearview.libnet.info/widget?id=2902&amp;style=1089&amp;bodyonly=1"" data-widgetid=""3037"" data-client=""clearview"" scrolling=""no"" style=""overflow: hidden;"" width=""400"" height=""400"" marginheight=""0"" frameborder=""0"" class=""widgetframepreview"" onload=""resizeIframe(this)""></iframe>"
22,https://clearviewlibrary.org/programs-events/upcoming-events/for-teens,For Teens | Clearview Library,moderate,region,Ensure all page content is contained by landmarks,All page content should be contained by landmarks,https://dequeuniversity.com/rules/axe/4.10/region?application=axeAPI,"<div class=""region region-alert"" id=""region-alert"">"
220,https://clearviewlibrary.org/borrow-research/research/automotive?field_resource_category_target_id=77,Automotive | Clearview Library,moderate,region,Ensure all page content is contained by landmarks,All page content should be contained by landmarks,https://dequeuniversity.com/rules/axe/4.10/region?application=axeAPI,"<div class=""region region-alert"" id=""region-alert"">"
221,https://clearviewlibrary.org/borrow-research/research/automotive?field_resource_category_target_id=20,Automotive | Clearview Library,moderate,region,Ensure all page content is contained by landmarks,All page content should be contained by landmarks,https://dequeuniversity.com/rules/axe/4.10/region?application=axeAPI,"<div class=""region region-alert"" id=""region-alert"">"
222,https://clearviewlibrary.org/borrow-research/research/automotive?field_resource_category_target_id=18,Automotive | Clearview Library,moderate,region,Ensure all page content is contained by landmarks,All page content should be contained by landmarks,https://dequeuniversity.com/rules/axe/4.10/region?application=axeAPI,"<div class=""region region-alert"" id=""region-alert"">"
223,https://clearviewlibrary.org/borrow-research/research/automotive?field_resource_category_target_id=19,Automotive | Clearview Library,moderate,region,Ensure all page content is contained by landmarks,All page content should be contained by landmarks,https://dequeuniversity.com/rules/axe/4.10/region?application=axeAPI,"<div class=""region region-alert"" id=""region-alert"">"
224,https://clearviewlibrary.org/borrow-research/research/automotive?field_resource_category_target_id=16,Automotive | Clearview Library,moderate,region,Ensure all page content is contained by landmarks,All page content should be contained by landmarks,https://dequeuniversity.com/rules/axe/4.10/region?application=axeAPI,"<div class=""region region-alert"" id=""region-alert"">"
225,https://clearviewlibrary.org/borrow-research/research/automotive?field_resource_category_target_id=23,Automotive | Clearview Library,moderate,region,Ensure all page content is contained by landmarks,All page content should be contained by landmarks,https://dequeuniversity.com/rules/axe/4.10/region?application=axeAPI,"<div class=""region region-alert"" id=""region-alert"">"
226,https://clearviewlibrary.org/borrow-research/research/automotive?field_resource_category_target_id=25,Automotive | Clearview Library,moderate,region,Ensure all page content is contained by landmarks,All page content should be contained by landmarks,https://dequeuniversity.com/rules/axe/4.10/region?application=axeAPI,"<div class=""region region-alert"" id=""region-alert"">"
227,https://clearviewlibrary.org/borrow-research/research/automotive?field_resource_category_target_id=24,Automotive | Clearview Library,moderate,region,Ensure all page content is contained by landmarks,All page content should be contained by landmarks,https://dequeuniversity.com/rules/axe/4.10/region?application=axeAPI,"<div class=""region region-alert"" id=""region-alert"">"
228,https://clearviewlibrary.org/borrow-research/research/automotive?field_resource_category_target_id=21,Automotive | Clearview Library,moderate,region,Ensure all page content is contained by landmarks,All page content should be contained by landmarks,https://dequeuniversity.com/rules/axe/4.10/region?application=axeAPI,"<div class=""region region-alert"" id=""region-alert"">"
229,https://clearviewlibrary.org/borrow-research/research/automotive?field_resource_category_target_id=26,Automotive | Clearview Library,moderate,region,Ensure all page content is contained by landmarks,All page content should be contained by landmarks,https://dequeuniversity.com/rules/axe/4.10/region?application=axeAPI,"<div class=""region region-alert"" id=""region-alert"">"
23,https://clearviewlibrary.org/programs-events/upcoming-events/book-clubs,Book Clubs | Clearview Library,moderate,region,Ensure all page content is contained by landmarks,All page content should be contained by landmarks,https://dequeuniversity.com/rules/axe/4.10/region?application=axeAPI,"<div class=""region region-alert"" id=""region-alert"">"
230,https://clearviewlibrary.org/borrow-research/research/automotive?field_resource_category_target_id=62,Automotive | Clearview Library,moderate,region,Ensure all page content is contained by landmarks,All page content should be contained by landmarks,https://dequeuniversity.com/rules/axe/4.10/region?application=axeAPI,"<div class=""region region-alert"" id=""region-alert"">"
231,https://clearviewlibrary.org/borrow-research/research/health-science?field_resource_category_target_id=77,Health & Science | Clearview Library,moderate,region,Ensure all page content is contained by landmarks,All page content should be contained by landmarks,https://dequeuniversity.com/rules/axe/4.10/region?application=axeAPI,"<div class=""region region-alert"" id=""region-alert"">"
232,https://clearviewlibrary.org/borrow-research/research/health-science?field_resource_category_target_id=20,Health & Science | Clearview Library,moderate,region,Ensure all page content is contained by landmarks,All page content should be contained by landmarks,https://dequeuniversity.com/rules/axe/4.10/region?application=axeAPI,"<div class=""region region-alert"" id=""region-alert"">"
233,https://clearviewlibrary.org/borrow-research/research/health-science?field_resource_category_target_id=18,Health & Science | Clearview Library,moderate,region,Ensure all page content is contained by landmarks,All page content should be contained by landmarks,https://dequeuniversity.com/rules/axe/4.10/region?application=axeAPI,"<div class=""region region-alert"" id=""region-alert"">"
234,https://clearviewlibrary.org/borrow-research/research/health-science?field_resource_category_target_id=19,Health & Science | Clearview Library,moderate,region,Ensure all page content is contained by landmarks,All page content should be contained by landmarks,https://dequeuniversity.com/rules/axe/4.10/region?application=axeAPI,"<div class=""region region-alert"" id=""region-alert"">"
235,https://clearviewlibrary.org/borrow-research/research/health-science?field_resource_category_target_id=16,Health & Science | Clearview Library,moderate,region,Ensure all page content is contained by landmarks,All page content should be contained by landmarks,https://dequeuniversity.com/rules/axe/4.10/region?application=axeAPI,"<div class=""region region-alert"" id=""region-alert"">"
236,https://clearviewlibrary.org/borrow-research/research/health-science?field_resource_category_target_id=23,Health & Science | Clearview Library,moderate,region,Ensure all page content is contained by landmarks,All page content should be contained by landmarks,https://dequeuniversity.com/rules/axe/4.10/region?application=axeAPI,"<div class=""region region-alert"" id=""region-alert"">"
237,https://clearviewlibrary.org/borrow-research/research/health-science?field_resource_category_target_id=25,Health & Science | Clearview Library,moderate,region,Ensure all page content is contained by landmarks,All page content should be contained by landmarks,https://dequeuniversity.com/rules/axe/4.10/region?application=axeAPI,"<div class=""region region-alert"" id=""region-alert"">"
238,https://clearviewlibrary.org/borrow-research/research/health-science?field_resource_category_target_id=24,Health & Science | Clearview Library,moderate,region,Ensure all page content is contained by landmarks,All page content should be contained by landmarks,https://dequeuniversity.com/rules/axe/4.10/region?application=axeAPI,"<div class=""region region-alert"" id=""region-alert"">"
239,https://clearviewlibrary.org/borrow-research/research/health-science?field_resource_category_target_id=21,Health & Science | Clearview Library,moderate,region,Ensure all page content is contained by landmarks,All page content should be contained by landmarks,https://dequeuniversity.com/rules/axe/4.10/region?application=axeAPI,"<div class=""region region-alert"" id=""region-alert"">"
24,https://clearviewlibrary.org/programs-events/upcoming-events/suggest-program,Suggest a Program | Clearview Library,moderate,region,Ensure all page content is contained by landmarks,All page content should be contained by landmarks,https://dequeuniversity.com/rules/axe/4.10/region?application=axeAPI,"<div class=""region region-alert"" id=""region-alert"">"
240,https://clearviewlibrary.org/borrow-research/research/health-science?field_resource_category_target_id=26,Health & Science | Clearview Library,moderate,region,Ensure all page content is contained by landmarks,All page content should be contained by landmarks,https://dequeuniversity.com/rules/axe/4.10/region?application=axeAPI,"<div class=""region region-alert"" id=""region-alert"">"
241,https://clearviewlibrary.org/borrow-research/research/health-science?field_resource_category_target_id=62,Health & Science | Clearview Library,moderate,region,Ensure all page content is contained by landmarks,All page content should be contained by landmarks,https://dequeuniversity.com/rules/axe/4.10/region?application=axeAPI,"<div class=""region region-alert"" id=""region-alert"">"
242,https://clearviewlibrary.org/borrow-research/research/hobbies?field_resource_category_target_id=77,Hobbies | Clearview Library,moderate,region,Ensure all page content is contained by landmarks,All page content should be contained by landmarks,https://dequeuniversity.com/rules/axe/4.10/region?application=axeAPI,"<div class=""region region-alert"" id=""region-alert"">"
243,https://clearviewlibrary.org/borrow-research/research/hobbies?field_resource_category_target_id=20,Hobbies | Clearview Library,moderate,region,Ensure all page content is contained by landmarks,All page content should be contained by landmarks,https://dequeuniversity.com/rules/axe/4.10/region?application=axeAPI,"<div class=""region region-alert"" id=""region-alert"">"
244,https://clearviewlibrary.org/borrow-research/research/hobbies?field_resource_category_target_id=18,Hobbies | Clearview Library,moderate,region,Ensure all page content is contained by landmarks,All page content should be contained by landmarks,https://dequeuniversity.com/rules/axe/4.10/region?application=axeAPI,"<div class=""region region-alert"" id=""region-alert"">"
245,https://clearviewlibrary.org/borrow-research/research/hobbies?field_resource_category_target_id=19,Hobbies | Clearview Library,moderate,region,Ensure all page content is contained by landmarks,All page content should be contained by landmarks,https://dequeuniversity.com/rules/axe/4.10/region?application=axeAPI,"<div class=""region region-alert"" id=""region-alert"">"
246,https://clearviewlibrary.org/borrow-research/research/hobbies?field_resource_category_target_id=16,Hobbies | Clearview Library,moderate,region,Ensure all page content is contained by landmarks,All page content should be contained by landmarks,https://dequeuniversity.com/rules/axe/4.10/region?application=axeAPI,"<div class=""region region-alert"" id=""region-alert"">"
247,https://clearviewlibrary.org/borrow-research/research/hobbies?field_resource_category_target_id=23,Hobbies | Clearview Library,moderate,region,Ensure all page content is contained by landmarks,All page content should be contained by landmarks,https://dequeuniversity.com/rules/axe/4.10/region?application=axeAPI,"<div class=""region region-alert"" id=""region-alert"">"
248,https://clearviewlibrary.org/borrow-research/research/hobbies?field_resource_category_target_id=25,Hobbies | Clearview Library,moderate,region,Ensure all page content is contained by landmarks,All page content should be contained by landmarks,https://dequeuniversity.com/rules/axe/4.10/region?application=axeAPI,"<div class=""region region-alert"" id=""region-alert"">"
249,https://clearviewlibrary.org/borrow-research/research/hobbies?field_resource_category_target_id=24,Hobbies | Clearview Library,moderate,region,Ensure all page content is contained by landmarks,All page content should be contained by landmarks,https://dequeuniversity.com/rules/axe/4.10/region?application=axeAPI,"<div class=""region region-alert"" id=""region-alert"">"
25,https://clearviewlibrary.org/sap,Summer Adventure Program | Clearview Library,moderate,region,Ensure all page content is contained by landmarks,All page content should be contained by landmarks,https://dequeuniversity.com/rules/axe/4.10/region?application=axeAPI,"<div class=""region region-alert"" id=""region-alert"">"
250,https://clearviewlibrary.org/borrow-research/research/hobbies?field_resource_category_target_id=21,Hobbies | Clearview Library,moderate,region,Ensure all page content is contained by landmarks,All page content should be contained by landmarks,https://dequeuniversity.com/rules/axe/4.10/region?application=axeAPI,"<div class=""region region-alert"" id=""region-alert"">"
251,https://clearviewlibrary.org/borrow-research/research/hobbies?field_resource_category_target_id=26,Hobbies | Clearview Library,moderate,region,Ensure all page content is contained by landmarks,All page content should be contained by landmarks,https://dequeuniversity.com/rules/axe/4.10/region?application=axeAPI,"<div class=""region region-alert"" id=""region-alert"">"
252,https://clearviewlibrary.org/borrow-research/research/hobbies?field_resource_category_target_id=62,Hobbies | Clearview Library,moderate,region,Ensure all page content is contained by landmarks,All page content should be contained by landmarks,https://dequeuniversity.com/rules/axe/4.10/region?application=axeAPI,"<div class=""region region-alert"" id=""region-alert"">"
253,https://clearviewlibrary.org/borrow-research/research/technology?field_resource_category_target_id=77,Technology | Clearview Library,moderate,region,Ensure all page content is contained by landmarks,All page content should be contained by landmarks,https://dequeuniversity.com/rules/axe/4.10/region?application=axeAPI,"<div class=""region region-alert"" id=""region-alert"">"
254,https://clearviewlibrary.org/borrow-research/research/technology?field_resource_category_target_id=20,Technology | Clearview Library,moderate,region,Ensure all page content is contained by landmarks,All page content should be contained by landmarks,https://dequeuniversity.com/rules/axe/4.10/region?application=axeAPI,"<div class=""region region-alert"" id=""region-alert"">"
255,https://clearviewlibrary.org/borrow-research/research/technology?field_resource_category_target_id=18,Technology | Clearview Library,moderate,region,Ensure all page content is contained by landmarks,All page content should be contained by landmarks,https://dequeuniversity.com/rules/axe/4.10/region?application=axeAPI,"<div class=""region region-alert"" id=""region-alert"">"
256,https://clearviewlibrary.org/borrow-research/research/technology?field_resource_category_target_id=19,Technology | Clearview Library,moderate,region,Ensure all page content is contained by landmarks,All page content should be contained by landmarks,https://dequeuniversity.com/rules/axe/4.10/region?application=axeAPI,"<div class=""region region-alert"" id=""region-alert"">"
257,https://clearviewlibrary.org/borrow-research/research/technology?field_resource_category_target_id=16,Technology | Clearview Library,moderate,region,Ensure all page content is contained by landmarks,All page content should be contained by landmarks,https://dequeuniversity.com/rules/axe/4.10/region?application=axeAPI,"<div class=""region region-alert"" id=""region-alert"">"
258,https://clearviewlibrary.org/borrow-research/research/technology?field_resource_category_target_id=23,Technology | Clearview Library,moderate,region,Ensure all page content is contained by landmarks,All page content should be contained by landmarks,https://dequeuniversity.com/rules/axe/4.10/region?application=axeAPI,"<div class=""region region-alert"" id=""region-alert"">"
259,https://clearviewlibrary.org/borrow-research/research/technology?field_resource_category_target_id=25,Technology | Clearview Library,moderate,region,Ensure all page content is contained by landmarks,All page content should be contained by landmarks,https://dequeuniversity.com/rules/axe/4.10/region?application=axeAPI,"<div class=""region region-alert"" id=""region-alert"">"
26,https://clearviewlibrary.org/programs-events/just-for-kids,Just for Kids | Clearview Library,moderate,region,Ensure all page content is contained by landmarks,All page content should be contained by landmarks,https://dequeuniversity.com/rules/axe/4.10/region?application=axeAPI,"<div class=""region region-alert"" id=""region-alert"">"
260,https://clearviewlibrary.org/borrow-research/research/technology?field_resource_category_target_id=24,Technology | Clearview Library,moderate,region,Ensure all page content is contained by landmarks,All page content should be contained by landmarks,https://dequeuniversity.com/rules/axe/4.10/region?application=axeAPI,"<div class=""region region-alert"" id=""region-alert"">"
261,https://clearviewlibrary.org/borrow-research/research/technology?field_resource_category_target_id=21,Technology | Clearview Library,moderate,region,Ensure all page content is contained by landmarks,All page content should be contained by landmarks,https://dequeuniversity.com/rules/axe/4.10/region?application=axeAPI,"<div class=""region region-alert"" id=""region-alert"">"
262,https://clearviewlibrary.org/borrow-research/research/technology?field_resource_category_target_id=26,Technology | Clearview Library,moderate,region,Ensure all page content is contained by landmarks,All page content should be contained by landmarks,https://dequeuniversity.com/rules/axe/4.10/region?application=axeAPI,"<div class=""region region-alert"" id=""region-alert"">"
263,https://clearviewlibrary.org/borrow-research/research/technology?field_resource_category_target_id=62,Technology | Clearview Library,moderate,region,Ensure all page content is contained by landmarks,All page content should be contained by landmarks,https://dequeuniversity.com/rules/axe/4.10/region?application=axeAPI,"<div class=""region region-alert"" id=""region-alert"">"
264,https://clearviewlibrary.org/borrow-research/research/books-literature-0?field_resource_category_target_id=All,Books & Literature | Clearview Library,moderate,region,Ensure all page content is contained by landmarks,All page content should be contained by landmarks,https://dequeuniversity.com/rules/axe/4.10/region?application=axeAPI,"<div class=""region region-alert"" id=""region-alert"">"
265,https://clearviewlibrary.org/borrow-research/research/business-legal-0?field_resource_category_target_id=All,Business & Legal | Clearview Library,moderate,region,Ensure all page content is contained by landmarks,All page content should be contained by landmarks,https://dequeuniversity.com/rules/axe/4.10/region?application=axeAPI,"<div class=""region region-alert"" id=""region-alert"">"
266,https://clearviewlibrary.org/borrow-research/research/history-genealogy?field_resource_category_target_id=All,History & Genealogy | Clearview Library,moderate,region,Ensure all page content is contained by landmarks,All page content should be contained by landmarks,https://dequeuniversity.com/rules/axe/4.10/region?application=axeAPI,"<div class=""region region-alert"" id=""region-alert"">"
267,https://clearviewlibrary.org/borrow-research/research/homework-online-learning-0?field_resource_category_target_id=All,Homework & Online Learning | Clearview Library,moderate,region,Ensure all page content is contained by landmarks,All page content should be contained by landmarks,https://dequeuniversity.com/rules/axe/4.10/region?application=axeAPI,"<div class=""region region-alert"" id=""region-alert"">"
268,https://clearviewlibrary.org/borrow-research/research/news-current-events?field_resource_category_target_id=All,News & Current Events | Clearview Library,moderate,region,Ensure all page content is contained by landmarks,All page content should be contained by landmarks,https://dequeuniversity.com/rules/axe/4.10/region?application=axeAPI,"<div class=""region region-alert"" id=""region-alert"">"
269,https://clearviewlibrary.org/about-us/learn-more/news/real-baby-food-easy-all-natural-recipes-your-baby-and-toddler-jenna-helwig,"Real Baby Food: Easy, All-Natural Recipes for Your Baby and Toddler by Jenna Helwig | Clearview Library",moderate,region,Ensure all page content is contained by landmarks,All page content should be contained by landmarks,https://dequeuniversity.com/rules/axe/4.10/region?application=axeAPI,"<div class=""region region-alert"" id=""region-alert"">"
27,https://clearviewlibrary.org/programs-events/just-for-kids/little-ones,Little Ones | Clearview Library,serious,frame-title,Ensure <iframe> and <frame> elements have an accessible name,Frames must have an accessible name,https://dequeuniversity.com/rules/axe/4.10/frame-title?application=axeAPI,"<iframe src=""https://clearview.libnet.info/widget?id=2900&amp;style=1089&amp;bodyonly=1"" data-widgetid=""2900"" data-client=""clearview"" scrolling=""no"" style=""overflow: hidden;"" width=""300"" height=""400"" marginheight=""0"" frameborder=""0"" class=""widgetframepreview"" onload=""resizeIframe(this)""></iframe>"
27,https://clearviewlibrary.org/programs-events/just-for-kids/little-ones,Little Ones | Clearview Library,moderate,region,Ensure all page content is contained by landmarks,All page content should be contained by landmarks,https://dequeuniversity.com/rules/axe/4.10/region?application=axeAPI,"<div class=""region region-alert"" id=""region-alert"">"
270,https://clearviewlibrary.org/about-us/learn-more/news/cookbook-nook-martha-stewarts-fruit-desserts-100-delicious-ways-savor-best,Cookbook Nook: Martha Stewart's Fruit Desserts: 100+ Delicious Ways to Savor the Best of Every Season by Martha Stewart | Clearview Library,moderate,region,Ensure all page content is contained by landmarks,All page content should be contained by landmarks,https://dequeuniversity.com/rules/axe/4.10/region?application=axeAPI,"<div class=""region region-alert"" id=""region-alert"">"
271,https://clearviewlibrary.org/about-us/learn-more/news/cookbook-nook-official-bridgerton-cookbook-regula-ysewijn,Cookbook Nook: The Official Bridgerton Cookbook by Regula Ysewijn | Clearview Library,moderate,region,Ensure all page content is contained by landmarks,All page content should be contained by landmarks,https://dequeuniversity.com/rules/axe/4.10/region?application=axeAPI,"<div class=""region region-alert"" id=""region-alert"">"
272,https://clearviewlibrary.org/about-us/learn-more/news/cookbook-nook-windsor-colorado-centennial-cookbook-1890-1990,Cookbook Nook: Windsor Colorado Centennial Cookbook 1890-1990 | Clearview Library,moderate,region,Ensure all page content is contained by landmarks,All page content should be contained by landmarks,https://dequeuniversity.com/rules/axe/4.10/region?application=axeAPI,"<div class=""region region-alert"" id=""region-alert"">"
273,https://clearviewlibrary.org/about-us/learn-more/news/half-baked-harvest-quick-cozy-cookbook-tieghan-gerard,Half Baked Harvest Quick & Cozy: A Cookbook by Tieghan Gerard | Clearview Library,moderate,region,Ensure all page content is contained by landmarks,All page content should be contained by landmarks,https://dequeuniversity.com/rules/axe/4.10/region?application=axeAPI,"<div class=""region region-alert"" id=""region-alert"">"
274,https://clearviewlibrary.org/about-us/learn-more/news/cookbook-nook-pumpkin-spice-cookbook-60-wonderfully-warming-recipes,Cookbook Nook: The Pumpkin Spice Cookbook: 60 Wonderfully Warming Recipes by Heather Thomas | Clearview Library,moderate,region,Ensure all page content is contained by landmarks,All page content should be contained by landmarks,https://dequeuniversity.com/rules/axe/4.10/region?application=axeAPI,"<div class=""region region-alert"" id=""region-alert"">"
275,https://clearviewlibrary.org/about-us/learn-more/news/cookbook-nook-unofficial-harry-potter-cookbook-dinah-bucholz,Cookbook Nook: The Unofficial Harry Potter Cookbook by Dinah Bucholz | Clearview Library,serious,link-name,Ensure links have discernible text,Links must have discernible text,https://dequeuniversity.com/rules/axe/4.10/link-name?application=axeAPI,"<a href=""https://clearview.marmot.org/Search/Results?join=AND&amp;bool0%5B%5D=AND&amp;lookfor0%5B%5D=The%20Unofficial%20Harry%20Potter%20Cookbook&amp;type0%5B%5D=Title&amp;bool1%5B%5D=AND&amp;lookfor1%5B%5D=Bucholz&amp;type1%5B%5D=Author&amp;filter%5B%5D=availability_toggle_clearview%3A%22Entire%20Collection%22"">"
275,https://clearviewlibrary.org/about-us/learn-more/news/cookbook-nook-unofficial-harry-potter-cookbook-dinah-bucholz,Cookbook Nook: The Unofficial Harry Potter Cookbook by Dinah Bucholz | Clearview Library,moderate,region,Ensure all page content is contained by landmarks,All page content should be contained by landmarks,https://dequeuniversity.com/rules/axe/4.10/region?application=axeAPI,"<div class=""region region-alert"" id=""region-alert"">"
276,https://clearviewlibrary.org/about-us/learn-more/news/cookbook-nook-how-not-die-cookbook-michael-greger,Cookbook Nook: The How Not to Die Cookbook by Michael Greger | Clearview Library,moderate,region,Ensure all page content is contained by landmarks,All page content should be contained by landmarks,https://dequeuniversity.com/rules/axe/4.10/region?application=axeAPI,"<div class=""region region-alert"" id=""region-alert"">"
277,https://clearviewlibrary.org/about-us/learn-more/news/cookbook-nook-noom-kitchen-100-healthy-delicious-flexible-recipes-every,"Cookbook Nook: The Noom Kitchen: 100 Healthy, Delicious, Flexible Recipes for Every Day by Noom | Clearview Library",moderate,region,Ensure all page content is contained by landmarks,All page content should be contained by landmarks,https://dequeuniversity.com/rules/axe/4.10/region?application=axeAPI,"<div class=""region region-alert"" id=""region-alert"">"
278,https://clearviewlibrary.org/about-us/learn-more/news/cookbook-nook-mexican-today-pati-jinish,Cookbook Nook: Mexican Today by Pati Jinish | Clearview Library,moderate,region,Ensure all page content is contained by landmarks,All page content should be contained by landmarks,https://dequeuniversity.com/rules/axe/4.10/region?application=axeAPI,"<div class=""region region-alert"" id=""region-alert"">"
279,https://clearviewlibrary.org/about-us/learn-more/news/cookbook-nook-blue-zones-american-kitchen-dan-buettner,Cookbook Nook: The Blue Zones American Kitchen by Dan Buettner | Clearview Library,moderate,region,Ensure all page content is contained by landmarks,All page content should be contained by landmarks,https://dequeuniversity.com/rules/axe/4.10/region?application=axeAPI,"<div class=""region region-alert"" id=""region-alert"">"
28,https://clearviewlibrary.org/programs-events/just-for-kids/1k-books-before-kindergarten,1000 Books Before Kindergarten | Clearview Library,moderate,region,Ensure all page content is contained by landmarks,All page content should be contained by landmarks,https://dequeuniversity.com/rules/axe/4.10/region?application=axeAPI,"<div class=""region region-alert"" id=""region-alert"">"
280,https://clearviewlibrary.org/about-us/learn-more/news/cookbook-nook-taste-home-make-ahead-comfort-foods,Cookbook Nook: Taste of Home: Make-Ahead Comfort Foods | Clearview Library,moderate,region,Ensure all page content is contained by landmarks,All page content should be contained by landmarks,https://dequeuniversity.com/rules/axe/4.10/region?application=axeAPI,"<div class=""region region-alert"" id=""region-alert"">"
281,https://clearviewlibrary.org/about-us/learn-more/news/cookbook-nook-milk-street-cook-what-you-have-christopher-kimball,Cookbook Nook: Milk Street: Cook What You Have by Christopher Kimball | Clearview Library,moderate,region,Ensure all page content is contained by landmarks,All page content should be contained by landmarks,https://dequeuniversity.com/rules/axe/4.10/region?application=axeAPI,"<div class=""region region-alert"" id=""region-alert"">"
282,https://clearviewlibrary.org/cookbook-nook?page=0,Cookbook Nook | Clearview Library,moderate,region,Ensure all page content is contained by landmarks,All page content should be contained by landmarks,https://dequeuniversity.com/rules/axe/4.10/region?application=axeAPI,"<div class=""region region-alert"" id=""region-alert"">"
283,https://clearviewlibrary.org/cookbook-nook?page=1,Cookbook Nook | Clearview Library,moderate,region,Ensure all page content is contained by landmarks,All page content should be contained by landmarks,https://dequeuniversity.com/rules/axe/4.10/region?application=axeAPI,"<div class=""region region-alert"" id=""region-alert"">"
284,https://clearviewlibrary.org/cookbook-nook?page=2,Cookbook Nook | Clearview Library,moderate,region,Ensure all page content is contained by landmarks,All page content should be contained by landmarks,https://dequeuniversity.com/rules/axe/4.10/region?application=axeAPI,"<div class=""region region-alert"" id=""region-alert"">"
285,https://clearviewlibrary.org/about-us/learn-more/news/proposal-network-services-and-hardware-all-sites,Proposal for Network Services and Hardware for All Sites | Clearview Library,moderate,region,Ensure all page content is contained by landmarks,All page content should be contained by landmarks,https://dequeuniversity.com/rules/axe/4.10/region?application=axeAPI,"<div class=""region region-alert"" id=""region-alert"">"
286,https://clearviewlibrary.org/about-us/learn-more/news/windsor-and-severance-library-branches-announce-new-hours-starting,"Windsor and Severance Library Branches Announce New Hours Starting December 30, 2024 | Clearview Library",moderate,region,Ensure all page content is contained by landmarks,All page content should be contained by landmarks,https://dequeuniversity.com/rules/axe/4.10/region?application=axeAPI,"<div class=""region region-alert"" id=""region-alert"">"
287,https://clearviewlibrary.org/about-us/learn-more/news/clearview-library-district-statement-town-windsors-development-resolution,Clearview Library District Statement on Town of Windsor’s Development Resolution (2024-62) | Clearview Library,moderate,region,Ensure all page content is contained by landmarks,All page content should be contained by landmarks,https://dequeuniversity.com/rules/axe/4.10/region?application=axeAPI,"<div class=""region region-alert"" id=""region-alert"">"
288,https://clearviewlibrary.org/about-us/learn-more/news/clearview-library-district-appoints-new-library-director,Clearview Library District Appoints New Library Director | Clearview Library,moderate,region,Ensure all page content is contained by landmarks,All page content should be contained by landmarks,https://dequeuniversity.com/rules/axe/4.10/region?application=axeAPI,"<div class=""region region-alert"" id=""region-alert"">"
289,https://clearviewlibrary.org/about-us/learn-more/news/discover-more-pika-our-new-intuitive-catalog-system,Discover More with Pika: Our New Intuitive Catalog System | Clearview Library,moderate,region,Ensure all page content is contained by landmarks,All page content should be contained by landmarks,https://dequeuniversity.com/rules/axe/4.10/region?application=axeAPI,"<div class=""region region-alert"" id=""region-alert"">"
29,https://clearviewlibrary.org/services,Services | Clearview Library,moderate,region,Ensure all page content is contained by landmarks,All page content should be contained by landmarks,https://dequeuniversity.com/rules/axe/4.10/region?application=axeAPI,"<div class=""region region-alert"" id=""region-alert"">"
290,https://clearviewlibrary.org/about-us/learn-more/news/2024-candidates-library-director-position,2024 Candidates for the Library Director Position | Clearview Library,moderate,region,Ensure all page content is contained by landmarks,All page content should be contained by landmarks,https://dequeuniversity.com/rules/axe/4.10/region?application=axeAPI,"<div class=""region region-alert"" id=""region-alert"">"
291,https://clearviewlibrary.org/about-us/learn-more/news/library-district-director-retirement-announcement,Library District Director Retirement Announcement | Clearview Library,moderate,region,Ensure all page content is contained by landmarks,All page content should be contained by landmarks,https://dequeuniversity.com/rules/axe/4.10/region?application=axeAPI,"<div class=""region region-alert"" id=""region-alert"">"
292,https://clearviewlibrary.org/about-us/learn-more/news/library-director-opening,Library Director Opening | Clearview Library,moderate,region,Ensure all page content is contained by landmarks,All page content should be contained by landmarks,https://dequeuniversity.com/rules/axe/4.10/region?application=axeAPI,"<div class=""region region-alert"" id=""region-alert"">"
293,https://clearviewlibrary.org/about-us/learn-more/news/cookbook-nook-halloween-cookbook-betty-crocker,Cookbook Nook: Halloween Cookbook by Betty Crocker | Clearview Library,moderate,region,Ensure all page content is contained by landmarks,All page content should be contained by landmarks,https://dequeuniversity.com/rules/axe/4.10/region?application=axeAPI,"<div class=""region region-alert"" id=""region-alert"">"
294,https://clearviewlibrary.org/about-us/learn-more/news/cookbook-nook-forest-feast-simple-vegetarian-recipes-my-cabin-woods,Cookbook Nook: The Forest Feast: Simple Vegetarian Recipes from My Cabin in the Woods | Clearview Library,moderate,region,Ensure all page content is contained by landmarks,All page content should be contained by landmarks,https://dequeuniversity.com/rules/axe/4.10/region?application=axeAPI,"<div class=""region region-alert"" id=""region-alert"">"
295,https://clearviewlibrary.org/about-us/learn-more/news/statement-clearview-library-district-board,Statement from the Clearview Library District Board | Clearview Library,moderate,region,Ensure all page content is contained by landmarks,All page content should be contained by landmarks,https://dequeuniversity.com/rules/axe/4.10/region?application=axeAPI,"<div class=""region region-alert"" id=""region-alert"">"
296,https://clearviewlibrary.org/about-us/learn-more/news/cookbook-nook-farmhouse-rules-seasonal-meals-whole-family,The Cookbook Nook: Farmhouse Rules: Seasonal Meals for the Whole Family | Clearview Library,moderate,region,Ensure all page content is contained by landmarks,All page content should be contained by landmarks,https://dequeuniversity.com/rules/axe/4.10/region?application=axeAPI,"<div class=""region region-alert"" id=""region-alert"">"
297,https://clearviewlibrary.org/about-us/learn-more/news/cookbook-nook-take-it-easy-recipes-zero-stress-deliciousness,The Cookbook Nook: Take It Easy: Recipes for Zero Stress Deliciousness | Clearview Library,moderate,region,Ensure all page content is contained by landmarks,All page content should be contained by landmarks,https://dequeuniversity.com/rules/axe/4.10/region?application=axeAPI,"<div class=""region region-alert"" id=""region-alert"">"
298,https://clearviewlibrary.org/about-us/learn-more/news/request-proposal-shelving,Request for Proposal for Shelving | Clearview Library,moderate,region,Ensure all page content is contained by landmarks,All page content should be contained by landmarks,https://dequeuniversity.com/rules/axe/4.10/region?application=axeAPI,"<div class=""region region-alert"" id=""region-alert"">"
299,https://clearviewlibrary.org/about-us/learn-more/news/request-proposal-furniture,Request for Proposal for Furniture | Clearview Library,moderate,region,Ensure all page content is contained by landmarks,All page content should be contained by landmarks,https://dequeuniversity.com/rules/axe/4.10/region?application=axeAPI,"<div class=""region region-alert"" id=""region-alert"">"
3,https://clearviewlibrary.org/about-us/learn-more/hours-locations,Hours & Locations | Clearview Library,moderate,region,Ensure all page content is contained by landmarks,All page content should be contained by landmarks,https://dequeuniversity.com/rules/axe/4.10/region?application=axeAPI,"<div class=""region region-alert"" id=""region-alert"">"
30,https://clearviewlibrary.org/services/technology,Technology Services | Clearview Library,moderate,region,Ensure all page content is contained by landmarks,All page content should be contained by landmarks,https://dequeuniversity.com/rules/axe/4.10/region?application=axeAPI,"<div class=""region region-alert"" id=""region-alert"">"
300,https://clearviewlibrary.org/about-us/learn-more/news/cookbook-nook-mi-cocina-recipes-and-rapture-my-kitchen-mexico,The Cookbook Nook: Mi Cocina: Recipes and Rapture from My Kitchen in Mexico | Clearview Library,moderate,region,Ensure all page content is contained by landmarks,All page content should be contained by landmarks,https://dequeuniversity.com/rules/axe/4.10/region?application=axeAPI,"<div class=""region region-alert"" id=""region-alert"">"
301,https://clearviewlibrary.org/about-us/learn-more/news/request-proposal-naming-convention-logo-design-and-branding-refresh,"Request for Proposal for Naming Convention, Logo Design, and Branding Refresh | Clearview Library",moderate,region,Ensure all page content is contained by landmarks,All page content should be contained by landmarks,https://dequeuniversity.com/rules/axe/4.10/region?application=axeAPI,"<div class=""region region-alert"" id=""region-alert"">"
302,https://clearviewlibrary.org/about-us/learn-more/news/cookbook-nook-delectable-sweet-and-savory-baking-claudia-fleming,The Cookbook Nook: Delectable: Sweet and Savory Baking by Claudia Fleming | Clearview Library,moderate,region,Ensure all page content is contained by landmarks,All page content should be contained by landmarks,https://dequeuniversity.com/rules/axe/4.10/region?application=axeAPI,"<div class=""region region-alert"" id=""region-alert"">"
303,https://clearviewlibrary.org/about-us/learn-more/news/clearview-library-district-breaks-ground-new-branch-severance,Clearview Library District Breaks Ground on New Branch in Severance | Clearview Library,moderate,region,Ensure all page content is contained by landmarks,All page content should be contained by landmarks,https://dequeuniversity.com/rules/axe/4.10/region?application=axeAPI,"<div class=""region region-alert"" id=""region-alert"">"
304,https://clearviewlibrary.org/about-us/learn-more/news/cookbook-nook-100-techniques-master-lifetime-cooking-skills-basic-bucket,"The Cookbook Nook: 100 Techniques: Master A Lifetime Of Cooking Skills, From Basic To Bucket List by America's Test Kitchen | Clearview Library",moderate,region,Ensure all page content is contained by landmarks,All page content should be contained by landmarks,https://dequeuniversity.com/rules/axe/4.10/region?application=axeAPI,"<div class=""region region-alert"" id=""region-alert"">"
305,https://clearviewlibrary.org/about-us/learn-more/news/events,Events | Clearview Library,moderate,region,Ensure all page content is contained by landmarks,All page content should be contained by landmarks,https://dequeuniversity.com/rules/axe/4.10/region?application=axeAPI,"<div class=""region region-alert"" id=""region-alert"">"
306,https://clearviewlibrary.org/about-us/learn-more/news/national-library-week-2023,National Library Week 2023 | Clearview Library,moderate,region,Ensure all page content is contained by landmarks,All page content should be contained by landmarks,https://dequeuniversity.com/rules/axe/4.10/region?application=axeAPI,"<div class=""region region-alert"" id=""region-alert"">"
307,https://clearviewlibrary.org/about-us/learn-more/news/cookbook-nook-pasta-queen-just-gorgeous-cookbook-nadia-caterina-munno,The Cookbook Nook: The Pasta Queen: A Just Gorgeous Cookbook by Nadia Caterina Munno | Clearview Library,moderate,region,Ensure all page content is contained by landmarks,All page content should be contained by landmarks,https://dequeuniversity.com/rules/axe/4.10/region?application=axeAPI,"<div class=""region region-alert"" id=""region-alert"">"
308,https://clearviewlibrary.org/about-us/learn-more/news/pioneer-woman-cooks-super-easy-ree-drummond,The Pioneer Woman Cooks: Super Easy! by Ree Drummond | Clearview Library,moderate,region,Ensure all page content is contained by landmarks,All page content should be contained by landmarks,https://dequeuniversity.com/rules/axe/4.10/region?application=axeAPI,"<div class=""region region-alert"" id=""region-alert"">"
309,https://clearviewlibrary.org/about-us/learn-more/news/request-proposal-network-services-and-hardware-0,Request for Proposal for Network Services and Hardware | Clearview Library,moderate,region,Ensure all page content is contained by landmarks,All page content should be contained by landmarks,https://dequeuniversity.com/rules/axe/4.10/region?application=axeAPI,"<div class=""region region-alert"" id=""region-alert"">"
31,https://clearviewlibrary.org/services/technology/3d-printing,3D Printing | Clearview Library,moderate,region,Ensure all page content is contained by landmarks,All page content should be contained by landmarks,https://dequeuniversity.com/rules/axe/4.10/region?application=axeAPI,"<div class=""region region-alert"" id=""region-alert"">"
310,https://clearviewlibrary.org/about-us/learn-more/news/cookbook-nook-korean-vegan-cookbook-joanne-lee-molinaro,The Cookbook Nook: The Korean Vegan Cookbook by Joanne Lee Molinaro | Clearview Library,moderate,region,Ensure all page content is contained by landmarks,All page content should be contained by landmarks,https://dequeuniversity.com/rules/axe/4.10/region?application=axeAPI,"<div class=""region region-alert"" id=""region-alert"">"
311,https://clearviewlibrary.org/about-us/learn-more/news/cookbook-nook-dories-cookies,The Cookbook Nook: Dorie's Cookies | Clearview Library,moderate,region,Ensure all page content is contained by landmarks,All page content should be contained by landmarks,https://dequeuniversity.com/rules/axe/4.10/region?application=axeAPI,"<div class=""region region-alert"" id=""region-alert"">"
312,https://clearviewlibrary.org/about-us/learn-more/news/cookbook-nook-prep-rally,"The Cookbook Nook: Prep + Rally: an hour of prep, a week of delicious meals. | Clearview Library",moderate,region,Ensure all page content is contained by landmarks,All page content should be contained by landmarks,https://dequeuniversity.com/rules/axe/4.10/region?application=axeAPI,"<div class=""region region-alert"" id=""region-alert"">"
313,https://clearviewlibrary.org/about-us/learn-more/news/cookbook-nook-half-baked-harvest-every-day,Cookbook Nook: Half Baked Harvest: Every Day | Clearview Library,moderate,region,Ensure all page content is contained by landmarks,All page content should be contained by landmarks,https://dequeuniversity.com/rules/axe/4.10/region?application=axeAPI,"<div class=""region region-alert"" id=""region-alert"">"
314,https://clearviewlibrary.org/about-us/learn-more/news/severance-library-branch,Severance Library Branch | Clearview Library,moderate,region,Ensure all page content is contained by landmarks,All page content should be contained by landmarks,https://dequeuniversity.com/rules/axe/4.10/region?application=axeAPI,"<div class=""region region-alert"" id=""region-alert"">"
315,https://clearviewlibrary.org/about-us/learn-more/news/request-proposal-network-services-and-hardware,Request for Proposal for Network Services and Hardware | Clearview Library,moderate,region,Ensure all page content is contained by landmarks,All page content should be contained by landmarks,https://dequeuniversity.com/rules/axe/4.10/region?application=axeAPI,"<div class=""region region-alert"" id=""region-alert"">"
316,https://clearviewlibrary.org/about-us/learn-more/news/library-and-school-district-partner-bring-e-books-students,Library and School District Partner to Bring e-Books to Students | Clearview Library,moderate,region,Ensure all page content is contained by landmarks,All page content should be contained by landmarks,https://dequeuniversity.com/rules/axe/4.10/region?application=axeAPI,"<div class=""region region-alert"" id=""region-alert"">"
317,https://clearviewlibrary.org/about-us/learn-more/policies-faqs/check-out-information-policy,Check Out Policy | Clearview Library,moderate,region,Ensure all page content is contained by landmarks,All page content should be contained by landmarks,https://dequeuniversity.com/rules/axe/4.10/region?application=axeAPI,"<div class=""region region-alert"" id=""region-alert"">"
318,https://clearviewlibrary.org/borrow-research/books-movies-more/suggest-purchase,Access denied | Clearview Library,moderate,page-has-heading-one,"Ensure that the page, or at least one of its frames contains a level-one heading",Page should contain a level-one heading,https://dequeuniversity.com/rules/axe/4.10/page-has-heading-one?application=axeAPI,"<html lang=""en"" dir=""ltr"" prefix=""content: http://purl.org/rss/1.0/modules/content/  dc: http://purl.org/dc/terms/  foaf: http://xmlns.com/foaf/0.1/  og: http://ogp.me/ns#  rdfs: http://www.w3.org/2000/01/rdf-schema#  schema: http://schema.org/  sioc: http://rdfs.org/sioc/ns#  sioct: http://rdfs.org/sioc/types#  skos: http://www.w3.org/2004/02/skos/core#  xsd: http://www.w3.org/2001/XMLSchema# "" class="" js"">"
318,https://clearviewlibrary.org/borrow-research/books-movies-more/suggest-purchase,Access denied | Clearview Library,moderate,region,Ensure all page content is contained by landmarks,All page content should be contained by landmarks,https://dequeuniversity.com/rules/axe/4.10/region?application=axeAPI,"<div class=""region region-alert"" id=""region-alert"">"
319,https://clearviewlibrary.org/node/322,Request Public Records | Clearview Library,moderate,region,Ensure all page content is contained by landmarks,All page content should be contained by landmarks,https://dequeuniversity.com/rules/axe/4.10/region?application=axeAPI,"<div class=""region region-alert"" id=""region-alert"">"
32,https://clearviewlibrary.org/about-us/learn-more/news/text-notifications,Text Notifications | Clearview Library,moderate,region,Ensure all page content is contained by landmarks,All page content should be contained by landmarks,https://dequeuniversity.com/rules/axe/4.10/region?application=axeAPI,"<div class=""region region-alert"" id=""region-alert"">"
320,https://clearviewlibrary.org/borrow-research/research/general-research?field_resource_category_target_id=All,General Research | Clearview Library,moderate,region,Ensure all page content is contained by landmarks,All page content should be contained by landmarks,https://dequeuniversity.com/rules/axe/4.10/region?application=axeAPI,"<div class=""region region-alert"" id=""region-alert"">"
321,https://clearviewlibrary.org/borrow-research/research/automotive?field_resource_category_target_id=All,Automotive | Clearview Library,moderate,region,Ensure all page content is contained by landmarks,All page content should be contained by landmarks,https://dequeuniversity.com/rules/axe/4.10/region?application=axeAPI,"<div class=""region region-alert"" id=""region-alert"">"
322,https://clearviewlibrary.org/borrow-research/research/health-science?field_resource_category_target_id=All,Health & Science | Clearview Library,moderate,region,Ensure all page content is contained by landmarks,All page content should be contained by landmarks,https://dequeuniversity.com/rules/axe/4.10/region?application=axeAPI,"<div class=""region region-alert"" id=""region-alert"">"
323,https://clearviewlibrary.org/borrow-research/research/hobbies?field_resource_category_target_id=All,Hobbies | Clearview Library,moderate,region,Ensure all page content is contained by landmarks,All page content should be contained by landmarks,https://dequeuniversity.com/rules/axe/4.10/region?application=axeAPI,"<div class=""region region-alert"" id=""region-alert"">"
324,https://clearviewlibrary.org/borrow-research/research/technology?field_resource_category_target_id=All,Technology | Clearview Library,moderate,region,Ensure all page content is contained by landmarks,All page content should be contained by landmarks,https://dequeuniversity.com/rules/axe/4.10/region?application=axeAPI,"<div class=""region region-alert"" id=""region-alert"">"
33,https://clearviewlibrary.org/services/other,Other Services | Clearview Library,moderate,region,Ensure all page content is contained by landmarks,All page content should be contained by landmarks,https://dequeuniversity.com/rules/axe/4.10/region?application=axeAPI,"<div class=""region region-alert"" id=""region-alert"">"
34,https://clearviewlibrary.org/services/other/bookmobile,Bookmobile | Clearview Library,moderate,region,Ensure all page content is contained by landmarks,All page content should be contained by landmarks,https://dequeuniversity.com/rules/axe/4.10/region?application=axeAPI,"<div class=""region region-alert"" id=""region-alert"">"
35,https://clearviewlibrary.org/services/other/lobby-stops,Lobby Stops | Clearview Library,moderate,region,Ensure all page content is contained by landmarks,All page content should be contained by landmarks,https://dequeuniversity.com/rules/axe/4.10/region?application=axeAPI,"<div class=""region region-alert"" id=""region-alert"">"
36,https://clearviewlibrary.org/services/other/tax-help,Tax Help | Clearview Library,moderate,region,Ensure all page content is contained by landmarks,All page content should be contained by landmarks,https://dequeuniversity.com/rules/axe/4.10/region?application=axeAPI,"<div class=""region region-alert"" id=""region-alert"">"
37,https://clearviewlibrary.org/educator-card,Educator Card | Clearview Library,moderate,region,Ensure all page content is contained by landmarks,All page content should be contained by landmarks,https://dequeuniversity.com/rules/axe/4.10/region?application=axeAPI,"<div class=""region region-alert"" id=""region-alert"">"
38,https://clearviewlibrary.org/about-us,About Us | Clearview Library,moderate,region,Ensure all page content is contained by landmarks,All page content should be contained by landmarks,https://dequeuniversity.com/rules/axe/4.10/region?application=axeAPI,"<div class=""region region-alert"" id=""region-alert"">"
39,https://clearviewlibrary.org/about-us/learn-more,Learn More | Clearview Library,moderate,region,Ensure all page content is contained by landmarks,All page content should be contained by landmarks,https://dequeuniversity.com/rules/axe/4.10/region?application=axeAPI,"<div class=""region region-alert"" id=""region-alert"">"
4,https://clearviewlibrary.org/contact,Contact | Clearview Library,moderate,region,Ensure all page content is contained by landmarks,All page content should be contained by landmarks,https://dequeuniversity.com/rules/axe/4.10/region?application=axeAPI,"<div class=""region region-alert"" id=""region-alert"">"
40,https://clearviewlibrary.org/about-us/learn-more/news,News | Clearview Library,moderate,region,Ensure all page content is contained by landmarks,All page content should be contained by landmarks,https://dequeuniversity.com/rules/axe/4.10/region?application=axeAPI,"<div class=""region region-alert"" id=""region-alert"">"
41,https://clearviewlibrary.org/about-us/learn-more/policies,Policies | Clearview Library,moderate,region,Ensure all page content is contained by landmarks,All page content should be contained by landmarks,https://dequeuniversity.com/rules/axe/4.10/region?application=axeAPI,"<div class=""region region-alert"" id=""region-alert"">"
42,https://clearviewlibrary.org/about-us/learn-more/faqs,FAQs | Clearview Library,moderate,region,Ensure all page content is contained by landmarks,All page content should be contained by landmarks,https://dequeuniversity.com/rules/axe/4.10/region?application=axeAPI,"<div class=""region region-alert"" id=""region-alert"">"
43,https://clearviewlibrary.org/about-us/learn-more/board-of-trustees,Board of Trustees | Clearview Library,critical,aria-required-children,Ensure elements with an ARIA role that require child roles contain them,Certain ARIA roles must contain particular children,https://dequeuniversity.com/rules/axe/4.10/aria-required-children?application=axeAPI,"<div class=""view-content ui-accordion ui-widget ui-helper-reset"" role=""tablist"">"
43,https://clearviewlibrary.org/about-us/learn-more/board-of-trustees,Board of Trustees | Clearview Library,moderate,region,Ensure all page content is contained by landmarks,All page content should be contained by landmarks,https://dequeuniversity.com/rules/axe/4.10/region?application=axeAPI,"<div class=""region region-alert"" id=""region-alert"">"
44,https://clearviewlibrary.org/about-us/learn-more/work-with-us,Work With Us | Clearview Library,moderate,region,Ensure all page content is contained by landmarks,All page content should be contained by landmarks,https://dequeuniversity.com/rules/axe/4.10/region?application=axeAPI,"<div class=""region region-alert"" id=""region-alert"">"
45,https://clearviewlibrary.org/about-us/values-priorities,Values & Priorities | Clearview Library,moderate,region,Ensure all page content is contained by landmarks,All page content should be contained by landmarks,https://dequeuniversity.com/rules/axe/4.10/region?application=axeAPI,"<div class=""region region-alert"" id=""region-alert"">"
46,https://clearviewlibrary.org/about-us/values-priorities/our-impact,Our Impact | Clearview Library,moderate,region,Ensure all page content is contained by landmarks,All page content should be contained by landmarks,https://dequeuniversity.com/rules/axe/4.10/region?application=axeAPI,"<div class=""region region-alert"" id=""region-alert"">"
47,https://clearviewlibrary.org/about-us/values-priorities/financial-spending,Financial Spending | Clearview Library,serious,list,Ensure that lists are structured correctly,"<ul> and <ol> must only directly contain <li>, <script> or <template> elements",https://dequeuniversity.com/rules/axe/4.10/list?application=axeAPI,<ul>
47,https://clearviewlibrary.org/about-us/values-priorities/financial-spending,Financial Spending | Clearview Library,moderate,region,Ensure all page content is contained by landmarks,All page content should be contained by landmarks,https://dequeuniversity.com/rules/axe/4.10/region?application=axeAPI,"<div class=""region region-alert"" id=""region-alert"">"
48,https://clearviewlibrary.org/about-us/values-priorities/strategic-plan,Together Forward: 2024-2025 Strategic Plan | Clearview Library,moderate,region,Ensure all page content is contained by landmarks,All page content should be contained by landmarks,https://dequeuniversity.com/rules/axe/4.10/region?application=axeAPI,"<div class=""region region-alert"" id=""region-alert"">"
49,https://clearviewlibrary.org/about-us/support-donate,Support & Donate | Clearview Library,moderate,region,Ensure all page content is contained by landmarks,All page content should be contained by landmarks,https://dequeuniversity.com/rules/axe/4.10/region?application=axeAPI,"<div class=""region region-alert"" id=""region-alert"">"
5,https://clearviewlibrary.org/card,Get a Library Card | Clearview Library,moderate,region,Ensure all page content is contained by landmarks,All page content should be contained by landmarks,https://dequeuniversity.com/rules/axe/4.10/region?application=axeAPI,"<div class=""region region-alert"" id=""region-alert"">"
50,https://clearviewlibrary.org/about-us/support-donate/volunteer,Volunteer | Clearview Library,moderate,region,Ensure all page content is contained by landmarks,All page content should be contained by landmarks,https://dequeuniversity.com/rules/axe/4.10/region?application=axeAPI,"<div class=""region region-alert"" id=""region-alert"">"
51,https://clearviewlibrary.org/your-library-story,Your Library Story | Clearview Library,moderate,region,Ensure all page content is contained by landmarks,All page content should be contained by landmarks,https://dequeuniversity.com/rules/axe/4.10/region?application=axeAPI,"<div class=""region region-alert"" id=""region-alert"">"
52,https://clearviewlibrary.org/about-us/learn-more/news/art-library,Art in the Library | Clearview Library,moderate,region,Ensure all page content is contained by landmarks,All page content should be contained by landmarks,https://dequeuniversity.com/rules/axe/4.10/region?application=axeAPI,"<div class=""region region-alert"" id=""region-alert"">"
53,https://clearviewlibrary.org/about-us/learn-more/news/local-artists-featured-new-windsor-library-gallery-exhibit,Local Artists Featured in New Windsor Library Gallery Exhibit | Clearview Library,moderate,region,Ensure all page content is contained by landmarks,All page content should be contained by landmarks,https://dequeuniversity.com/rules/axe/4.10/region?application=axeAPI,"<div class=""region region-alert"" id=""region-alert"">"
54,https://clearviewlibrary.org/about-us/learn-more/news/news,News | Clearview Library,moderate,region,Ensure all page content is contained by landmarks,All page content should be contained by landmarks,https://dequeuniversity.com/rules/axe/4.10/region?application=axeAPI,"<div class=""region region-alert"" id=""region-alert"">"
55,https://clearviewlibrary.org/about-us/learn-more/news/request-proposal-auditor-services-2025,Request for Proposal for Auditor Services 2025 | Clearview Library,moderate,region,Ensure all page content is contained by landmarks,All page content should be contained by landmarks,https://dequeuniversity.com/rules/axe/4.10/region?application=axeAPI,"<div class=""region region-alert"" id=""region-alert"">"
56,https://clearviewlibrary.org/about-us/learn-more/news/clearview-library-district-launches-new-asl-resource-through-mango,Clearview Library District Launches New ASL Resource Through Mango Languages | Clearview Library,moderate,region,Ensure all page content is contained by landmarks,All page content should be contained by landmarks,https://dequeuniversity.com/rules/axe/4.10/region?application=axeAPI,"<div class=""region region-alert"" id=""region-alert"">"
57,https://clearviewlibrary.org/about-us/learn-more/news/new-year-new-us-clearview-joins-marmot-library-network,"New Year, New Us: Clearview Joins the Marmot Library Network | Clearview Library",moderate,region,Ensure all page content is contained by landmarks,All page content should be contained by landmarks,https://dequeuniversity.com/rules/axe/4.10/region?application=axeAPI,"<div class=""region region-alert"" id=""region-alert"">"
58,https://clearviewlibrary.org/about-us/learn-more/news/got-seeds-contribute-our-seed-bank-binder,Got Seeds? Contribute to our Seed Bank Binder! | Clearview Library,moderate,region,Ensure all page content is contained by landmarks,All page content should be contained by landmarks,https://dequeuniversity.com/rules/axe/4.10/region?application=axeAPI,"<div class=""region region-alert"" id=""region-alert"">"
59,https://clearviewlibrary.org/about-us/learn-more/news/art-quiet-space-january-2026,Art in the Quiet Space - January 2026 | Clearview Library,moderate,region,Ensure all page content is contained by landmarks,All page content should be contained by landmarks,https://dequeuniversity.com/rules/axe/4.10/region?application=axeAPI,"<div class=""region region-alert"" id=""region-alert"">"
6,https://clearviewlibrary.org/borrow-research,Borrow & Research | Clearview Library,moderate,region,Ensure all page content is contained by landmarks,All page content should be contained by landmarks,https://dequeuniversity.com/rules/axe/4.10/region?application=axeAPI,"<div class=""region region-alert"" id=""region-alert"">"
60,https://clearviewlibrary.org/about-us/learn-more/news/request-proposal-construction-manager-general-contractor-cmgc-services,Request for Proposal for Construction Manager General Contractor (CMGC) Services | Clearview Library,moderate,region,Ensure all page content is contained by landmarks,All page content should be contained by landmarks,https://dequeuniversity.com/rules/axe/4.10/region?application=axeAPI,"<div class=""region region-alert"" id=""region-alert"">"
61,https://clearviewlibrary.org/about-us/learn-more/news/junior-librarian-program-gives-kids-ages-6-12-behind-scenes-look-library,Junior Librarian Program Gives Kids Ages 6 to 12 a Behind the Scenes Look at Library Life | Clearview Library,moderate,region,Ensure all page content is contained by landmarks,All page content should be contained by landmarks,https://dequeuniversity.com/rules/axe/4.10/region?application=axeAPI,"<div class=""region region-alert"" id=""region-alert"">"
62,https://clearviewlibrary.org/about-us/learn-more/news/severance-library-collecting-donations-annual-turkey-food-drive,Severance Library Collecting Donations for Annual Turkey Food Drive | Clearview Library,moderate,region,Ensure all page content is contained by landmarks,All page content should be contained by landmarks,https://dequeuniversity.com/rules/axe/4.10/region?application=axeAPI,"<div class=""region region-alert"" id=""region-alert"">"
63,https://clearviewlibrary.org/services/technology/ask-a-tech,Ask A Tech | Clearview Library,moderate,region,Ensure all page content is contained by landmarks,All page content should be contained by landmarks,https://dequeuniversity.com/rules/axe/4.10/region?application=axeAPI,"<div class=""region region-alert"" id=""region-alert"">"
64,https://clearviewlibrary.org/website-accessibility,Website Accessibility | Clearview Library,moderate,region,Ensure all page content is contained by landmarks,All page content should be contained by landmarks,https://dequeuniversity.com/rules/axe/4.10/region?application=axeAPI,"<div class=""region region-alert"" id=""region-alert"">"
65,https://clearviewlibrary.org/about-us/learn-more/facilities-plan,Access denied | Clearview Library,moderate,page-has-heading-one,"Ensure that the page, or at least one of its frames contains a level-one heading",Page should contain a level-one heading,https://dequeuniversity.com/rules/axe/4.10/page-has-heading-one?application=axeAPI,"<html lang=""en"" dir=""ltr"" prefix=""content: http://purl.org/rss/1.0/modules/content/  dc: http://purl.org/dc/terms/  foaf: http://xmlns.com/foaf/0.1/  og: http://ogp.me/ns#  rdfs: http://www.w3.org/2000/01/rdf-schema#  schema: http://schema.org/  sioc: http://rdfs.org/sioc/ns#  sioct: http://rdfs.org/sioc/types#  skos: http://www.w3.org/2004/02/skos/core#  xsd: http://www.w3.org/2001/XMLSchema# "" class="" js"">"
65,https://clearviewlibrary.org/about-us/learn-more/facilities-plan,Access denied | Clearview Library,moderate,region,Ensure all page content is contained by landmarks,All page content should be contained by landmarks,https://dequeuniversity.com/rules/axe/4.10/region?application=axeAPI,"<div class=""region region-alert"" id=""region-alert"">"
66,https://clearviewlibrary.org/about-us/learn-more/news/database-spotlight,Database Spotlight | Clearview Library,moderate,region,Ensure all page content is contained by landmarks,All page content should be contained by landmarks,https://dequeuniversity.com/rules/axe/4.10/region?application=axeAPI,"<div class=""region region-alert"" id=""region-alert"">"
67,https://clearviewlibrary.org/about-us/learn-more/news/clearview-library-now-offers-online-crafting-classes,Clearview Library Now Offers Online Crafting Classes | Clearview Library,moderate,region,Ensure all page content is contained by landmarks,All page content should be contained by landmarks,https://dequeuniversity.com/rules/axe/4.10/region?application=axeAPI,"<div class=""region region-alert"" id=""region-alert"">"
68,https://clearviewlibrary.org/about-us/learn-more/news/5-ways-library-can-help-homework,5 Ways the Library Can Help with Homework | Clearview Library,moderate,region,Ensure all page content is contained by landmarks,All page content should be contained by landmarks,https://dequeuniversity.com/rules/axe/4.10/region?application=axeAPI,"<div class=""region region-alert"" id=""region-alert"">"
69,https://clearviewlibrary.org/about-us/learn-more/news/newspaperscom-gives-online-access-historical-papers,Newspapers.com Gives Online Access to Historical Papers | Clearview Library,moderate,region,Ensure all page content is contained by landmarks,All page content should be contained by landmarks,https://dequeuniversity.com/rules/axe/4.10/region?application=axeAPI,"<div class=""region region-alert"" id=""region-alert"">"
7,https://clearviewlibrary.org/borrow-research/books-movies-more,"Books, Movies, & More | Clearview Library",moderate,region,Ensure all page content is contained by landmarks,All page content should be contained by landmarks,https://dequeuniversity.com/rules/axe/4.10/region?application=axeAPI,"<div class=""region region-alert"" id=""region-alert"">"
70,https://clearviewlibrary.org/adventure-pass,Adventure Pass | Clearview Library,moderate,region,Ensure all page content is contained by landmarks,All page content should be contained by landmarks,https://dequeuniversity.com/rules/axe/4.10/region?application=axeAPI,"<div class=""region region-alert"" id=""region-alert"">"
71,https://clearviewlibrary.org/borrow-research/research?field_resource_category_target_id=77,Research | Clearview Library,moderate,region,Ensure all page content is contained by landmarks,All page content should be contained by landmarks,https://dequeuniversity.com/rules/axe/4.10/region?application=axeAPI,"<div class=""region region-alert"" id=""region-alert"">"
72,https://clearviewlibrary.org/borrow-research/research?field_resource_category_target_id=20,Research | Clearview Library,moderate,region,Ensure all page content is contained by landmarks,All page content should be contained by landmarks,https://dequeuniversity.com/rules/axe/4.10/region?application=axeAPI,"<div class=""region region-alert"" id=""region-alert"">"
73,https://clearviewlibrary.org/borrow-research/research?field_resource_category_target_id=18,Research | Clearview Library,moderate,region,Ensure all page content is contained by landmarks,All page content should be contained by landmarks,https://dequeuniversity.com/rules/axe/4.10/region?application=axeAPI,"<div class=""region region-alert"" id=""region-alert"">"
74,https://clearviewlibrary.org/borrow-research/research?field_resource_category_target_id=19,Research | Clearview Library,moderate,region,Ensure all page content is contained by landmarks,All page content should be contained by landmarks,https://dequeuniversity.com/rules/axe/4.10/region?application=axeAPI,"<div class=""region region-alert"" id=""region-alert"">"
75,https://clearviewlibrary.org/borrow-research/research?field_resource_category_target_id=16,Research | Clearview Library,moderate,region,Ensure all page content is contained by landmarks,All page content should be contained by landmarks,https://dequeuniversity.com/rules/axe/4.10/region?application=axeAPI,"<div class=""region region-alert"" id=""region-alert"">"
76,https://clearviewlibrary.org/borrow-research/research?field_resource_category_target_id=23,Research | Clearview Library,moderate,region,Ensure all page content is contained by landmarks,All page content should be contained by landmarks,https://dequeuniversity.com/rules/axe/4.10/region?application=axeAPI,"<div class=""region region-alert"" id=""region-alert"">"
77,https://clearviewlibrary.org/borrow-research/research?field_resource_category_target_id=25,Research | Clearview Library,moderate,region,Ensure all page content is contained by landmarks,All page content should be contained by landmarks,https://dequeuniversity.com/rules/axe/4.10/region?application=axeAPI,"<div class=""region region-alert"" id=""region-alert"">"
78,https://clearviewlibrary.org/borrow-research/research?field_resource_category_target_id=24,Research | Clearview Library,moderate,region,Ensure all page content is contained by landmarks,All page content should be contained by landmarks,https://dequeuniversity.com/rules/axe/4.10/region?application=axeAPI,"<div class=""region region-alert"" id=""region-alert"">"
79,https://clearviewlibrary.org/borrow-research/research?field_resource_category_target_id=21,Research | Clearview Library,moderate,region,Ensure all page content is contained by landmarks,All page content should be contained by landmarks,https://dequeuniversity.com/rules/axe/4.10/region?application=axeAPI,"<div class=""region region-alert"" id=""region-alert"">"
8,https://clearviewlibrary.org/borrow-research/books-movies-more/downloads-streaming,Downloads & Streaming | Clearview Library,moderate,region,Ensure all page content is contained by landmarks,All page content should be contained by landmarks,https://dequeuniversity.com/rules/axe/4.10/region?application=axeAPI,"<div class=""region region-alert"" id=""region-alert"">"
80,https://clearviewlibrary.org/borrow-research/research?field_resource_category_target_id=26,Research | Clearview Library,moderate,region,Ensure all page content is contained by landmarks,All page content should be contained by landmarks,https://dequeuniversity.com/rules/axe/4.10/region?application=axeAPI,"<div class=""region region-alert"" id=""region-alert"">"
81,https://clearviewlibrary.org/borrow-research/research?field_resource_category_target_id=62,Research | Clearview Library,moderate,region,Ensure all page content is contained by landmarks,All page content should be contained by landmarks,https://dequeuniversity.com/rules/axe/4.10/region?application=axeAPI,"<div class=""region region-alert"" id=""region-alert"">"
82,https://clearviewlibrary.org/borrow-research/research/general-research,General Research | Clearview Library,moderate,region,Ensure all page content is contained by landmarks,All page content should be contained by landmarks,https://dequeuniversity.com/rules/axe/4.10/region?application=axeAPI,"<div class=""region region-alert"" id=""region-alert"">"
83,https://clearviewlibrary.org/borrow-research/research/automotive,Automotive | Clearview Library,moderate,region,Ensure all page content is contained by landmarks,All page content should be contained by landmarks,https://dequeuniversity.com/rules/axe/4.10/region?application=axeAPI,"<div class=""region region-alert"" id=""region-alert"">"
84,https://clearviewlibrary.org/borrow-research/research/health-science,Health & Science | Clearview Library,moderate,region,Ensure all page content is contained by landmarks,All page content should be contained by landmarks,https://dequeuniversity.com/rules/axe/4.10/region?application=axeAPI,"<div class=""region region-alert"" id=""region-alert"">"
85,https://clearviewlibrary.org/borrow-research/research/hobbies,Hobbies | Clearview Library,moderate,region,Ensure all page content is contained by landmarks,All page content should be contained by landmarks,https://dequeuniversity.com/rules/axe/4.10/region?application=axeAPI,"<div class=""region region-alert"" id=""region-alert"">"
86,https://clearviewlibrary.org/borrow-research/research/technology,Technology | Clearview Library,moderate,region,Ensure all page content is contained by landmarks,All page content should be contained by landmarks,https://dequeuniversity.com/rules/axe/4.10/region?application=axeAPI,"<div class=""region region-alert"" id=""region-alert"">"
87,https://clearviewlibrary.org/borrow-research/research/books-literature-0?field_resource_category_target_id=77,Books & Literature | Clearview Library,moderate,region,Ensure all page content is contained by landmarks,All page content should be contained by landmarks,https://dequeuniversity.com/rules/axe/4.10/region?application=axeAPI,"<div class=""region region-alert"" id=""region-alert"">"
88,https://clearviewlibrary.org/borrow-research/research/books-literature-0?field_resource_category_target_id=20,Books & Literature | Clearview Library,moderate,region,Ensure all page content is contained by landmarks,All page content should be contained by landmarks,https://dequeuniversity.com/rules/axe/4.10/region?application=axeAPI,"<div class=""region region-alert"" id=""region-alert"">"
89,https://clearviewlibrary.org/borrow-research/research/books-literature-0?field_resource_category_target_id=18,Books & Literature | Clearview Library,moderate,region,Ensure all page content is contained by landmarks,All page content should be contained by landmarks,https://dequeuniversity.com/rules/axe/4.10/region?application=axeAPI,"<div class=""region region-alert"" id=""region-alert"">"
9,https://clearviewlibrary.org/borrow-research/books-movies-more/explore-kits,"""Library of Things"": Check Out an Adventure with Explore Kits | Clearview Library",moderate,region,Ensure all page content is contained by landmarks,All page content should be contained by landmarks,https://dequeuniversity.com/rules/axe/4.10/region?application=axeAPI,"<div class=""region region-alert"" id=""region-alert"">"
90,https://clearviewlibrary.org/borrow-research/research/books-literature-0?field_resource_category_target_id=19,Books & Literature | Clearview Library,moderate,region,Ensure all page content is contained by landmarks,All page content should be contained by landmarks,https://dequeuniversity.com/rules/axe/4.10/region?application=axeAPI,"<div class=""region region-alert"" id=""region-alert"">"
91,https://clearviewlibrary.org/borrow-research/research/books-literature-0?field_resource_category_target_id=16,Books & Literature | Clearview Library,moderate,region,Ensure all page content is contained by landmarks,All page content should be contained by landmarks,https://dequeuniversity.com/rules/axe/4.10/region?application=axeAPI,"<div class=""region region-alert"" id=""region-alert"">"
92,https://clearviewlibrary.org/borrow-research/research/books-literature-0?field_resource_category_target_id=23,Books & Literature | Clearview Library,moderate,region,Ensure all page content is contained by landmarks,All page content should be contained by landmarks,https://dequeuniversity.com/rules/axe/4.10/region?application=axeAPI,"<div class=""region region-alert"" id=""region-alert"">"
93,https://clearviewlibrary.org/borrow-research/research/books-literature-0?field_resource_category_target_id=25,Books & Literature | Clearview Library,moderate,region,Ensure all page content is contained by landmarks,All page content should be contained by landmarks,https://dequeuniversity.com/rules/axe/4.10/region?application=axeAPI,"<div class=""region region-alert"" id=""region-alert"">"
94,https://clearviewlibrary.org/borrow-research/research/books-literature-0?field_resource_category_target_id=24,Books & Literature | Clearview Library,moderate,region,Ensure all page content is contained by landmarks,All page content should be contained by landmarks,https://dequeuniversity.com/rules/axe/4.10/region?application=axeAPI,"<div class=""region region-alert"" id=""region-alert"">"
95,https://clearviewlibrary.org/borrow-research/research/books-literature-0?field_resource_category_target_id=21,Books & Literature | Clearview Library,moderate,region,Ensure all page content is contained by landmarks,All page content should be contained by landmarks,https://dequeuniversity.com/rules/axe/4.10/region?application=axeAPI,"<div class=""region region-alert"" id=""region-alert"">"
96,https://clearviewlibrary.org/borrow-research/research/books-literature-0?field_resource_category_target_id=26,Books & Literature | Clearview Library,moderate,region,Ensure all page content is contained by landmarks,All page content should be contained by landmarks,https://dequeuniversity.com/rules/axe/4.10/region?application=axeAPI,"<div class=""region region-alert"" id=""region-alert"">"
97,https://clearviewlibrary.org/borrow-research/research/books-literature-0?field_resource_category_target_id=62,Books & Literature | Clearview Library,moderate,region,Ensure all page content is contained by landmarks,All page content should be contained by landmarks,https://dequeuniversity.com/rules/axe/4.10/region?application=axeAPI,"<div class=""region region-alert"" id=""region-alert"">"
98,https://clearviewlibrary.org/borrow-research/research/business-legal-0?field_resource_category_target_id=77,Business & Legal | Clearview Library,moderate,region,Ensure all page content is contained by landmarks,All page content should be contained by landmarks,https://dequeuniversity.com/rules/axe/4.10/region?application=axeAPI,"<div class=""region region-alert"" id=""region-alert"">"
99,https://clearviewlibrary.org/borrow-research/research/business-legal-0?field_resource_category_target_id=20,Business & Legal | Clearview Library,moderate,region,Ensure all page content is contained by landmarks,All page content should be contained by landmarks,https://dequeuniversity.com/rules/axe/4.10/region?application=axeAPI,"<div class=""region region-alert"" id=""region-alert"">"
