Page,Title,URL,Report Link,Total Violations,Total Passes,Critical,Serious,Moderate,Minor,Severity Score
1,Homepage | Amigos Library Services,https://amigos.org,./reports/1.html,0,45,0,0,0,0,0
10,Amigos Library Services Resource Sharing | Amigos Library Services,https://amigos.org/services/resource-sharing,./reports/10.html,0,47,0,0,0,0,0
100,Digital Accessibility in Libraries Conference | Amigos Library Services,https://amigos.org/services/online-conference/digital-accessibility-in-libraries,./reports/100.html,0,51,0,0,0,0,0
1000,Page not found | Amigos Library Services,https://amigos.org/civicrm/event/info?reset=1&id=1968,./reports/1000.html,0,46,0,0,0,0,0
101,Practical Paths to the AI-Enhanced Library Conference | Amigos Library Services,https://amigos.org/services/online-conference/practical-paths-to-the-ai-enhanced-library,./reports/101.html,0,51,0,0,0,0,0
102,Libraries Cultivating Community Conference | Amigos Library Services,https://amigos.org/services/online-conference/libraries-cultivating-community,./reports/102.html,0,52,0,0,0,0,0
104,San Jacinto College Partners with Amigos to Launch Online Archive | Amigos Library Services,https://amigos.org/news/san-jacinto-college-partners-amigos-launch-online-archive,./reports/104.html,0,47,0,0,0,0,0
105,Request Consulting Services | Amigos Library Services,https://amigos.org/node/2317,./reports/105.html,0,49,0,0,0,0,0
106,Course Catalog | Amigos Library Services,https://amigos.org/services/continuing-education/full-catalog?field_coursetype_target_id=37&field_topic_area_target_id=All,./reports/106.html,0,52,0,0,0,0,0
107,Course Catalog | Amigos Library Services,https://amigos.org/services/continuing-education/full-catalog?field_coursetype_target_id=34&field_topic_area_target_id=All,./reports/107.html,0,52,0,0,0,0,0
108,RDA Toolkit | Amigos Library Services,https://amigos.org/rdatoolkit,./reports/108.html,0,46,0,0,0,0,0
109,The Ways We Thrive: The Amigos Member Conference 2026 | Amigos Library Services,https://amigos.org/membership/annual-conference/2026,./reports/109.html,1,51,0,0,0,1,1
11,Digital Repository Service | Amigos Library Services,https://amigos.org/services/digital-repository,./reports/11.html,0,47,0,0,0,0,0
110,Our Present. Our Futures. The Amigos Member Conference 2025 | Amigos Library Services,https://amigos.org/membership/annual-conference/2025,./reports/110.html,0,51,0,0,0,0,0
111,Leading. Partnering. Connecting. The Amigos Member Conference 2024 | Amigos Library Services,https://amigos.org/memberconference/2024,./reports/111.html,0,46,0,0,0,0,0
112,Amigos Member Conference 2023: Libraries Plan to Succeed | Amigos Library Services,https://amigos.org/memberconference/2023,./reports/112.html,0,46,0,0,0,0,0
113,Amigos Library Services Members | Amigos Library Services,https://amigos.org/membership/member-directory?field_institution_type_value=All&order=field_oclc_symbol&sort=asc,./reports/113.html,0,53,0,0,0,0,0
114,Amigos Library Services Members | Amigos Library Services,https://amigos.org/membership/member-directory?field_institution_type_value=All&order=title&sort=desc,./reports/114.html,0,53,0,0,0,0,0
115,Amigos Library Services Members | Amigos Library Services,https://amigos.org/membership/member-directory?field_institution_type_value=All&order=field_city&sort=asc,./reports/115.html,0,53,0,0,0,0,0
116,Amigos Library Services Members | Amigos Library Services,https://amigos.org/membership/member-directory?field_institution_type_value=All&order=field_state&sort=asc,./reports/116.html,0,53,0,0,0,0,0
117,Member Contact Update Form | Amigos Library Services,https://amigos.org/node/9715,./reports/117.html,0,48,0,0,0,0,0
118,Institution Update Form | Amigos Library Services,https://amigos.org/node/9718,./reports/118.html,0,48,0,0,0,0,0
12,Association Management Services | Amigos Library Services,https://amigos.org/services/association-management,./reports/12.html,0,47,0,0,0,0,0
120,Amigos Resource Sharing Agreement | Amigos Library Services,https://amigos.org/node/266,./reports/120.html,0,45,0,0,0,0,0
121,Membership & People | Amigos Library Services,https://amigos.org/news/membership-and-people,./reports/121.html,0,46,0,0,0,0,0
122,Highlights from the Amigos Member Conference 2026 | Amigos Library Services,https://amigos.org/news/highlights-amigos-member-conference-2026,./reports/122.html,0,47,0,0,0,0,0
123,Education & Events | Amigos Library Services,https://amigos.org/news/education-and-events,./reports/123.html,0,46,0,0,0,0,0
124,Call for Proposals: The Flexible Library September 2026 Online Conference | Amigos Library Services,https://amigos.org/news/call-proposals-flexible-library-september-2026-online-conference,./reports/124.html,0,47,0,0,0,0,0
125,News | Amigos Library Services,https://amigos.org/news/archive,./reports/125.html,1,47,0,1,0,0,3
126,Newsletters | Amigos Library Services,https://amigos.org/news/newsletters,./reports/126.html,0,47,0,0,0,0,0
127,"Amigos Board Announces Election Results, Selects Officers for 2026-27 | Amigos Library Services",https://amigos.org/news/amigos-board-announces-election-results-selects-officers-2026-27,./reports/127.html,0,47,0,0,0,0,0
128,Amigos Member Access to New NISO Training Series | Amigos Library Services,https://amigos.org/news/amigos-member-access-new-niso-training-series,./reports/128.html,0,47,0,0,0,0,0
129,Start Your Summer Off Right with Continuing Education | Amigos Library Services,https://amigos.org/news/start-your-summer-right-continuing-education,./reports/129.html,0,47,0,0,0,0,0
13,Consulting | Amigos Library Services,https://amigos.org/services/consulting,./reports/13.html,0,47,0,0,0,0,0
130,Creating a Collection Development Policy | Amigos Library Services,https://amigos.org/news/creating-collection-development-policy,./reports/130.html,0,47,0,0,0,0,0
131,Subscribe to AmigosNow and/or Continued ... Newsletters | Amigos Library Services,https://amigos.org/news/newsletters/signup,./reports/131.html,0,49,0,0,0,0,0
132,Job Bank | Amigos Library Services,https://amigos.org/node/8762,./reports/132.html,0,48,0,0,0,0,0
133,Employee Benefits | Amigos Library Services,https://amigos.org/about/employment/benefits,./reports/133.html,0,45,0,0,0,0,0
134,Spotlight on Scholarship: Oxford Research Encyclopedia of Gender & Women’s History | Amigos Library Services,https://amigos.org/news/spotlight-scholarship-oxford-research-encyclopedia-gender-womens-history,./reports/134.html,0,47,0,0,0,0,0
135,Register to Learn About Student Research Trends | Amigos Library Services,https://amigos.org/news/register-learn-about-student-research-trends,./reports/135.html,0,47,0,0,0,0,0
136,"Bibliotele Offers Many Worlds, One Catalog | Amigos Library Services",https://amigos.org/news/bibliotele-offers-many-worlds-one-catalog,./reports/136.html,0,47,0,0,0,0,0
137,BioOne Offers a Free-to-Read Community Science Research Collection | Amigos Library Services,https://amigos.org/news/bioone-offers-free-read-community-science-research-collection,./reports/137.html,0,47,0,0,0,0,0
138,Three New Research Modules from OUP | Amigos Library Services,https://amigos.org/news/three-new-research-modules-oup,./reports/138.html,0,47,0,0,0,0,0
139,Policy Map Helps Make the Case for Public Libraries with Data | Amigos Library Services,https://amigos.org/news/policy-map-helps-make-case-public-libraries-data,./reports/139.html,0,47,0,0,0,0,0
14,Membership | Amigos Library Services,https://amigos.org/membership,./reports/14.html,0,46,0,0,0,0,0
140,Research Solutions Offers Alternative to CCC’s Get It Now | Amigos Library Services,https://amigos.org/news/research-solutions-offers-alternative-cccs-get-it-now,./reports/140.html,0,47,0,0,0,0,0
141,Products & Partnerships | Amigos Library Services,https://amigos.org/news/products-and-partnerships?page=1,./reports/141.html,0,46,0,0,0,0,0
142,,https://amigos.org/taxonomy/term/1/feed,./reports/142.html,5,3,0,2,3,0,12
143,Newsletters | Amigos Library Services,https://amigos.org/newsletters,./reports/143.html,0,47,0,0,0,0,0
144,"Trans-Amigos Express Forms Moving to the TAE Label Maker on Monday, February 23 | Amigos Library Services",https://amigos.org/news/trans-amigos-express-forms-moving-tae-label-maker-monday-february-23,./reports/144.html,0,47,0,0,0,0,0
145,Navigating to Courier Links and Information on the Redesigned Amigos.org Website | Amigos Library Services,https://amigos.org/news/navigating-courier-links-and-information-redesigned-amigosorg-website,./reports/145.html,0,47,0,0,0,0,0
146,Courier Winter Holiday 2024 Schedule | Amigos Library Services,https://amigos.org/news/courier-winter-holiday-2024-schedule,./reports/146.html,0,48,0,0,0,0,0
147,Courier Winter Holiday Schedule | Amigos Library Services,https://amigos.org/news/courier-winter-holiday-schedule,./reports/147.html,0,47,0,0,0,0,0
148,Trans-Amigos Express (TAE) Courier Launches New Label Maker | Amigos Library Services,https://amigos.org/news/trans-amigos-express-tae-courier-launches-new-label-maker,./reports/148.html,0,47,0,0,0,0,0
149,,https://amigos.org/taxonomy/term/18/feed,./reports/149.html,5,3,0,2,3,0,12
15,Annual Member Conference | Amigos Library Services,https://amigos.org/membership/annual-conference,./reports/15.html,0,47,0,0,0,0,0
150,Continuing Education Services | Amigos Library Services,https://amigos.org/node/4470?page=0,./reports/150.html,1,47,1,0,0,0,4
151,Continuing Education Services | Amigos Library Services,https://amigos.org/node/4470?page=1,./reports/151.html,1,47,1,0,0,0,4
152,ACRL Framework-Informed Best Practices for Academic Reference Services | Amigos Library Services,https://amigos.org/services/continuing-education/acrl-framework-informed-best-practices-academic-reference-services,./reports/152.html,1,46,0,0,1,0,2
153,Adaptive Services for Staff Success: An Amigos Community Conversation | Amigos Library Services,https://amigos.org/services/continuing-education/adaptive-services-staff-success-amigos-community-conversation,./reports/153.html,1,46,0,0,1,0,2
154,"AI Prompting with Purpose: Building, Refining, and Testing AI Prompts for Library Work | Amigos Library Services",https://amigos.org/services/continuing-education/ai-prompting-purpose-building-refining-and-testing-ai-prompts-library,./reports/154.html,1,46,0,0,1,0,2
155,An Introduction to Research Data Management for the Accidental Data Services Librarian | Amigos Library Services,https://amigos.org/services/continuing-education/introduction-research-data-management-accidental-data-services,./reports/155.html,0,46,0,0,0,0,0
156,An Introduction to Teaching Information Literacy | Amigos Library Services,https://amigos.org/services/continuing-education/introduction-teaching-information-literacy,./reports/156.html,1,46,0,0,1,0,2
157,Authority Control: Creating and Maintaining Consistency | Amigos Library Services,https://amigos.org/services/continuing-education/authority-control-creating-and-maintaining-consistency,./reports/157.html,1,46,0,0,1,0,2
158,Back to Basics Blogs and Newsletters for Libraries | Amigos Library Services,https://amigos.org/services/continuing-education/back-basics-blogs-and-newsletters-libraries,./reports/158.html,0,46,0,0,0,0,0
159,Basic Cataloging | Amigos Library Services,https://amigos.org/services/continuing-education/basic-cataloging,./reports/159.html,0,45,0,0,0,0,0
16,Amigos Library Services Members | Amigos Library Services,https://amigos.org/membership/member-directory,./reports/16.html,0,53,0,0,0,0,0
160,Beyond Accessibility Basics | Amigos Library Services,https://amigos.org/services/continuing-education/beyond-accessibility-basics,./reports/160.html,1,45,0,0,1,0,2
161,Building a Practice of Plain Language in Your Library | Amigos Library Services,https://amigos.org/services/continuing-education/building-practice-plain-language-your-library,./reports/161.html,1,46,0,0,1,0,2
162,Cataloging & Classification Basics | Amigos Library Services,https://amigos.org/services/continuing-education/cataloging-classification-basics,./reports/162.html,1,45,0,0,1,0,2
163,Cataloging with RDA | Amigos Library Services,https://amigos.org/services/continuing-education/cataloging-rda-0,./reports/163.html,0,45,0,0,0,0,0
164,Chat and Online Reference Services | Amigos Library Services,https://amigos.org/services/continuing-education/chat-and-online-reference-services,./reports/164.html,0,45,0,0,0,0,0
165,Collection Management: Selection and Acquisition | Amigos Library Services,https://amigos.org/services/continuing-education/collection-management-selection-and-acquisition,./reports/165.html,0,46,0,0,0,0,0
166,Collections Reflect Communities: An Amigos Online Conference | Amigos Library Services,https://amigos.org/services/continuing-education/collections-reflect-communities-amigos-online-conference,./reports/166.html,0,46,0,0,0,0,0
167,Conducting Effective Community Needs Assessment 101 | Amigos Library Services,https://amigos.org/services/continuing-education/conducting-effective-community-needs-assessment-101,./reports/167.html,0,46,0,0,0,0,0
168,Content Strategy: The Basics | Amigos Library Services,https://amigos.org/services/continuing-education/content-strategy-basics,./reports/168.html,0,45,0,0,0,0,0
169,Controlled Vocabularies and Taxonomies | Amigos Library Services,https://amigos.org/services/continuing-education/controlled-vocabularies-and-taxonomies,./reports/169.html,0,45,0,0,0,0,0
17,Manage Your Membership | Amigos Library Services,https://amigos.org/membership/manage-membership,./reports/17.html,0,47,0,0,0,0,0
170,Copyright 101: Helping Patrons Understand Copyright | Amigos Library Services,https://amigos.org/services/continuing-education/copyright-101-helping-patrons-understand-copyright,./reports/170.html,0,46,0,0,0,0,0
171,Creating a Library Marketing Plan | Amigos Library Services,https://amigos.org/services/continuing-education/creating-library-marketing-plan,./reports/171.html,1,46,0,0,1,0,2
172,Creating a Social Media Policy | Amigos Library Services,https://amigos.org/services/continuing-education/creating-social-media-policy,./reports/172.html,1,45,0,0,1,0,2
173,Creating Online Tutorials | Amigos Library Services,https://amigos.org/services/continuing-education/creating-online-tutorials,./reports/173.html,0,45,0,0,0,0,0
174,Creative Survey Design: Crafting Survey Instruments to Meet Your Library's Research and Evaluation Needs | Amigos Library Services,https://amigos.org/services/continuing-education/creative-survey-design-crafting-survey-instruments-meet-your-0,./reports/174.html,0,48,0,0,0,0,0
175,Dealing with Difficult Interactions | Amigos Library Services,https://amigos.org/services/continuing-education/dealing-difficult-interactions,./reports/175.html,1,45,0,0,1,0,2
176,Design Thinking for Libraries | Amigos Library Services,https://amigos.org/services/continuing-education/design-thinking-libraries,./reports/176.html,1,45,0,0,1,0,2
177,Developing a Social Media Strategy | Amigos Library Services,https://amigos.org/services/continuing-education/developing-social-media-strategy,./reports/177.html,1,45,0,0,1,0,2
178,Developing Community Support and Building Creative Partnerships | Amigos Library Services,https://amigos.org/services/continuing-education/developing-community-support-and-building-creative-partnerships,./reports/178.html,1,46,0,0,1,0,2
179,Dewey Decimal Classification: The Basics | Amigos Library Services,https://amigos.org/services/continuing-education/dewey-decimal-classification-basics,./reports/179.html,0,45,0,0,0,0,0
18,Amigos Membership Budget Reporting Form | Amigos Library Services,https://amigos.org/membership/how-to-join/budget-reporting,./reports/18.html,0,50,0,0,0,0,0
180,Digital Accessibility in Libraries Conference | Amigos Library Services,https://amigos.org/services/continuing-education/digital-accessibility-libraries-conference,./reports/180.html,0,46,0,0,0,0,0
181,Documenting Your Library's Work | Amigos Library Services,https://amigos.org/services/continuing-education/documenting-your-librarys-work,./reports/181.html,1,45,0,0,1,0,2
182,Doing Digital Preservation | Amigos Library Services,https://amigos.org/services/continuing-education/doing-digital-preservation,./reports/182.html,1,45,0,0,1,0,2
183,"Don’t Just Stand There, Say Something! Networking and Communication Skills for Librarians | Amigos Library Services",https://amigos.org/services/continuing-education/dont-just-stand-there-say-something-networking-and-communication,./reports/183.html,0,46,0,0,0,0,0
184,Electronic Resource Management 1: Acquisition and Implementation | Amigos Library Services,https://amigos.org/services/continuing-education/electronic-resource-management-1-acquisition-and-implementation,./reports/184.html,1,46,0,0,1,0,2
185,Electronic Resource Management 2: Maintenance and Troubleshooting | Amigos Library Services,https://amigos.org/services/continuing-education/electronic-resource-management-2-maintenance-and-troubleshooting,./reports/185.html,1,46,0,0,1,0,2
186,Electronic Resource Management 3: Assessment and Preservation | Amigos Library Services,https://amigos.org/services/continuing-education/electronic-resource-management-3-assessment-and-preservation,./reports/186.html,1,46,0,0,1,0,2
187,Electronic Resource Management: Micro-Credentialing & Capstone Project | Amigos Library Services,https://amigos.org/services/continuing-education/electronic-resource-management-micro-credentialing-capstone-project,./reports/187.html,1,47,0,0,1,0,2
188,Empowering Staff to Advocate and Guide the Library’s Story | Amigos Library Services,https://amigos.org/services/continuing-education/empowering-staff-advocate-and-guide-librarys-story,./reports/188.html,1,46,0,0,1,0,2
189,Entrepreneurial: Supporting Small Business Development in Libraries | Amigos Library Services,https://amigos.org/services/continuing-education/entrepreneurial-supporting-small-business-development-libraries,./reports/189.html,0,46,0,0,0,0,0
19,Amigos Reciprocal Borrowing Agreements | Amigos Library Services,https://amigos.org/membership/how-to-join/reciprocal-borrowing,./reports/19.html,0,47,0,0,0,0,0
190,Foundations of Intellectual Freedom | Amigos Library Services,https://amigos.org/services/continuing-education/foundations-intellectual-freedom,./reports/190.html,1,45,0,0,1,0,2
191,Getting Started with Grant Writing | Amigos Library Services,https://amigos.org/services/continuing-education/getting-started-grant-writing,./reports/191.html,0,45,0,0,0,0,0
192,Grant Writing Essentials | Amigos Library Services,https://amigos.org/services/continuing-education/grant-writing-essentials,./reports/192.html,1,45,0,0,1,0,2
193,Graphic Design for Librarians | Amigos Library Services,https://amigos.org/services/continuing-education/graphic-design-librarians,./reports/193.html,0,45,0,0,0,0,0
194,Guided Genealogy: Following in Your Ancestor’s Footsteps | Amigos Library Services,https://amigos.org/services/continuing-education/guided-genealogy-following-your-ancestors-footsteps,./reports/194.html,0,46,0,0,0,0,0
195,How to Teach Online | Amigos Library Services,https://amigos.org/services/continuing-education/how-teach-online,./reports/195.html,0,45,0,0,0,0,0
196,Improving Accessibility Through Document Remediation | Amigos Library Services,https://amigos.org/services/continuing-education/improving-accessibility-through-document-remediation,./reports/196.html,1,46,0,0,1,0,2
197,"Incorporating Sustainability into Teaching, Programs, and Practice | Amigos Library Services",https://amigos.org/services/continuing-education/incorporating-sustainability-teaching-programs-and-practice,./reports/197.html,0,46,0,0,0,0,0
198,Intermediate Archives | Amigos Library Services,https://amigos.org/services/continuing-education/intermediate-archives,./reports/198.html,1,45,0,0,1,0,2
199,Intermediate Genealogy | Amigos Library Services,https://amigos.org/services/continuing-education/intermediate-genealogy,./reports/199.html,0,45,0,0,0,0,0
2,Contact Us | Amigos Library Services,https://amigos.org/contact,./reports/2.html,0,50,0,0,0,0,0
20,News | Amigos Library Services,https://amigos.org/news,./reports/20.html,0,47,0,0,0,0,0
200,Introduction to Archival Practice | Amigos Library Services,https://amigos.org/services/continuing-education/introduction-archival-practice,./reports/200.html,0,45,0,0,0,0,0
201,Introduction to Health Literacy for Libraries | Amigos Library Services,https://amigos.org/services/continuing-education/introduction-health-literacy-libraries,./reports/201.html,0,46,0,0,0,0,0
202,Introduction to Library Acquisitions | Amigos Library Services,https://amigos.org/services/continuing-education/introduction-library-acquisitions,./reports/202.html,1,45,0,0,1,0,2
203,Introduction to Preservation | Amigos Library Services,https://amigos.org/services/continuing-education/introduction-preservation,./reports/203.html,1,45,0,0,1,0,2
204,Introduction to Reference Services 1: Core Reference Skills | Amigos Library Services,https://amigos.org/services/continuing-education/introduction-reference-services-1-core-reference-skills,./reports/204.html,0,46,0,0,0,0,0
205,Introduction to Reference Services 2: The Reference Collection | Amigos Library Services,https://amigos.org/services/continuing-education/introduction-reference-services-2-reference-collection,./reports/205.html,0,46,0,0,0,0,0
206,Introduction to Reference Services 3: Reference Resources | Amigos Library Services,https://amigos.org/services/continuing-education/introduction-reference-services-3-reference-resources,./reports/206.html,0,46,0,0,0,0,0
207,Introduction to Reference Services 4: Legal and Ethical Issues in Reference Services | Amigos Library Services,https://amigos.org/services/continuing-education/introduction-reference-services-4-legal-and-ethical-issues-reference,./reports/207.html,0,46,0,0,0,0,0
208,Introduction to Serials Cataloging | Amigos Library Services,https://amigos.org/services/continuing-education/introduction-serials-cataloging,./reports/208.html,0,45,0,0,0,0,0
209,Know & Go: Agile Methodologies for Beginners | Amigos Library Services,https://amigos.org/services/continuing-education/know-go-agile-methodologies-beginners,./reports/209.html,1,46,0,0,1,0,2
21,About Amigos Library Services | Amigos Library Services,https://amigos.org/about,./reports/21.html,0,47,0,0,0,0,0
210,Know & Go: AI Tools and Library Instruction | Amigos Library Services,https://amigos.org/services/continuing-education/know-go-ai-tools-and-library-instruction,./reports/210.html,0,46,0,0,0,0,0
211,Know & Go: Artificial Intelligence (AI) in Libraries | Amigos Library Services,https://amigos.org/services/continuing-education/know-go-artificial-intelligence-ai-libraries,./reports/211.html,0,46,0,0,0,0,0
212,Know & Go: Beginning Genealogy - Free Resources | Amigos Library Services,https://amigos.org/services/continuing-education/know-go-beginning-genealogy-free-resources,./reports/212.html,0,46,0,0,0,0,0
213,Know & Go: Beyond the Books – Strengthening Rural Communities Through Library Engagement | Amigos Library Services,https://amigos.org/services/continuing-education/know-go-beyond-books-strengthening-rural-communities-through-library,./reports/213.html,1,46,0,0,1,0,2
214,Know & Go: Building Authentic Culture in Everyday Moments | Amigos Library Services,https://amigos.org/services/continuing-education/know-go-building-authentic-culture-everyday-moments,./reports/214.html,0,48,0,0,0,0,0
215,Know & Go: Building Some Truly Bodacious Book Displays | Amigos Library Services,https://amigos.org/services/continuing-education/know-go-building-some-truly-bodacious-book-displays,./reports/215.html,1,46,0,0,1,0,2
216,Know & Go: Building Teams During Times of Transition | Amigos Library Services,https://amigos.org/services/continuing-education/know-go-building-teams-during-times-transition,./reports/216.html,1,46,0,0,1,0,2
217,Know & Go: Camera Ready - Quick Library Video Tips and Takes | Amigos Library Services,https://amigos.org/services/continuing-education/know-go-camera-ready-quick-library-video-tips-and-takes,./reports/217.html,1,46,0,0,1,0,2
218,Know & Go: Cataloging a Collection of Unusual Things | Amigos Library Services,https://amigos.org/services/continuing-education/know-go-cataloging-collection-unusual-things,./reports/218.html,1,46,0,0,1,0,2
219,Know & Go: Cataloging Graphic Novels | Amigos Library Services,https://amigos.org/services/continuing-education/know-go-cataloging-graphic-novels,./reports/219.html,0,45,0,0,0,0,0
22,Annual Reports | Amigos Library Services,https://amigos.org/about/annual-reports,./reports/22.html,0,46,0,0,0,0,0
220,Know & Go: Cataloging the Library of Things | Amigos Library Services,https://amigos.org/services/continuing-education/know-go-cataloging-library-things,./reports/220.html,0,46,0,0,0,0,0
221,Know & Go: Cemetery Searching for Genealogical and Local History Research | Amigos Library Services,https://amigos.org/services/continuing-education/know-go-cemetery-searching-genealogical-and-local-history-research,./reports/221.html,1,46,0,0,1,0,2
222,Know & Go: Census Records for Genealogy | Amigos Library Services,https://amigos.org/services/continuing-education/know-go-census-records-genealogy,./reports/222.html,0,45,0,0,0,0,0
223,Know & Go: Climate Literacy and Climate Change Awareness | Amigos Library Services,https://amigos.org/services/continuing-education/know-go-climate-literacy-and-climate-change-awareness,./reports/223.html,0,46,0,0,0,0,0
224,Know & Go: Collaborating with Faculty | Amigos Library Services,https://amigos.org/services/continuing-education/know-go-collaborating-faculty,./reports/224.html,1,45,0,0,1,0,2
225,Know & Go: College Students Actually Do Read | Amigos Library Services,https://amigos.org/services/continuing-education/know-go-college-students-actually-do-read,./reports/225.html,1,46,0,0,1,0,2
226,Know & Go: Conducting Effective Meetings | Amigos Library Services,https://amigos.org/services/continuing-education/know-go-conducting-effective-meetings,./reports/226.html,0,45,0,0,0,0,0
227,Know & Go: Crafting Compelling Copy | Amigos Library Services,https://amigos.org/services/continuing-education/know-go-crafting-compelling-copy,./reports/227.html,1,45,0,0,1,0,2
228,Know & Go: Creating a Mentorship Program at Your Library | Amigos Library Services,https://amigos.org/services/continuing-education/know-go-creating-mentorship-program-your-library,./reports/228.html,0,46,0,0,0,0,0
229,Know & Go: Creating Effective Library Policies | Amigos Library Services,https://amigos.org/services/continuing-education/know-go-creating-effective-library-policies,./reports/229.html,0,46,0,0,0,0,0
23,Amigos Library Services Strategic Plan to 2025 | Amigos Library Services,https://amigos.org/about/strategic-plan,./reports/23.html,0,47,0,0,0,0,0
230,Know & Go: Cultivating an Accessibility Mindset | Amigos Library Services,https://amigos.org/services/continuing-education/know-go-cultivating-accessibility-mindset,./reports/230.html,1,46,0,0,1,0,2
231,Know & Go: Customer Service Basics | Amigos Library Services,https://amigos.org/services/continuing-education/know-go-customer-service-basics,./reports/231.html,1,45,0,0,1,0,2
232,Know & Go: Developing Information Literacy Lessons for First-Year College Students | Amigos Library Services,https://amigos.org/services/continuing-education/know-go-developing-information-literacy-lessons-first-year-college,./reports/232.html,0,46,0,0,0,0,0
233,Know & Go: Documenting Library Work | Amigos Library Services,https://amigos.org/services/continuing-education/know-go-documenting-library-work,./reports/233.html,1,45,0,0,1,0,2
234,Know & Go: Donation and Gift Policy Best Practices for Libraries | Amigos Library Services,https://amigos.org/services/continuing-education/know-go-donation-and-gift-policy-best-practices-libraries,./reports/234.html,0,46,0,0,0,0,0
235,"Know & Go: EDI (Equity, Diversity, and Inclusion) Organizational and Individual Self-Assessment Tools for Libraries | Amigos Library Services",https://amigos.org/services/continuing-education/know-go-edi-equity-diversity-and-inclusion-organizational-and,./reports/235.html,0,46,0,0,0,0,0
236,Know & Go: Effective Committee and Board Service | Amigos Library Services,https://amigos.org/services/continuing-education/know-go-effective-committee-and-board-service,./reports/236.html,1,46,0,0,1,0,2
237,Know & Go: Elevating the Library’s Voice in Emergency Response | Amigos Library Services,https://amigos.org/services/continuing-education/know-go-elevating-librarys-voice-emergency-response,./reports/237.html,1,46,0,0,1,0,2
238,Know & Go: Essential Steps for Selecting a Digital Repository Solution | Amigos Library Services,https://amigos.org/services/continuing-education/know-go-essential-steps-selecting-digital-repository-solution,./reports/238.html,0,48,0,0,0,0,0
239,Know & Go: Exploring Government Information | Amigos Library Services,https://amigos.org/services/continuing-education/know-go-exploring-government-information,./reports/239.html,1,46,0,0,1,0,2
24,Governance | Amigos Library Services,https://amigos.org/about/governance,./reports/24.html,0,47,0,0,0,0,0
240,Know & Go: From Strategic Planning to Strategic Foresight | Amigos Library Services,https://amigos.org/services/continuing-education/know-go-strategic-planning-strategic-foresight,./reports/240.html,1,46,0,0,1,0,2
241,Know & Go: Health Literacy in Libraries | Amigos Library Services,https://amigos.org/services/continuing-education/know-go-health-literacy-libraries,./reports/241.html,1,45,0,0,1,0,2
242,Know & Go: How to Catalog Kits | Amigos Library Services,https://amigos.org/services/continuing-education/know-go-how-catalog-kits,./reports/242.html,0,45,0,0,0,0,0
243,Know & Go: How to Catalog Zines | Amigos Library Services,https://amigos.org/services/continuing-education/know-go-how-catalog-zines,./reports/243.html,0,45,0,0,0,0,0
244,Know & Go: Identifying When Interactions Cross the Line | Amigos Library Services,https://amigos.org/services/continuing-education/know-go-identifying-when-interactions-cross-line,./reports/244.html,0,48,0,0,0,0,0
245,Know & Go: Interlibrary Loan Policies | Amigos Library Services,https://amigos.org/services/continuing-education/know-go-interlibrary-loan-policies,./reports/245.html,1,45,0,0,1,0,2
246,Know & Go: Introduction to Authority Control | Amigos Library Services,https://amigos.org/services/continuing-education/know-go-introduction-authority-control,./reports/246.html,0,46,0,0,0,0,0
247,Know & Go: Managing Workplace Conflict | Amigos Library Services,https://amigos.org/services/continuing-education/know-go-managing-workplace-conflict,./reports/247.html,1,45,0,0,1,0,2
248,Know & Go: Manipulating Metadata with MarcEdit and OpenRefine | Amigos Library Services,https://amigos.org/services/continuing-education/know-go-manipulating-metadata-marcedit-and-openrefine,./reports/248.html,0,46,0,0,0,0,0
249,Know & Go: Mold Mitigation and Prevention | Amigos Library Services,https://amigos.org/services/continuing-education/know-go-mold-mitigation-and-prevention,./reports/249.html,1,45,0,0,1,0,2
25,Staff | Amigos Library Services,https://amigos.org/about/staff,./reports/25.html,0,47,0,0,0,0,0
250,Know & Go: Open Educational Resource Initiatives | Amigos Library Services,https://amigos.org/services/continuing-education/know-go-open-educational-resource-initiatives,./reports/250.html,1,48,0,0,1,0,2
251,Know & Go: Performance Improvement Plans | Amigos Library Services,https://amigos.org/services/continuing-education/know-go-performance-improvement-plans,./reports/251.html,1,45,0,0,1,0,2
252,Know & Go: Plain Language Communication in Libraries | Amigos Library Services,https://amigos.org/services/continuing-education/know-go-plain-language-communication-libraries,./reports/252.html,1,46,0,0,1,0,2
253,Know & Go: Planned Abandonment & Libraries | Amigos Library Services,https://amigos.org/services/continuing-education/know-go-planned-abandonment-libraries,./reports/253.html,0,46,0,0,0,0,0
254,Know & Go: Practical AI Prompting | Amigos Library Services,https://amigos.org/services/continuing-education/know-go-practical-ai-prompting,./reports/254.html,1,45,0,0,1,0,2
255,Know & Go: Project Management Tools | Amigos Library Services,https://amigos.org/services/continuing-education/know-go-project-management-tools,./reports/255.html,1,45,0,0,1,0,2
256,Know & Go: Quick and Easy Tips for Using Canva | Amigos Library Services,https://amigos.org/services/continuing-education/know-go-quick-and-easy-tips-using-canva,./reports/256.html,1,46,0,0,1,0,2
257,Know & Go: Recovering from a Wind and Rain Event | Amigos Library Services,https://amigos.org/services/continuing-education/know-go-recovering-wind-and-rain-event,./reports/257.html,1,46,0,0,1,0,2
258,Know & Go: Slide Decks for Non-Designers | Amigos Library Services,https://amigos.org/services/continuing-education/know-go-slide-decks-non-designers,./reports/258.html,1,45,0,0,1,0,2
259,Know & Go: Social Services for Teens in the Library | Amigos Library Services,https://amigos.org/services/continuing-education/know-go-social-services-teens-library,./reports/259.html,1,46,0,0,1,0,2
26,Employment | Amigos Library Services,https://amigos.org/about/employment,./reports/26.html,0,47,0,0,0,0,0
260,Know & Go: Strategies for Designing Library Instruction on AI Tools & Chat | Amigos Library Services,https://amigos.org/services/continuing-education/know-go-strategies-designing-library-instruction-ai-tools-chat,./reports/260.html,1,46,0,0,1,0,2
261,Know & Go: The Open Rules for Cataloging Project | Amigos Library Services,https://amigos.org/services/continuing-education/know-go-open-rules-cataloging-project,./reports/261.html,0,48,0,0,0,0,0
262,"Know & Go: Tips for Cover Letters, Resumes, and Interviews | Amigos Library Services",https://amigos.org/services/continuing-education/know-go-tips-cover-letters-resumes-and-interviews,./reports/262.html,1,46,0,0,1,0,2
263,Know & Go: Tools for Job Seekers in Libraries | Amigos Library Services,https://amigos.org/services/continuing-education/know-go-tools-job-seekers-libraries,./reports/263.html,1,46,0,0,1,0,2
264,Know & Go: Trauma-Informed Design for Libraries | Amigos Library Services,https://amigos.org/services/continuing-education/know-go-trauma-informed-design-libraries,./reports/264.html,1,46,0,0,1,0,2
265,Know & Go: Trend Scanning for Libraries | Amigos Library Services,https://amigos.org/services/continuing-education/know-go-trend-scanning-libraries,./reports/265.html,0,45,0,0,0,0,0
266,Know & Go: Trends and Changes for the Future of Libraries | Amigos Library Services,https://amigos.org/services/continuing-education/know-go-trends-and-changes-future-libraries,./reports/266.html,1,46,0,0,1,0,2
267,Know & Go: Understanding Creative Commons Licensing | Amigos Library Services,https://amigos.org/services/continuing-education/know-go-understanding-creative-commons-licensing,./reports/267.html,1,46,0,0,1,0,2
268,Know & Go: Using and Creating Infographics in Libraries | Amigos Library Services,https://amigos.org/services/continuing-education/know-go-using-and-creating-infographics-libraries,./reports/268.html,0,46,0,0,0,0,0
269,Know & Go: Welcoming Adult Learners to Your Library with Bilingual Programming | Amigos Library Services,https://amigos.org/services/continuing-education/know-go-welcoming-adult-learners-your-library-bilingual-programming,./reports/269.html,1,46,0,0,1,0,2
27,Products & Partnerships | Amigos Library Services,https://amigos.org/news/products-and-partnerships,./reports/27.html,0,46,0,0,0,0,0
270,Know & Go: Writing Effective Alternative Text | Amigos Library Services,https://amigos.org/services/continuing-education/know-go-writing-effective-alternative-text,./reports/270.html,1,46,0,0,1,0,2
271,Launching and Cultivating your Face to Face and Online Book Discussion Groups | Amigos Library Services,https://amigos.org/services/continuing-education/launching-and-cultivating-your-face-face-and-online-book-discussion,./reports/271.html,0,46,0,0,0,0,0
272,Let It Go: Weeding Your Library's Collection | Amigos Library Services,https://amigos.org/services/continuing-education/let-it-go-weeding-your-librarys-collection,./reports/272.html,1,46,0,0,1,0,2
273,Libraries Cultivating Community - an Amigos Online Conference | Amigos Library Services,https://amigos.org/services/continuing-education/libraries-cultivating-community-amigos-online-conference,./reports/273.html,0,46,0,0,0,0,0
274,Library Management: Everyday Negotiations | Amigos Library Services,https://amigos.org/services/continuing-education/library-management-everyday-negotiations,./reports/274.html,0,45,0,0,0,0,0
275,Library Management: Managing Change | Amigos Library Services,https://amigos.org/services/continuing-education/library-management-managing-change,./reports/275.html,0,47,0,0,0,0,0
276,Library Management: Managing from the Middle | Amigos Library Services,https://amigos.org/services/continuing-education/library-management-managing-middle,./reports/276.html,0,46,0,0,0,0,0
277,Library Management: Managing Personnel | Amigos Library Services,https://amigos.org/services/continuing-education/library-management-managing-personnel,./reports/277.html,0,45,0,0,0,0,0
278,Library Management: Motivating & Retaining Employees | Amigos Library Services,https://amigos.org/services/continuing-education/library-management-motivating-retaining-employees,./reports/278.html,1,46,0,0,1,0,2
279,Library Management: Workplace Communication | Amigos Library Services,https://amigos.org/services/continuing-education/library-management-workplace-communication,./reports/279.html,0,46,0,0,0,0,0
28,Get The Most Out of Article Galaxy | Amigos Library Services,https://amigos.org/news/get-most-out-article-galaxy,./reports/28.html,0,47,0,0,0,0,0
280,Library of Congress Classification: The Basics | Amigos Library Services,https://amigos.org/services/continuing-education/library-congress-classification-basics,./reports/280.html,0,46,0,0,0,0,0
281,Linked Data and Libraries | Amigos Library Services,https://amigos.org/services/continuing-education/linked-data-and-libraries,./reports/281.html,1,45,0,0,1,0,2
282,Message to Media: Media Production Essentials for Library Workers | Amigos Library Services,https://amigos.org/services/continuing-education/message-media-media-production-essentials-library-workers,./reports/282.html,1,46,0,0,1,0,2
283,Metadata Principles and Practices: Metadata Basics | Amigos Library Services,https://amigos.org/services/continuing-education/metadata-principles-and-practices-metadata-basics,./reports/283.html,1,46,0,0,1,0,2
284,"Metadata Principles and Practices: Metadata Customization, Exchange, Transformation and Migration | Amigos Library Services",https://amigos.org/services/continuing-education/metadata-principles-and-practices-metadata-customization-exchange,./reports/284.html,1,46,0,0,1,0,2
285,Metadata Principles and Practices: Metadata Relationships | Amigos Library Services,https://amigos.org/services/continuing-education/metadata-principles-and-practices-metadata-relationships,./reports/285.html,1,46,0,0,1,0,2
286,Metadata Principles and Practices: Metadata Standards and Types | Amigos Library Services,https://amigos.org/services/continuing-education/metadata-principles-and-practices-metadata-standards-and-types,./reports/286.html,1,46,0,0,1,0,2
287,Metadata Principles and Practices: Micro-Credentialing & Capstone Project | Amigos Library Services,https://amigos.org/services/continuing-education/metadata-principles-and-practices-micro-credentialing-capstone,./reports/287.html,1,46,0,0,1,0,2
288,Parliamentary Procedure 101 | Amigos Library Services,https://amigos.org/services/continuing-education/parliamentary-procedure-101,./reports/288.html,1,45,0,0,1,0,2
289,PDA: Collection Love through Patron Driven Acquisition | Amigos Library Services,https://amigos.org/services/continuing-education/pda-collection-love-through-patron-driven-acquisition,./reports/289.html,0,46,0,0,0,0,0
29,Pressbooks Around the World: Collaboration Across Borders | Amigos Library Services,https://amigos.org/news/pressbooks-around-world-collaboration-across-borders,./reports/29.html,0,47,0,0,0,0,0
290,Project Management Skills for Non-PMPs | Amigos Library Services,https://amigos.org/services/continuing-education/project-management-skills-non-pmps,./reports/290.html,1,45,0,0,1,0,2
291,RDA for Audio Recordings | Amigos Library Services,https://amigos.org/services/continuing-education/rda-audio-recordings,./reports/291.html,0,45,0,0,0,0,0
292,RDA for Video Recordings | Amigos Library Services,https://amigos.org/services/continuing-education/rda-video-recordings,./reports/292.html,0,45,0,0,0,0,0
293,Readers Advisory Basics | Amigos Library Services,https://amigos.org/services/continuing-education/readers-advisory-basics,./reports/293.html,0,47,0,0,0,0,0
294,Reference and Information Services | Amigos Library Services,https://amigos.org/services/continuing-education/reference-and-information-services,./reports/294.html,0,45,0,0,0,0,0
295,Reference Management: A New Approach | Amigos Library Services,https://amigos.org/services/continuing-education/reference-management-new-approach,./reports/295.html,0,45,0,0,0,0,0
296,Reference Policies | Amigos Library Services,https://amigos.org/services/continuing-education/reference-policies,./reports/296.html,0,45,0,0,0,0,0
297,Serving the Neurodiverse Library User | Amigos Library Services,https://amigos.org/services/continuing-education/serving-neurodiverse-library-user,./reports/297.html,1,45,0,0,1,0,2
298,Soft Skills for Library Staff | Amigos Library Services,https://amigos.org/services/continuing-education/soft-skills-library-staff,./reports/298.html,1,45,0,0,1,0,2
299,Strategic Communication Planning for Libraries | Amigos Library Services,https://amigos.org/services/continuing-education/strategic-communication-planning-libraries,./reports/299.html,1,46,0,0,1,0,2
3,Joining Amigos Library Services | Amigos Library Services,https://amigos.org/membership/how-to-join,./reports/3.html,0,51,0,0,0,0,0
30,Resource Sharing & Services | Amigos Library Services,https://amigos.org/news/resource-sharing-and-services,./reports/30.html,0,46,0,0,0,0,0
300,Strategies for Creating and Rebuilding Library Partnerships | Amigos Library Services,https://amigos.org/services/continuing-education/strategies-creating-and-rebuilding-library-partnerships,./reports/300.html,0,46,0,0,0,0,0
301,Streamlining Library Workflows and Processes | Amigos Library Services,https://amigos.org/services/continuing-education/streamlining-library-workflows-and-processes,./reports/301.html,0,46,0,0,0,0,0
302,The Accidental Library Fundraiser | Amigos Library Services,https://amigos.org/services/continuing-education/accidental-library-fundraiser,./reports/302.html,1,45,0,0,1,0,2
303,The Essentials: Conducting the Reference Interview | Amigos Library Services,https://amigos.org/services/continuing-education/essentials-conducting-reference-interview,./reports/303.html,1,46,0,0,1,0,2
304,The Essentials: Library Values | Amigos Library Services,https://amigos.org/services/continuing-education/essentials-library-values,./reports/304.html,1,45,0,0,1,0,2
305,The Essentials: Teaching and Presenting in the Profession | Amigos Library Services,https://amigos.org/services/continuing-education/essentials-teaching-and-presenting-profession,./reports/305.html,0,48,0,0,0,0,0
306,The Essentials: Workplace Communication | Amigos Library Services,https://amigos.org/services/continuing-education/essentials-workplace-communication,./reports/306.html,1,45,0,0,1,0,2
307,The Reference Collection | Amigos Library Services,https://amigos.org/services/continuing-education/reference-collection,./reports/307.html,0,45,0,0,0,0,0
308,The Usable and Accessible Library Space | Amigos Library Services,https://amigos.org/services/continuing-education/usable-and-accessible-library-space,./reports/308.html,0,45,0,0,0,0,0
309,Toward Trans-Inclusive Librarianship | Amigos Library Services,https://amigos.org/services/continuing-education/toward-trans-inclusive-librarianship,./reports/309.html,0,45,0,0,0,0,0
31,New Cambridge Histories and Companions Now Available | Amigos Library Services,https://amigos.org/news/new-cambridge-histories-and-companions-now-available,./reports/31.html,0,47,0,0,0,0,0
310,Transparency in Library Communication | Amigos Library Services,https://amigos.org/services/continuing-education/transparency-library-communication,./reports/310.html,0,45,0,0,0,0,0
311,Understanding and Assisting Library Patrons on the Autism Spectrum | Amigos Library Services,https://amigos.org/services/continuing-education/understanding-and-assisting-library-patrons-autism-spectrum,./reports/311.html,1,46,0,0,1,0,2
312,Understanding and Supporting Neurodiverse Colleagues | Amigos Library Services,https://amigos.org/services/continuing-education/understanding-and-supporting-neurodiverse-colleagues,./reports/312.html,1,46,0,0,1,0,2
313,Understanding Needs of Patrons with Mental Disorders and Improving Self-Care for Library Professionals | Amigos Library Services,https://amigos.org/services/continuing-education/understanding-needs-patrons-mental-disorders-and-improving-self-care,./reports/313.html,0,46,0,0,0,0,0
314,Understanding the Needs of Library Users with a Personality Disorder | Amigos Library Services,https://amigos.org/services/continuing-education/understanding-needs-library-users-personality-disorder,./reports/314.html,1,46,0,0,1,0,2
315,Volunteers in the Library | Amigos Library Services,https://amigos.org/services/continuing-education/volunteers-library,./reports/315.html,1,45,0,0,1,0,2
316,Web Design and Accessibility | Amigos Library Services,https://amigos.org/services/continuing-education/web-design-and-accessibility,./reports/316.html,0,45,0,0,0,0,0
317,Know & Go Session Recording Registration Form | Amigos Library Services,https://amigos.org/node/8564,./reports/317.html,0,49,0,0,0,0,0
318,Access denied | Amigos Library Services,https://amigos.org/services/continuing-education/hive-unlocking-power-apis-libraries,./reports/318.html,0,46,0,0,0,0,0
319,Access denied | Amigos Library Services,https://amigos.org/services/continuing-education/discover-hyku-empowering-libraries-open-source-repository-solutions,./reports/319.html,0,46,0,0,0,0,0
32,Duke University Press Offers Free Trial of Music and Sound Studies | Amigos Library Services,https://amigos.org/news/duke-university-press-offers-free-trial-music-and-sound-studies,./reports/32.html,0,47,0,0,0,0,0
320,TAE | Login,https://amigos.org/services/trans-amigos-express/disruption-of-service,./reports/320.html,2,33,0,0,6,0,12
321,TAE | Login,https://amigos.org/services/trans-amigos-express/holiday-closing-report,./reports/321.html,2,33,0,0,6,0,12
322,TAE | Login,https://amigos.org/services/trans-amigos-express/lost-damaged-items,./reports/322.html,2,33,0,0,6,0,12
323,TAE | Login,https://amigos.org/services/trans-amigos-express/tae-supply-request,./reports/323.html,2,33,0,0,6,0,12
324,Participants | Amigos Library Services,https://amigos.org/services/trans-amigos-express/participants?order=field_tae_site_number&sort=asc,./reports/324.html,0,51,0,0,0,0,0
325,Participants | Amigos Library Services,https://amigos.org/services/trans-amigos-express/participants?order=field_tae_hub&sort=asc,./reports/325.html,0,51,0,0,0,0,0
326,Participants | Amigos Library Services,https://amigos.org/services/trans-amigos-express/participants?order=field_oclc_symbol&sort=asc,./reports/326.html,0,51,0,0,0,0,0
327,Participants | Amigos Library Services,https://amigos.org/services/trans-amigos-express/participants?order=field_tae_type&sort=asc,./reports/327.html,0,51,0,0,0,0,0
328,Participants | Amigos Library Services,https://amigos.org/services/trans-amigos-express/participants?order=field_tae_service_level&sort=asc,./reports/328.html,0,51,0,0,0,0,0
329,Participants | Amigos Library Services,https://amigos.org/services/trans-amigos-express/participants?order=title&sort=desc,./reports/329.html,0,51,0,0,0,0,0
33,Joining Amigos Library Services | Amigos Library Services,https://amigos.org/node/2566,./reports/33.html,0,51,0,0,0,0,0
330,Participants | Amigos Library Services,https://amigos.org/services/trans-amigos-express/participants?order=field_city&sort=asc,./reports/330.html,0,51,0,0,0,0,0
331,Participants | Amigos Library Services,https://amigos.org/services/trans-amigos-express/participants?order=field_state&sort=asc,./reports/331.html,0,51,0,0,0,0,0
332,"Packaging, Labels, Bags, and Requirements | Amigos Library Services",https://amigos.org/services/trans-amigos-express/guidelines-labeling/packing-requirements,./reports/332.html,0,47,0,0,0,0,0
333,"Reporting - Service Disruptions, and Holidays | Amigos Library Services",https://amigos.org/services/trans-amigos-express/guidelines-labeling/reporting,./reports/333.html,0,47,0,0,0,0,0
334,Lost and Damaged Items | Amigos Library Services,https://amigos.org/services/trans-amigos-express/guidelines-labeling/lost-and-damaged-items,./reports/334.html,0,46,0,0,0,0,0
335,Information on the Texas Armadillo Network for Libraries | Amigos Library Services,https://amigos.org/services/trans-amigos-express/guidelines-labeling/texas-armadillo-network,./reports/335.html,0,47,0,0,0,0,0
336,"Able Card, LLC | Amigos Library Services",https://amigos.org/services/member-discounts/discount-direct/able-card,./reports/336.html,0,45,0,0,0,0,0
337,After-Mouse.com | Amigos Library Services,https://amigos.org/services/member-discounts/discount-direct/after-mouse,./reports/337.html,0,46,0,0,0,0,0
338,Archival Methods | Amigos Library Services,https://amigos.org/services/member-discounts/discount-direct/archival-methods,./reports/338.html,0,45,0,0,0,0,0
339,Backstage Library Works | Amigos Library Services,https://amigos.org/services/member-discounts/discount-direct/backstage-library-works,./reports/339.html,0,45,0,0,0,0,0
34,Continuing Education Services | Amigos Library Services,https://amigos.org/node/4470,./reports/34.html,1,47,1,0,0,0,4
340,Bibliotheca | Amigos Library Services,https://amigos.org/services/member-discounts/discount-direct/bibliotheca,./reports/340.html,0,45,0,0,0,0,0
341,Brodart | Amigos Library Services,https://amigos.org/services/member-discounts/discount-direct/brodart,./reports/341.html,0,45,0,0,0,0,0
342,Cloudsource OA | Amigos Library Services,https://amigos.org/services/member-discounts/discount-direct/cloudsource-oa,./reports/342.html,0,46,0,0,0,0,0
343,DEMCO | Amigos Library Services,https://amigos.org/services/member-discounts/discount-direct/demco,./reports/343.html,0,45,0,0,0,0,0
344,Gaylord Archival | Amigos Library Services,https://amigos.org/services/member-discounts/discount-direct/gaylord-archival,./reports/344.html,0,45,0,0,0,0,0
345,Hollinger Metal Edge | Amigos Library Services,https://amigos.org/services/member-discounts/discount-direct/hollinger-metal-edge,./reports/345.html,0,45,0,0,0,0,0
346,Kapco Book Protection | Amigos Library Services,https://amigos.org/services/member-discounts/discount-direct/kapco-book-protection,./reports/346.html,0,45,0,0,0,0,0
347,Niche Academy | Amigos Library Services,https://amigos.org/services/member-discounts/discount-direct/niche-academy,./reports/347.html,0,45,0,0,0,0,0
348,Pressbooks | Amigos Library Services,https://amigos.org/services/member-discounts/discount-direct/pressbooks,./reports/348.html,0,46,0,0,0,0,0
349,"R.E.P. Industries, Inc. | Amigos Library Services",https://amigos.org/services/member-discounts/discount-direct/rep-industries,./reports/349.html,0,45,0,0,0,0,0
35,Course Catalog | Amigos Library Services,https://amigos.org/services/continuing-education/full-catalog,./reports/35.html,0,52,0,0,0,0,0
350,Skilltype | Amigos Library Services,https://amigos.org/services/member-discounts/discount-direct/skilltype,./reports/350.html,0,46,0,0,0,0,0
351,The Library Store | Amigos Library Services,https://amigos.org/services/member-discounts/discount-direct/the-library-store,./reports/351.html,0,45,0,0,0,0,0
352,ABC-CLIO | Amigos Library Services,https://amigos.org/services/member-discounts/vendors/ABC-CLIO,./reports/352.html,0,45,0,0,0,0,0
353,Alexander Street Press | Amigos Library Services,https://amigos.org/services/member-discounts/vendors/Alexander-street-press,./reports/353.html,0,45,0,0,0,0,0
354,Altarama | Amigos Library Services,https://amigos.org/services/member-discounts/vendors/altarama,./reports/354.html,0,45,0,0,0,0,0
355,AM (Adam Matthew) | Amigos Library Services,https://amigos.org/services/member-discounts/vendors/Adam-matthew,./reports/355.html,0,46,0,0,0,0,0
356,Ambrose Video Publishing | Amigos Library Services,https://amigos.org/services/member-discounts/vendors/ambrose-video-publishing,./reports/356.html,0,45,0,0,0,0,0
357,Asia-Studies Full-Text Online | Amigos Library Services,https://amigos.org/services/member-discounts/vendors/asia-studies,./reports/357.html,0,45,0,0,0,0,0
358,ASME - American Society of Mechanical Engineers | Amigos Library Services,https://amigos.org/services/member-discounts/vendors/asme,./reports/358.html,0,46,0,0,0,0,0
359,"Atlas Systems, Inc. | Amigos Library Services",https://amigos.org/services/member-discounts/vendors/atlas-systems,./reports/359.html,0,45,0,0,0,0,0
36,Free for Members | Amigos Library Services,https://amigos.org/services/continuing-education/free-courses,./reports/36.html,0,50,0,0,0,0,0
360,Bibliotele | Amigos Library Services,https://amigos.org/services/member-discounts/vendors/bibliotele,./reports/360.html,0,45,0,0,0,0,0
361,BioOne | Amigos Library Services,https://amigos.org/services/member-discounts/vendors/bioone,./reports/361.html,0,47,0,0,0,0,0
362,Bloomsbury Publishing | Amigos Library Services,https://amigos.org/services/member-discounts/vendors/bloomsbury,./reports/362.html,0,46,0,0,0,0,0
363,BoardDocs® Board Management Solutions | Amigos Library Services,https://amigos.org/services/member-discounts/vendors/boarddocs,./reports/363.html,0,46,0,0,0,0,0
364,BrowZine by Third Iron | Amigos Library Services,https://amigos.org/services/member-discounts/vendors/third-iron,./reports/364.html,0,46,0,0,0,0,0
365,Cahiers d’Art Institute (Artifex Press) | Amigos Library Services,https://amigos.org/services/member-discounts/vendors/cahiers-dart,./reports/365.html,0,46,0,0,0,0,0
366,Cambridge University Press | Amigos Library Services,https://amigos.org/services/member-discounts/vendors/cambridge-university-press,./reports/366.html,0,45,0,0,0,0,0
367,CLCD | Amigos Library Services,https://amigos.org/services/member-discounts/vendors/clcd,./reports/367.html,0,45,0,0,0,0,0
368,Columbia University Press | Amigos Library Services,https://amigos.org/services/member-discounts/vendors/columbia-university-press,./reports/368.html,0,45,0,0,0,0,0
369,ConsortiaManager | Amigos Library Services,https://amigos.org/services/member-discounts/vendors/ConsortiaManager,./reports/369.html,0,46,0,0,0,0,0
37,Amigos Micro-Credential Program | Amigos Library Services,https://amigos.org/services/continuing-education/microcredential-program,./reports/37.html,0,47,0,0,0,0,0
370,Data-Planet | Amigos Library Services,https://amigos.org/services/member-discounts/vendors/data-planet,./reports/370.html,0,45,0,0,0,0,0
371,DEMCO Software | Amigos Library Services,https://amigos.org/services/member-discounts/vendors/demco-software,./reports/371.html,0,46,0,0,0,0,0
372,DOAJ (Directory of Open Access Journals) | Amigos Library Services,https://amigos.org/services/member-discounts/vendors/DOAJ,./reports/372.html,0,45,0,0,0,0,0
373,Docuseek2 | Amigos Library Services,https://amigos.org/services/member-discounts/vendors/docuseek,./reports/373.html,0,46,0,0,0,0,0
374,Duke University Press | Amigos Library Services,https://amigos.org/services/member-discounts/vendors/duke-university-press,./reports/374.html,0,45,0,0,0,0,0
375,Edcetera | Amigos Library Services,https://amigos.org/services/member-discounts/vendors/edcetera,./reports/375.html,0,46,0,0,0,0,0
376,FineLine Technologies (formerly Data2) | Amigos Library Services,https://amigos.org/services/member-discounts/vendors/fineline-technologies,./reports/376.html,0,45,0,0,0,0,0
377,Harvard University Press | Amigos Library Services,https://amigos.org/services/member-discounts/vendors/harvard-university-press,./reports/377.html,0,46,0,0,0,0,0
378,Hein Online | Amigos Library Services,https://amigos.org/services/member-discounts/vendors/hein-online,./reports/378.html,0,45,0,0,0,0,0
379,"Infobase (Credo, Films on Demand, Facts on File) | Amigos Library Services",https://amigos.org/services/member-discounts/vendors/infobase,./reports/379.html,0,46,0,0,0,0,0
38,By Request Training FAQs | Amigos Library Services,https://amigos.org/services/continuing-education/by-request-training-faqs,./reports/38.html,0,47,0,0,0,0,0
380,Latin American Studies Full-Text Online | Amigos Library Services,https://amigos.org/services/member-discounts/vendors/latin-american-studies,./reports/380.html,0,45,0,0,0,0,0
381,LexisNexis | Amigos Library Services,https://amigos.org/services/member-discounts/vendors/lexis-nexis,./reports/381.html,0,45,0,0,0,0,0
382,Mango Languages | Amigos Library Services,https://amigos.org/services/member-discounts/vendors/mango-languages,./reports/382.html,0,46,0,0,0,0,0
383,McGraw Hill | Amigos Library Services,https://amigos.org/services/member-discounts/vendors/mcgraw-hill,./reports/383.html,0,45,0,0,0,0,0
384,Morningstar | Amigos Library Services,https://amigos.org/services/member-discounts/vendors/morningstar,./reports/384.html,0,45,0,0,0,0,0
385,Mosio For Libraries (formerly known as Text A Librarian) | Amigos Library Services,https://amigos.org/services/member-discounts/vendors/mosio,./reports/385.html,0,46,0,0,0,0,0
386,myLIBRO | Amigos Library Services,https://amigos.org/services/member-discounts/vendors/mylibro,./reports/386.html,0,46,0,0,0,0,0
387,"Naxos Online Libraries, Inc. | Amigos Library Services",https://amigos.org/services/member-discounts/vendors/naxos,./reports/387.html,0,45,0,0,0,0,0
388,NoodleTools | Amigos Library Services,https://amigos.org/services/member-discounts/vendors/noodletools,./reports/388.html,0,45,0,0,0,0,0
389,Ovid | Amigos Library Services,https://amigos.org/services/member-discounts/vendors/ovid,./reports/389.html,0,45,0,0,0,0,0
39,Trans-Amigos Express Forms | Amigos Library Services,https://amigos.org/services/trans-amigos-express/forms,./reports/39.html,0,46,0,0,0,0,0
390,Oxford University Press | Amigos Library Services,https://amigos.org/services/member-discounts/vendors/oxford-university-press,./reports/390.html,0,45,0,0,0,0,0
391,PolicyMap | Amigos Library Services,https://amigos.org/services/member-discounts/vendors/policymap,./reports/391.html,0,46,0,0,0,0,0
392,PowerNotes | Amigos Library Services,https://amigos.org/services/member-discounts/vendors/powernotes,./reports/392.html,0,45,0,0,0,0,0
393,PrivCo | Amigos Library Services,https://amigos.org/services/member-discounts/vendors/privco,./reports/393.html,0,45,0,0,0,0,0
394,Project MUSE (The Johns Hopkins University Press) | Amigos Library Services,https://amigos.org/services/member-discounts/vendors/project-muse,./reports/394.html,0,46,0,0,0,0,0
395,ProQuest | Amigos Library Services,https://amigos.org/services/member-discounts/vendors/proquest,./reports/395.html,0,45,0,0,0,0,0
396,Research Solutions | Amigos Library Services,https://amigos.org/services/member-discounts/vendors/research-solutions,./reports/396.html,1,45,0,0,1,0,2
397,Rock's Backpages | Amigos Library Services,https://amigos.org/services/member-discounts/vendors/rocks-backpages,./reports/397.html,0,46,0,0,0,0,0
398,SAGE Publications (including CQ Press) | Amigos Library Services,https://amigos.org/services/member-discounts/vendors/sage-publications,./reports/398.html,0,46,0,0,0,0,0
399,Schlager Group | Amigos Library Services,https://amigos.org/services/member-discounts/vendors/schlager-group,./reports/399.html,0,45,0,0,0,0,0
4,Services | Amigos Library Services,https://amigos.org/services,./reports/4.html,0,45,0,0,0,0,0
40,Participants | Amigos Library Services,https://amigos.org/services/trans-amigos-express/participants,./reports/40.html,0,51,0,0,0,0,0
400,SkillsFirst (formerly Optimal Resume) | Amigos Library Services,https://amigos.org/services/member-discounts/vendors/skillsfirst,./reports/400.html,0,45,0,0,0,0,0
401,Social Explorer | Amigos Library Services,https://amigos.org/services/member-discounts/vendors/social-explorer,./reports/401.html,0,45,0,0,0,0,0
402,Springshare | Amigos Library Services,https://amigos.org/services/member-discounts/vendors/springshare,./reports/402.html,0,46,0,0,0,0,0
403,Taylor & Francis Group | Amigos Library Services,https://amigos.org/services/member-discounts/vendors/taylor-and-francis,./reports/403.html,0,45,0,0,0,0,0
404,The New York Times | Amigos Library Services,https://amigos.org/services/member-discounts/vendors/new-york-times,./reports/404.html,0,45,0,0,0,0,0
405,Top Graphics | Amigos Library Services,https://amigos.org/services/member-discounts/vendors/top-graphics,./reports/405.html,0,45,0,0,0,0,0
406,Watson Label Products | Amigos Library Services,https://amigos.org/services/member-discounts/vendors/watson-label-products,./reports/406.html,0,45,0,0,0,0,0
407,WoltersKluwer | Amigos Library Services,https://amigos.org/services/member-discounts/vendors/wolters-kluwer,./reports/407.html,0,46,0,0,0,0,0
408,Why Hyku? Why a Repository Solution? | Amigos Library Services,https://amigos.org/news/why-hyku-why-repository-solution,./reports/408.html,0,47,0,0,0,0,0
409,Amigos Library Services Joins the Samvera Community | Amigos Library Services,https://amigos.org/news/amigos-library-services-joins-samvera-community,./reports/409.html,0,47,0,0,0,0,0
41,Courier Service Guidelines & Labeling Information | Amigos Library Services,https://amigos.org/services/trans-amigos-express/guidelines-labeling,./reports/41.html,0,47,0,0,0,0,0
410,Digital Repository Service | Amigos Library Services,https://amigos.org/services/hyku,./reports/410.html,0,47,0,0,0,0,0
411,Know & Go: Essential Steps for Selecting a Digital Repository Solution | Amigos Library Services,https://amigos.org/services/continuing-education/know-go-essentials-steps-selecting-digital-repository-solution,./reports/411.html,0,48,0,0,0,0,0
412,Hyku Session Recording Registration Form | Amigos Library Services,https://amigos.org/services/hyku/webinars/recording-form,./reports/412.html,0,45,0,0,0,0,0
413,Continuing Education Services | Amigos Library Services,https://amigos.org/continuing_education?page=0,./reports/413.html,1,47,1,0,0,0,4
414,Continuing Education Services | Amigos Library Services,https://amigos.org/continuing_education?page=1,./reports/414.html,1,47,1,0,0,0,4
415,Course Catalog | Amigos Library Services,https://amigos.org/taxonomy/term/74,./reports/415.html,0,52,0,0,0,0,0
416,Collection Development | Amigos Library Services,https://amigos.org/taxonomy/term/80,./reports/416.html,0,46,0,0,0,0,0
417,Course Catalog | Amigos Library Services,https://amigos.org/taxonomy/term/79,./reports/417.html,0,52,0,0,0,0,0
418,Course Catalog | Amigos Library Services,https://amigos.org/taxonomy/term/78,./reports/418.html,0,52,0,0,0,0,0
419,Course Catalog | Amigos Library Services,https://amigos.org/taxonomy/term/50,./reports/419.html,0,52,0,0,0,0,0
42,Discount Direct | Amigos Library Services,https://amigos.org/services/member-discounts/discount-direct,./reports/42.html,0,53,0,0,0,0,0
420,Course Catalog | Amigos Library Services,https://amigos.org/taxonomy/term/76,./reports/420.html,0,52,0,0,0,0,0
421,Course Catalog | Amigos Library Services,https://amigos.org/taxonomy/term/55,./reports/421.html,0,52,0,0,0,0,0
422,Course Catalog | Amigos Library Services,https://amigos.org/taxonomy/term/77,./reports/422.html,0,52,0,0,0,0,0
423,Course Catalog | Amigos Library Services,https://amigos.org/taxonomy/term/73,./reports/423.html,0,52,0,0,0,0,0
424,Course Catalog | Amigos Library Services,https://amigos.org/taxonomy/term/90,./reports/424.html,0,52,0,0,0,0,0
425,Course Catalog | Amigos Library Services,https://amigos.org/taxonomy/term/59,./reports/425.html,0,52,0,0,0,0,0
426,By Request Training FAQs | Amigos Library Services,https://amigos.org/node/222,./reports/426.html,0,47,0,0,0,0,0
427,"Director of Nash Library -- University of Science & Arts of Oklahoma -- Chickasha, OK | Amigos Library Services",https://amigos.org/services/job-bank/director-nash-library-university-science-arts-oklahoma-chickasha-ok,./reports/427.html,0,46,0,0,0,0,0
428,"Library Manager -- Austin Public Library -- Austin, TX | Amigos Library Services",https://amigos.org/services/job-bank/library-manager-austin-public-library-austin-tx,./reports/428.html,0,46,0,0,0,0,0
429,"Public Library Director -- Green Forest Public Library -- Green Forest, AR | Amigos Library Services",https://amigos.org/services/job-bank/public-library-director-green-forest-public-library-green-forest-ar,./reports/429.html,0,46,0,0,0,0,0
43,Member Discount Quote Request Form | Amigos Library Services,https://amigos.org/services/member-discounts/request,./reports/43.html,0,50,0,0,0,0,0
430,All Sessions | Amigos Library Services,https://amigos.org/node/12794,./reports/430.html,0,46,0,0,0,0,0
431,Page not found | Amigos Library Services,https://amigos.org/node/12794%20,./reports/431.html,0,46,0,0,0,0,0
432,All Sessions | Amigos Library Services,https://amigos.org/node/12725,./reports/432.html,0,45,0,0,0,0,0
433,Page not found | Amigos Library Services,https://amigos.org/node/12725%20,./reports/433.html,0,46,0,0,0,0,0
434,Libraries Cultivate Community | Amigos Library Services,https://amigos.org/node/12651,./reports/434.html,0,45,0,0,0,0,0
435,Page not found | Amigos Library Services,https://amigos.org/node/12651%20,./reports/435.html,0,46,0,0,0,0,0
436,2026 Candidates for Board of Directors | Amigos Library Services,https://amigos.org/membership/annual-conference/2026/candidates,./reports/436.html,2,45,0,18,0,0,54
437,Page not found | Amigos Library Services,https://amigos.org/node/12876%20,./reports/437.html,0,46,0,0,0,0,0
438,Session Details | Amigos Library Services,https://amigos.org/node/12876,./reports/438.html,0,45,0,0,0,0,0
439,Our Present. Our Futures. The Amigos Member Conference 2025 - Board Candidates | Amigos Library Services,https://amigos.org/node/12488,./reports/439.html,0,45,0,0,0,0,0
44,Vendors | Amigos Library Services,https://amigos.org/services/member-discounts/vendors,./reports/44.html,0,53,0,0,0,0,0
440,Our Present. Our Futures. The Amigos Member Conference 2025 | Amigos Library Services,https://amigos.org/node/12502,./reports/440.html,0,45,0,0,0,0,0
441,Page not found | Amigos Library Services,https://amigos.org/node/12502%20,./reports/441.html,0,46,0,0,0,0,0
442,Leading. Partnering. Connecting. The Amigos Member Conference 2024 - Board Candidates | Amigos Library Services,https://amigos.org/node/8664,./reports/442.html,0,45,0,0,0,0,0
443,Leading. Partnering. Connecting. The Amigos Member Conference 2024 - Schedule | Amigos Library Services,https://amigos.org/node/8663,./reports/443.html,0,45,0,0,0,0,0
444,Leading. Partnering. Connecting. The Amigos Member Conference 2024 - Speakers | Amigos Library Services,https://amigos.org/node/8666,./reports/444.html,0,46,0,0,0,0,0
445,Leading. Partnering. Connecting. The Amigos Member Conference 2024 - Sponsors | Amigos Library Services,https://amigos.org/node/8665,./reports/445.html,0,49,0,0,0,0,0
446,Amigos Member Conference 2023: Libraries Plan to Succeed - Board Candidates | Amigos Library Services,https://amigos.org/node/8141,./reports/446.html,0,45,0,0,0,0,0
447,Amigos Member Conference 2023: Libraries Plan to Succeed - Schedule | Amigos Library Services,https://amigos.org/node/8196,./reports/447.html,0,46,0,0,0,0,0
448,Amigos Member Conference 2023: Libraries Plan to Succeed - Speakers | Amigos Library Services,https://amigos.org/node/8195,./reports/448.html,0,46,0,0,0,0,0
449,Amigos Member Conference 2023: Libraries Plan to Succeed - Sponsors | Amigos Library Services,https://amigos.org/node/8188,./reports/449.html,0,49,0,0,0,0,0
45,News Search | Amigos Library Services,https://amigos.org/news/search?search_api_fulltext=digital%20repository%20service,./reports/45.html,0,46,0,0,0,0,0
450,ASME - American Society of Mechanical Engineers | Amigos Library Services,https://amigos.org/node/2854,./reports/450.html,0,46,0,0,0,0,0
451,Bloomsbury Publishing | Amigos Library Services,https://amigos.org/node/2742,./reports/451.html,0,46,0,0,0,0,0
452,Project MUSE (The Johns Hopkins University Press) | Amigos Library Services,https://amigos.org/node/1611,./reports/452.html,0,46,0,0,0,0,0
453,Amigos Library Services Members | Amigos Library Services,https://amigos.org/membership/member-directory?field_institution_type_value=All&order=field_oclc_symbol&sort=desc,./reports/453.html,0,53,0,0,0,0,0
454,Amigos Library Services Members | Amigos Library Services,https://amigos.org/membership/member-directory?field_institution_type_value=All&order=title&sort=asc,./reports/454.html,0,53,0,0,0,0,0
455,Amigos Library Services Members | Amigos Library Services,https://amigos.org/membership/member-directory?field_institution_type_value=All&order=field_city&sort=desc,./reports/455.html,0,53,0,0,0,0,0
456,Amigos Library Services Members | Amigos Library Services,https://amigos.org/membership/member-directory?field_institution_type_value=All&order=field_state&sort=desc,./reports/456.html,0,53,0,0,0,0,0
457,Sign up for the Amigos Member Portal | Amigos Library Services,https://amigos.org/news/sign-amigos-member-portal,./reports/457.html,0,47,0,0,0,0,0
458,Voting Representatives: Information about May 13th Amigos Annual Member Business Meeting | Amigos Library Services,https://amigos.org/news/voting-representatives-information-about-may-13th-amigos-annual-member-business-meeting,./reports/458.html,0,47,0,0,0,0,0
459,Plan Ahead for Membership Renewal - Invoices and Quotes Available Early | Amigos Library Services,https://amigos.org/news/plan-ahead-membership-renewal-invoices-and-quotes-available-early,./reports/459.html,0,47,0,0,0,0,0
46,Privacy Policy | Amigos Library Services,https://amigos.org/services/digital-repository/privacy,./reports/46.html,0,46,0,0,0,0,0
460,"Amigos Member Conference 2026 Registration Open, CFP Closing Soon | Amigos Library Services",https://amigos.org/news/amigos-member-conference-2026-registration-open-cfp-closing-soon,./reports/460.html,0,47,0,0,0,0,0
461,Candidates for election to the Amigos Board of Directors | Amigos Library Services,https://amigos.org/news/candidates-election-amigos-board-directors-0,./reports/461.html,0,47,0,0,0,0,0
462,Voting Representatives: A test email message is coming soon | Amigos Library Services,https://amigos.org/news/voting-representatives-test-email-message-coming-soon,./reports/462.html,0,47,0,0,0,0,0
463,CFP Open for The Ways We Thrive: The Amigos Member Conference 2026 | Amigos Library Services,https://amigos.org/news/cfp-open-ways-we-thrive-amigos-member-conference-2026,./reports/463.html,0,47,0,0,0,0,0
464,Membership & People | Amigos Library Services,https://amigos.org/news/membership-and-people?page=1,./reports/464.html,0,46,0,0,0,0,0
465,,https://amigos.org/taxonomy/term/97/feed,./reports/465.html,5,3,0,2,3,0,12
466,Courses for New Librarians and Managers | Amigos Library Services,https://amigos.org/news/courses-new-librarians-and-managers,./reports/466.html,0,47,0,0,0,0,0
467,Free to Members: Digital Accessibility Resources | Amigos Library Services,https://amigos.org/news/free-members-digital-accessibility-resources-0,./reports/467.html,0,47,0,0,0,0,0
468,Last Chance to Register for Book Repair Basics | Amigos Library Services,https://amigos.org/news/last-chance-register-book-repair-basics,./reports/468.html,0,47,0,0,0,0,0
469,Access denied | Amigos Library Services,https://amigos.org/services/continuing-education/book-repair-basics,./reports/469.html,0,46,0,0,0,0,0
47,Webinars | Amigos Library Services,https://amigos.org/services/digital-repository/webinars,./reports/47.html,0,51,0,0,0,0,0
470,Upcoming Classes of Interest to Public and Rural Libraries | Amigos Library Services,https://amigos.org/news/upcoming-classes-interest-public-and-rural-libraries,./reports/470.html,0,47,0,0,0,0,0
471,Free to Members: Digital Accessibility Resources | Amigos Library Services,https://amigos.org/news/free-members-digital-accessibility-resources,./reports/471.html,0,47,0,0,0,0,0
472,Know & Go: Performance Improvement Plans | Amigos Library Services,https://amigos.org/news/know-go-performance-improvement-plans,./reports/472.html,0,47,0,0,0,0,0
473,In-Person Courses in April 2026 at Austin Public Library | Amigos Library Services,https://amigos.org/news/person-courses-april-2026-austin-public-library,./reports/473.html,0,47,0,0,0,0,0
474,Education & Events | Amigos Library Services,https://amigos.org/news/education-and-events?page=1,./reports/474.html,0,46,0,0,0,0,0
475,,https://amigos.org/taxonomy/term/96/feed,./reports/475.html,5,3,0,2,3,0,12
476,News | Amigos Library Services,https://amigos.org/news/archive?page=0,./reports/476.html,1,47,0,1,0,0,3
477,News | Amigos Library Services,https://amigos.org/news/archive?page=1,./reports/477.html,1,47,0,1,0,0,3
478,News | Amigos Library Services,https://amigos.org/news/archive?page=2,./reports/478.html,1,47,0,1,0,0,3
479,News | Amigos Library Services,https://amigos.org/news/archive?page=3,./reports/479.html,1,47,0,1,0,0,3
48,Association Management Services | Amigos Library Services,https://amigos.org/node/2736,./reports/48.html,0,47,0,0,0,0,0
480,News | Amigos Library Services,https://amigos.org/news/archive?page=4,./reports/480.html,1,47,0,1,0,0,3
481,News | Amigos Library Services,https://amigos.org/news/archive?page=5,./reports/481.html,1,47,0,1,0,0,3
482,News | Amigos Library Services,https://amigos.org/news/archive?page=6,./reports/482.html,1,47,0,1,0,0,3
483,News | Amigos Library Services,https://amigos.org/news/archive?page=7,./reports/483.html,1,47,0,1,0,0,3
484,News | Amigos Library Services,https://amigos.org/news/archive?page=8,./reports/484.html,1,47,0,1,0,0,3
485,News | Amigos Library Services,https://amigos.org/news/archive?page=26,./reports/485.html,1,47,0,1,0,0,3
486,Subscribe to AmigosNow and/or Continued ... Newsletters | Amigos Library Services,https://amigos.org/node/1362?which_newsletter_do_you_wish_to_subscribe_to=AmigosNow,./reports/486.html,0,49,0,0,0,0,0
487,Unsubscribe from AmigosNow and/or Continued ... Newsletters | Amigos Library Services,https://amigos.org/node/9716?newsletter_unsubscribe=AmigosNow,./reports/487.html,0,49,0,0,0,0,0
488,Subscribe to AmigosNow and/or Continued ... Newsletters | Amigos Library Services,https://amigos.org/node/1362?which_newsletter_do_you_wish_to_subscribe_to=Continued,./reports/488.html,0,49,0,0,0,0,0
489,Unsubscribe from AmigosNow and/or Continued ... Newsletters | Amigos Library Services,https://amigos.org/node/9716?newsletter_unsubscribe=Continued,./reports/489.html,0,49,0,0,0,0,0
49,Consulting | Amigos Library Services,https://amigos.org/consulting,./reports/49.html,0,47,0,0,0,0,0
490,Job Bank | Amigos Library Services,https://amigos.org/node/8762?page=0,./reports/490.html,0,48,0,0,0,0,0
491,Job Bank | Amigos Library Services,https://amigos.org/node/8762?page=1,./reports/491.html,0,48,0,0,0,0,0
492,OUP Products Moving to the Academic Platform | Amigos Library Services,https://amigos.org/news/oup-products-moving-academic-platform,./reports/492.html,0,47,0,0,0,0,0
493,Optimal Resume Is Now SkillsFirst: A Skills‑First Approach to Career Readiness | Amigos Library Services,https://amigos.org/news/optimal-resume-now-skillsfirst-skills-first-approach-career-readiness,./reports/493.html,0,47,0,0,0,0,0
494,Backstage Library Works Explains Digital Metadata | Amigos Library Services,https://amigos.org/news/backstage-library-works-explains-digital-metadata,./reports/494.html,0,47,0,0,0,0,0
495,New Project MUSE Offers for Hopkins and Spanish Language Collections | Amigos Library Services,https://amigos.org/news/new-project-muse-offers-hopkins-and-spanish-language-collections,./reports/495.html,0,47,0,0,0,0,0
496,Free AI Webinar April 9 with LexisNexis | Amigos Library Services,https://amigos.org/news/free-ai-webinar-april-9-lexisnexis,./reports/496.html,0,47,0,0,0,0,0
497,Oxford Academic Platform Updates | Amigos Library Services,https://amigos.org/news/oxford-academic-platform-updates,./reports/497.html,0,47,0,0,0,0,0
498,Oxford Research Encyclopedias move to Oxford Academic | Amigos Library Services,https://amigos.org/news/oxford-research-encyclopedias-move-oxford-academic,./reports/498.html,0,47,0,0,0,0,0
499,Expand Access for Your Patrons with Article Galaxy Scholar | Amigos Library Services,https://amigos.org/news/expand-access-your-patrons-article-galaxy-scholar,./reports/499.html,0,47,0,0,0,0,0
5,Continuing Education Services | Amigos Library Services,https://amigos.org/services/continuing-education,./reports/5.html,1,47,1,0,0,0,4
50,Continuing Education Services | Amigos Library Services,https://amigos.org/continuing_education,./reports/50.html,1,47,1,0,0,0,4
500,Bibliotele Highlights Voices That Refuse to Fade | Amigos Library Services,https://amigos.org/news/bibliotele-highlights-voices-refuse-fade,./reports/500.html,0,47,0,0,0,0,0
501,Spring Trainings with Springshare | Amigos Library Services,https://amigos.org/news/spring-trainings-springshare,./reports/501.html,0,47,0,0,0,0,0
502,New Pharmacology & Toxicology Collection Free to Read for Limited Time | Amigos Library Services,https://amigos.org/news/new-pharmacology-toxicology-collection-free-read-limited-time,./reports/502.html,0,47,0,0,0,0,0
503,Products & Partnerships | Amigos Library Services,https://amigos.org/news/products-and-partnerships?page=0,./reports/503.html,0,46,0,0,0,0,0
504,Products & Partnerships | Amigos Library Services,https://amigos.org/news/products-and-partnerships?page=2,./reports/504.html,0,46,0,0,0,0,0
505,Course Catalog | Amigos Library Services,https://amigos.org/taxonomy/term/57,./reports/505.html,0,52,0,0,0,0,0
506,Copyright | Amigos Library Services,https://amigos.org/taxonomy/term/58,./reports/506.html,0,46,0,0,0,0,0
507,Electronic Resource Management 2: Maintenance and Troubleshooting | Amigos Library Services,https://amigos.org/node/6708,./reports/507.html,1,46,0,0,1,0,2
508,Electronic Resource Management 3: Assessment and Preservation | Amigos Library Services,https://amigos.org/node/6709,./reports/508.html,1,46,0,0,1,0,2
509,Electronic Resource Management: Micro-Credentialing & Capstone Project | Amigos Library Services,https://amigos.org/node/6710,./reports/509.html,1,47,0,0,1,0,2
51,Member Discount Services | Amigos Library Services,https://amigos.org/member_discounts,./reports/51.html,0,47,0,0,0,0,0
510,Electronic Resources | Amigos Library Services,https://amigos.org/taxonomy/term/91,./reports/510.html,0,46,0,0,0,0,0
511,Electronic Resource Management 1: Acquisition and Implementation | Amigos Library Services,https://amigos.org/node/6707,./reports/511.html,1,46,0,0,1,0,2
512,Metadata Principles and Practices: Metadata Standards and Types | Amigos Library Services,https://amigos.org/node/2970,./reports/512.html,1,46,0,0,1,0,2
513,"Metadata Principles and Practices: Metadata Customization, Exchange, Transformation and Migration | Amigos Library Services",https://amigos.org/node/2971,./reports/513.html,1,46,0,0,1,0,2
514,Metadata Principles and Practices: Metadata Relationships | Amigos Library Services,https://amigos.org/node/3038,./reports/514.html,1,46,0,0,1,0,2
515,Metadata Principles and Practices: Micro-Credentialing & Capstone Project | Amigos Library Services,https://amigos.org/node/6484,./reports/515.html,1,46,0,0,1,0,2
516,Metadata Principles and Practices: Metadata Basics | Amigos Library Services,https://amigos.org/node/2969,./reports/516.html,1,46,0,0,1,0,2
517,Participants | Amigos Library Services,https://amigos.org/services/trans-amigos-express/participants?order=field_tae_site_number&sort=desc,./reports/517.html,0,51,0,0,0,0,0
518,Participants | Amigos Library Services,https://amigos.org/services/trans-amigos-express/participants?order=title&sort=asc,./reports/518.html,0,51,0,0,0,0,0
519,Participants | Amigos Library Services,https://amigos.org/services/trans-amigos-express/participants?order=field_tae_hub&sort=desc,./reports/519.html,0,51,0,0,0,0,0
52,Amigos Library Services Resource Sharing | Amigos Library Services,https://amigos.org/amigos_resource_sharing,./reports/52.html,0,47,0,0,0,0,0
520,Participants | Amigos Library Services,https://amigos.org/services/trans-amigos-express/participants?order=field_oclc_symbol&sort=desc,./reports/520.html,0,51,0,0,0,0,0
521,Participants | Amigos Library Services,https://amigos.org/services/trans-amigos-express/participants?order=field_tae_type&sort=desc,./reports/521.html,0,51,0,0,0,0,0
522,Participants | Amigos Library Services,https://amigos.org/services/trans-amigos-express/participants?order=field_tae_service_level&sort=desc,./reports/522.html,0,51,0,0,0,0,0
523,Participants | Amigos Library Services,https://amigos.org/services/trans-amigos-express/participants?order=field_city&sort=desc,./reports/523.html,0,51,0,0,0,0,0
524,Participants | Amigos Library Services,https://amigos.org/services/trans-amigos-express/participants?order=field_state&sort=desc,./reports/524.html,0,51,0,0,0,0,0
525,SAGE Publications (including CQ Press) | Amigos Library Services,https://amigos.org/node/1650,./reports/525.html,0,46,0,0,0,0,0
527,Ovid | Amigos Library Services,https://amigos.org/node/1769,./reports/527.html,0,45,0,0,0,0,0
528,Page not found | Amigos Library Services,https://amigos.org/hyku,./reports/528.html,0,46,0,0,0,0,0
529,Page not found | Amigos Library Services,https://amigos.org/civicrm/event/info?reset=1&id=2058,./reports/529.html,0,46,0,0,0,0,0
53,Amigos Online Conferences | Amigos Library Services,https://amigos.org/node/670,./reports/53.html,0,47,0,0,0,0,0
530,Page not found | Amigos Library Services,https://amigos.org/civicrm/event/info?reset=1&id=2073,./reports/530.html,0,46,0,0,0,0,0
531,Collection Development | Amigos Library Services,https://amigos.org/taxonomy/term/80?page=1,./reports/531.html,0,46,0,0,0,0,0
532,,https://amigos.org/taxonomy/term/80/feed,./reports/532.html,5,3,0,2,3,0,12
533,LexisNexis | Amigos Library Services,https://amigos.org/node/1613,./reports/533.html,0,45,0,0,0,0,0
534,Oxford University Press | Amigos Library Services,https://amigos.org/node/1622,./reports/534.html,0,45,0,0,0,0,0
535,DEMCO | Amigos Library Services,https://amigos.org/node/1592,./reports/535.html,0,45,0,0,0,0,0
536,Springshare | Amigos Library Services,https://amigos.org/node/2527,./reports/536.html,0,46,0,0,0,0,0
537,BoardDocs® Board Management Solutions | Amigos Library Services,https://amigos.org/node/3002,./reports/537.html,0,46,0,0,0,0,0
538,Amigos Member Conference 2023: Libraries Plan to Succeed | Amigos Library Services,https://amigos.org/node/8081,./reports/538.html,0,46,0,0,0,0,0
539,Amigos Releases 2024–25 Annual Report Highlighting a Year of Progress and Investment | Amigos Library Services,https://amigos.org/news/amigos-releases-2024-25-annual-report-highlighting-year-progress-and-investment,./reports/539.html,0,47,0,0,0,0,0
54,Trans-Amigos Express | Amigos Library Services,https://amigos.org/trans_amigos_express,./reports/54.html,0,47,0,0,0,0,0
540,Kyla Hunt Joins Amigos as Library Services Trainer and Missouri Libraries 2 Go (MOLIB2GO) Coordinator | Amigos Library Services,https://amigos.org/news/kyla-hunt-joins-amigos-library-services-trainer-and-missouri-libraries-2-go-molib2go,./reports/540.html,0,47,0,0,0,0,0
541,"New Year, New Hiring! Recruit Top Talent with the Amigos Job Bank | Amigos Library Services",https://amigos.org/news/new-year-new-hiring-recruit-top-talent-amigos-job-bank,./reports/541.html,0,47,0,0,0,0,0
542,Job Bank | Amigos Library Services,https://amigos.org/job_bank,./reports/542.html,0,48,0,0,0,0,0
543,Save on Registration for NISO Plus Baltimore | Amigos Library Services,https://amigos.org/news/save-registration-niso-plus-baltimore,./reports/543.html,0,47,0,0,0,0,0
544,Amigos Member Library Directors: Check Your 2024-25 Member Report Card! | Amigos Library Services,https://amigos.org/news/amigos-member-library-directors-check-your-2024-25-member-report-card,./reports/544.html,0,47,0,0,0,0,0
545,Have You Shared Your Input Yet? | Amigos Library Services,https://amigos.org/news/have-you-shared-your-input-yet,./reports/545.html,0,47,0,0,0,0,0
546,Applications Open for 2026 NISO Plus Scholarships | Amigos Library Services,https://amigos.org/news/applications-open-2026-niso-plus-scholarships,./reports/546.html,0,47,0,0,0,0,0
547,Congratulations to 2025 MLA Award Winners | Amigos Library Services,https://amigos.org/news/congratulations-2025-mla-award-winners,./reports/547.html,0,47,0,0,0,0,0
548,Reminder: Continuing Education is Now Free for Members | Amigos Library Services,https://amigos.org/news/reminder-continuing-education-now-free-members,./reports/548.html,0,47,0,0,0,0,0
549,Membership & People | Amigos Library Services,https://amigos.org/news/membership-and-people?page=0,./reports/549.html,0,46,0,0,0,0,0
55,Know & Go: Library Management Skills for New and Aspiring Managers | Amigos Library Services,https://amigos.org/services/continuing-education/know-go-library-management-skills-new-and-aspiring-managers,./reports/55.html,0,48,0,0,0,0,0
550,Membership & People | Amigos Library Services,https://amigos.org/news/membership-and-people?page=2,./reports/550.html,0,46,0,0,0,0,0
551,Access denied | Amigos Library Services,https://amigos.org/services/continuing-education/customer-service-basics-person-austin-texas,./reports/551.html,0,46,0,0,0,0,0
552,Adaptive Services for Staff Success: An Amigos Community Conversation | Amigos Library Services,https://amigos.org/news/adaptive-services-staff-success-amigos-community-conversation,./reports/552.html,0,47,0,0,0,0,0
553,New Continuing Education Newsletter Now Available | Amigos Library Services,https://amigos.org/news/new-continuing-education-newsletter-now-available,./reports/553.html,0,47,0,0,0,0,0
554,February Conference Wrap‑Up and Recordings | Amigos Library Services,https://amigos.org/news/february-conference-wrap-and-recordings,./reports/554.html,0,47,0,0,0,0,0
555,Summer Sessions Now on the Continuing Education Schedule | Amigos Library Services,https://amigos.org/news/summer-sessions-now-continuing-education-schedule,./reports/555.html,0,47,0,0,0,0,0
556,Last Chance to Register for Digital Accessibility Conference | Amigos Library Services,https://amigos.org/news/last-chance-register-digital-accessibility-conference,./reports/556.html,0,47,0,0,0,0,0
557,Invite Your Student Workers and Volunteers to Customer Service Basics for Free | Amigos Library Services,https://amigos.org/news/invite-your-student-workers-and-volunteers-customer-service-basics-free,./reports/557.html,0,47,0,0,0,0,0
558,Speakers Announced for March 17 Session on APIs in Libraries | Amigos Library Services,https://amigos.org/news/speakers-announced-march-17-session-apis-libraries,./reports/558.html,0,47,0,0,0,0,0
559,Amy Drayer to Keynote Digital Accessibility in Libraries Conference | Amigos Library Services,https://amigos.org/news/amy-drayer-keynote-digital-accessibility-libraries-conference,./reports/559.html,0,47,0,0,0,0,0
56,Creating a Collection Development Policy | Amigos Library Services,https://amigos.org/services/continuing-education/creating-collection-development-policy,./reports/56.html,0,48,0,0,0,0,0
560,College Students Actually Do Read | Amigos Library Services,https://amigos.org/news/college-students-actually-do-read,./reports/560.html,0,47,0,0,0,0,0
561,February and March Know & Go Sessions: Bite-Sized Learning for Library Staff | Amigos Library Services,https://amigos.org/news/february-and-march-know-go-sessions-bite-sized-learning-library-staff,./reports/561.html,0,47,0,0,0,0,0
562,Education & Events | Amigos Library Services,https://amigos.org/news/education-and-events?page=0,./reports/562.html,0,46,0,0,0,0,0
563,Education & Events | Amigos Library Services,https://amigos.org/news/education-and-events?page=2,./reports/563.html,0,46,0,0,0,0,0
564,Over 900 New Videos in Bloom’s Literature from Infobase | Amigos Library Services,https://amigos.org/news/over-900-new-videos-blooms-literature-infobase,./reports/564.html,0,47,0,0,0,0,0
565,Springshare Introduces Incident and Issue Tracking | Amigos Library Services,https://amigos.org/news/springshare-introduces-incident-and-issue-tracking,./reports/565.html,0,47,0,0,0,0,0
566,Four New HeinOnline Databases Now Available | Amigos Library Services,https://amigos.org/news/four-new-heinonline-databases-now-available,./reports/566.html,0,47,0,0,0,0,0
567,Creative Ways to Use Bookmarks in Your Library | Amigos Library Services,https://amigos.org/news/creative-ways-use-bookmarks-your-library,./reports/567.html,0,47,0,0,0,0,0
568,BioOne Reaches Major Open Access Milestone for 2026 | Amigos Library Services,https://amigos.org/news/bioone-reaches-major-open-access-milestone-2026,./reports/568.html,0,47,0,0,0,0,0
569,Updates and New Journals from Project MUSE | Amigos Library Services,https://amigos.org/news/updates-and-new-journals-project-muse,./reports/569.html,0,47,0,0,0,0,0
57,Library Signage | Amigos Library Services,https://amigos.org/services/continuing-education/library-signage,./reports/57.html,0,47,0,0,0,0,0
570,Share Research on Coevolution with Your Campus | Amigos Library Services,https://amigos.org/news/share-research-coevolution-your-campus,./reports/570.html,0,47,0,0,0,0,0
571,Upcoming AI Sessions for Librarians Serving Latino Communities | Amigos Library Services,https://amigos.org/news/upcoming-ai-sessions-librarians-serving-latino-communities,./reports/571.html,0,47,0,0,0,0,0
572,Why Annual Planning Matters for Your Library | Amigos Library Services,https://amigos.org/news/why-annual-planning-matters-your-library,./reports/572.html,0,47,0,0,0,0,0
573,Ambrose Video Announces WCAG Compliant Website | Amigos Library Services,https://amigos.org/news/ambrose-video-announces-wcag-compliant-website,./reports/573.html,0,47,0,0,0,0,0
574,Free Resource Spotlight: Open Access Collection from Project MUSE | Amigos Library Services,https://amigos.org/news/free-resource-spotlight-open-access-collection-project-muse,./reports/574.html,0,47,0,0,0,0,0
575,Schlager Announces 2026 Title Additions and Growth | Amigos Library Services,https://amigos.org/news/schlager-announces-2026-title-additions-and-growth,./reports/575.html,0,47,0,0,0,0,0
576,Oxford University Press Upgrades | Amigos Library Services,https://amigos.org/news/oxford-university-press-upgrades,./reports/576.html,0,47,0,0,0,0,0
577,Two Amigos CFPs Closing Soon. Submit Your Proposal Today | Amigos Library Services,https://amigos.org/news/two-amigos-cfps-closing-soon-submit-your-proposal-today,./reports/577.html,0,47,0,0,0,0,0
578,February Conference Registration Now Open | Amigos Library Services,https://amigos.org/news/february-conference-registration-now-open,./reports/578.html,0,47,0,0,0,0,0
579,Electronic Resource Management Micro-Credential Series Registration Open | Amigos Library Services,https://amigos.org/news/electronic-resource-management-micro-credential-series-registration-open,./reports/579.html,0,47,0,0,0,0,0
58,Know & Go: Sparking Growth and Connection Among Early Career Librarians | Amigos Library Services,https://amigos.org/services/continuing-education/know-go-sparking-growth-and-connection-among-early-career-librarians,./reports/58.html,0,48,0,0,0,0,0
580,Springshare and Bibliotheca Announce Advanced Event Calendar Integration | Amigos Library Services,https://amigos.org/news/springshare-and-bibliotheca-announce-advanced-event-calendar-integration,./reports/580.html,0,47,0,0,0,0,0
581,Missed Practical Paths to the AI-Enhanced Library Conference? Register for the recording! | Amigos Library Services,https://amigos.org/news/missed-practical-paths-ai-enhanced-library-conference-register-recording,./reports/581.html,0,47,0,0,0,0,0
582,February Conference Call for Proposals Now Open | Amigos Library Services,https://amigos.org/news/february-conference-call-proposals-now-open,./reports/582.html,0,47,0,0,0,0,0
583,Congratulations! New Amigos Micro-Credential Certificate Recipients | Amigos Library Services,https://amigos.org/news/congratulations-new-amigos-micro-credential-certificate-recipients,./reports/583.html,0,47,0,0,0,0,0
584,See What’s New in Amigos CE in Continued Newsletter | Amigos Library Services,https://amigos.org/news/see-whats-new-amigos-ce-continued-newsletter,./reports/584.html,0,47,0,0,0,0,0
585,Help Faculty Find the Right Journals | Amigos Library Services,https://amigos.org/news/help-faculty-find-right-journals,./reports/585.html,0,47,0,0,0,0,0
586,Case Law Power Tool Now Integrated to HeinOnline | Amigos Library Services,https://amigos.org/news/case-law-power-tool-now-integrated-heinonline,./reports/586.html,0,47,0,0,0,0,0
587,Savings on Everyday Purchases with Brodart | Amigos Library Services,https://amigos.org/news/savings-everyday-purchases-brodart,./reports/587.html,0,47,0,0,0,0,0
588,Special Offer on Oxford Journals Archive | Amigos Library Services,https://amigos.org/news/special-offer-oxford-journals-archive,./reports/588.html,0,47,0,0,0,0,0
589,Schedule Announced for Practical Paths to the AI-Enhanced Library | Amigos Library Services,https://amigos.org/news/schedule-announced-practical-paths-ai-enhanced-library,./reports/589.html,0,47,0,0,0,0,0
59,Introduction to OpenRefine | Amigos Library Services,https://amigos.org/services/continuing-education/introduction-openrefine,./reports/59.html,0,47,0,0,0,0,0
590,Call for Panelists - The Hive: Unlocking the Power of APIs in Libraries | Amigos Library Services,https://amigos.org/news/call-panelists-hive-unlocking-power-apis-libraries,./reports/590.html,0,47,0,0,0,0,0
591,Celebrate Latin and Spanish-Language Stories This November | Amigos Library Services,https://amigos.org/news/celebrate-latin-and-spanish-language-stories-november,./reports/591.html,0,47,0,0,0,0,0
592,Keynote Speakers Announced for Practical Paths to the AI-Enhanced Library | Amigos Library Services,https://amigos.org/news/keynote-speakers-announced-practical-paths-ai-enhanced-library,./reports/592.html,0,47,0,0,0,0,0
593,DOAJ Shares Updates and Thanks Amigos Supporters | Amigos Library Services,https://amigos.org/news/doaj-shares-updates-and-thanks-amigos-supporters,./reports/593.html,0,47,0,0,0,0,0
594,Learn How the Jessica Kingsley Publishers Library Enhances Collections in Free Webinar | Amigos Library Services,https://amigos.org/news/learn-how-jessica-kingsley-publishers-library-enhances-collections-free-webinar,./reports/594.html,0,47,0,0,0,0,0
595, Make Every Label Count with Demco | Amigos Library Services,https://amigos.org/news/make-every-label-count-demco,./reports/595.html,0,47,0,0,0,0,0
596,Project MUSE Introduces the 2026 Hopkins Book Collection | Amigos Library Services,https://amigos.org/news/project-muse-introduces-2026-hopkins-book-collection,./reports/596.html,0,47,0,0,0,0,0
597,BioOne Introduces Subscribe to Open Pilot Program | Amigos Library Services,https://amigos.org/news/bioone-introduces-subscribe-open-pilot-program,./reports/597.html,0,47,0,0,0,0,0
598,News | Amigos Library Services,https://amigos.org/news/archive?page=9,./reports/598.html,1,47,0,1,0,0,3
599,Registration Open for Practical Paths to the AI-Enhanced Library Conference | Amigos Library Services,https://amigos.org/news/registration-open-practical-paths-ai-enhanced-library-conference,./reports/599.html,0,47,0,0,0,0,0
6,Trans-Amigos Express | Amigos Library Services,https://amigos.org/services/trans-amigos-express,./reports/6.html,0,47,0,0,0,0,0
60,Know & Go: Increase Your Productivity with Time Management | Amigos Library Services,https://amigos.org/services/continuing-education/know-go-increase-your-productivity-time-management,./reports/60.html,0,48,0,0,0,0,0
600,AI With Amigos This Fall | Amigos Library Services,https://amigos.org/news/ai-amigos-fall,./reports/600.html,0,47,0,0,0,0,0
601,Learn the Essentials of Library Acquisitions with Elizabeth J. Szkirpan | Amigos Library Services,https://amigos.org/news/learn-essentials-library-acquisitions-elizabeth-j-szkirpan,./reports/601.html,0,47,0,0,0,0,0
602,Support for Libraries Transitioning to In-House Book Processing | Amigos Library Services,https://amigos.org/news/support-libraries-transitioning-house-book-processing,./reports/602.html,0,47,0,0,0,0,0
603,Amigos ER&L Registration Award Application Now Open | Amigos Library Services,https://amigos.org/news/amigos-erl-registration-award-application-now-open,./reports/603.html,0,47,0,0,0,0,0
604,October Know & Go’s | Amigos Library Services,https://amigos.org/news/october-know-gos,./reports/604.html,0,47,0,0,0,0,0
605,Metadata Micro-Credentialing Series Starts 10/15 | Amigos Library Services,https://amigos.org/news/metadata-micro-credentialing-series-starts-1015,./reports/605.html,0,47,0,0,0,0,0
606,All the World’s a Stage: Global Theatre in Translation | Amigos Library Services,https://amigos.org/news/all-worlds-stage-global-theatre-translation,./reports/606.html,0,47,0,0,0,0,0
607,Explore the Latest in Amigos CE News in Continued | Amigos Library Services,https://amigos.org/news/explore-latest-amigos-ce-news-continued,./reports/607.html,0,47,0,0,0,0,0
608,Second Session Added for Book Repair Training | Amigos Library Services,https://amigos.org/news/second-session-added-book-repair-training,./reports/608.html,0,47,0,0,0,0,0
609,December Online Conference Call for Proposals Now Open | Amigos Library Services,https://amigos.org/news/december-online-conference-call-proposals-now-open,./reports/609.html,0,47,0,0,0,0,0
61,Know & Go: Diversity and Inclusion Activities for Library Meetings | Amigos Library Services,https://amigos.org/services/continuing-education/know-go-diversity-and-inclusion-activities-library-meetings,./reports/61.html,0,48,0,0,0,0,0
610,Panelists Announced for October Community Conversation | Amigos Library Services,https://amigos.org/news/panelists-announced-october-community-conversation,./reports/610.html,0,47,0,0,0,0,0
611,Access denied | Amigos Library Services,https://amigos.org/services/continuing-education/recognizing-and-cultivating-house-talent-amigos-community,./reports/611.html,0,46,0,0,0,0,0
612,Missed Libraries Cultivating Community Conference? Register for the recording! | Amigos Library Services,https://amigos.org/news/missed-libraries-cultivating-community-conference-register-recording,./reports/612.html,0,47,0,0,0,0,0
613,New in the American Government Reference Library | Amigos Library Services,https://amigos.org/news/new-american-government-reference-library,./reports/613.html,0,47,0,0,0,0,0
614,New Vendor Partner Bibliotele | Amigos Library Services,https://amigos.org/news/new-vendor-partner-bibliotele,./reports/614.html,0,47,0,0,0,0,0
615,News | Amigos Library Services,https://amigos.org/news/archive?page=10,./reports/615.html,1,47,0,1,0,0,3
616,Save Microfilm Duplication with Backstage Library Works | Amigos Library Services,https://amigos.org/news/save-microfilm-duplication-backstage-library-works,./reports/616.html,0,47,0,0,0,0,0
617,Get 3 Months Free Plus Discount on Morningstar | Amigos Library Services,https://amigos.org/news/get-3-months-free-plus-discount-morningstar,./reports/617.html,0,47,0,0,0,0,0
618,Learn About Research Tools and Ethical AI in Free Webinar | Amigos Library Services,https://amigos.org/news/learn-about-research-tools-and-ethical-ai-free-webinar-0,./reports/618.html,0,47,0,0,0,0,0
619,Explore a Landmark OA Series from Project MUSE | Amigos Library Services,https://amigos.org/news/explore-landmark-oa-series-project-muse,./reports/619.html,0,47,0,0,0,0,0
62,Creating Visual Content for Multiple Platforms | Amigos Library Services,https://amigos.org/services/continuing-education/creating-visual-content-multiple-platforms,./reports/62.html,0,48,0,0,0,0,0
620,Explore the Fall Continuing Education Schedule | Amigos Library Services,https://amigos.org/news/explore-fall-continuing-education-schedule,./reports/620.html,0,47,0,0,0,0,0
621,Are You Using All of Your Benefits? | Amigos Library Services,https://amigos.org/news/are-you-using-all-your-benefits,./reports/621.html,0,47,0,0,0,0,0
622,NISO Plus 2025 Global/Online Conference Discount Available | Amigos Library Services,https://amigos.org/news/niso-plus-2025-globalonline-conference-discount-available,./reports/622.html,0,47,0,0,0,0,0
623,Preview the Libraries Cultivating Community Conference Schedule | Amigos Library Services,https://amigos.org/news/preview-libraries-cultivating-community-conference-schedule,./reports/623.html,0,47,0,0,0,0,0
624,"October In-Person Book Repair Training Available in Independence, Missouri | Amigos Library Services",https://amigos.org/news/october-person-book-repair-training-available-independence-missouri,./reports/624.html,0,47,0,0,0,0,0
625,Organization of American States Coming Soon to HeinOnline | Amigos Library Services,https://amigos.org/news/organization-american-states-coming-soon-heinonline,./reports/625.html,0,47,0,0,0,0,0
626,Discover Open Journal Finder in Free Webinar | Amigos Library Services,https://amigos.org/news/discover-open-journal-finder-free-webinar,./reports/626.html,0,47,0,0,0,0,0
627,Registration Open for Libraries Cultivating Community Conference | Amigos Library Services,https://amigos.org/news/registration-open-libraries-cultivating-community-conference,./reports/627.html,0,47,0,0,0,0,0
628,Meet the Panelists: The Hive’s First Session on Generative AI Tips & Tricks | Amigos Library Services,https://amigos.org/news/meet-panelists-hives-first-session-generative-ai-tips-tricks,./reports/628.html,0,47,0,0,0,0,0
629,Announcing The Hive: Educational Series | Amigos Library Services,https://amigos.org/news/announcing-hive-educational-series,./reports/629.html,0,47,0,0,0,0,0
63,Know & Go: Emerging Adulthood and Adulting Programs for Teens and College Students | Amigos Library Services,https://amigos.org/services/continuing-education/know-go-emerging-adulthood-and-adulting-programs-teens-and-college,./reports/63.html,0,48,0,0,0,0,0
630,Have You Told Your Vendor You’re an Amigos Member? | Amigos Library Services,https://amigos.org/news/have-you-told-your-vendor-youre-amigos-member,./reports/630.html,0,47,0,0,0,0,0
631,Learn How to Reach a New Audience at Your Library Through Bilingual Programming | Amigos Library Services,https://amigos.org/news/learn-how-reach-new-audience-your-library-through-bilingual-programming,./reports/631.html,0,47,0,0,0,0,0
632,News | Amigos Library Services,https://amigos.org/news/archive?page=11,./reports/632.html,1,47,0,1,0,0,3
633,Making Every Makerspace Moment Count | Amigos Library Services,https://amigos.org/news/making-every-makerspace-moment-count,./reports/633.html,0,47,0,0,0,0,0
634,NISO Roundtable Registration Available for Amigos Members | Amigos Library Services,https://amigos.org/news/niso-roundtable-registration-available-amigos-members,./reports/634.html,0,47,0,0,0,0,0
635,Embrace Strategic Foresight | Amigos Library Services,https://amigos.org/news/embrace-strategic-foresight,./reports/635.html,0,47,0,0,0,0,0
636,Website Accessibility for Everyone | Amigos Library Services,https://amigos.org/news/website-accessibility-everyone,./reports/636.html,0,47,0,0,0,0,0
637,Bilingual Programming at Your Library | Amigos Library Services,https://amigos.org/news/bilingual-programming-your-library,./reports/637.html,0,47,0,0,0,0,0
638,From Maps to Meaning with PolicyMap | Amigos Library Services,https://amigos.org/news/maps-meaning-policymap,./reports/638.html,0,47,0,0,0,0,0
639,Keep Learning All Summer Long | Amigos Library Services,https://amigos.org/news/keep-learning-all-summer-long,./reports/639.html,0,47,0,0,0,0,0
64,Event Planning 101 | Amigos Library Services,https://amigos.org/services/continuing-education/event-planning-101,./reports/64.html,0,47,0,0,0,0,0
640,September Conference Call for Proposals Now Open | Amigos Library Services,https://amigos.org/news/september-conference-call-proposals-now-open,./reports/640.html,0,47,0,0,0,0,0
641,KLA Partners with Amigos for Association Management | Amigos Library Services,https://amigos.org/news/kla-partners-amigos-association-management,./reports/641.html,0,47,0,0,0,0,0
642,Explore the Global Impact of Social Media | Amigos Library Services,https://amigos.org/news/explore-global-impact-social-media,./reports/642.html,0,47,0,0,0,0,0
643,New Powerful Data Tool From PolicyMap For Public and Academic Libraries | Amigos Library Services,https://amigos.org/news/new-powerful-data-tool-policymap-public-and-academic-libraries,./reports/643.html,0,47,0,0,0,0,0
644,Better Understand Library Users with a Personality Disorder | Amigos Library Services,https://amigos.org/news/better-understand-library-users-personality-disorder,./reports/644.html,0,47,0,0,0,0,0
645,Members: Register Now for Upcoming Community Conversation | Amigos Library Services,https://amigos.org/news/members-register-now-upcoming-community-conversation,./reports/645.html,0,47,0,0,0,0,0
646,Learn About Research Tools and Ethical AI in Free Webinar | Amigos Library Services,https://amigos.org/news/learn-about-research-tools-and-ethical-ai-free-webinar,./reports/646.html,0,47,0,0,0,0,0
647,New Amigos Vendor Partner: HeinOnline | Amigos Library Services,https://amigos.org/news/new-amigos-vendor-partner-heinonline,./reports/647.html,0,47,0,0,0,0,0
648,News | Amigos Library Services,https://amigos.org/news/archive?page=12,./reports/648.html,1,47,0,1,0,0,3
649,Amigos Library Services Membership Year 2021-2022 Annual Report | Amigos Library Services,https://amigos.org/news/amigos-library-services-membership-year-2021-2022-annual-report,./reports/649.html,0,47,0,0,0,0,0
65,Know & Go: Sustainable Documentation and Training for Libraries | Amigos Library Services,https://amigos.org/services/continuing-education/know-go-sustainable-documentation-and-training-libraries,./reports/65.html,0,48,0,0,0,0,0
650,MOLIB2GO Makes the Million Checkouts Club for 2022 | Amigos Library Services,https://amigos.org/news/molib2go-makes-million-checkouts-club-2022,./reports/650.html,0,47,0,0,0,0,0
651,Reflections from NWILL Conference Amigos Scholarship Recipients | Amigos Library Services,https://amigos.org/news/reflections-nwill-conference-amigos-scholarship-recipients,./reports/651.html,0,47,0,0,0,0,0
652,Page not found | Amigos Library Services,https://amigos.org/node/7658,./reports/652.html,0,46,0,0,0,0,0
653,"Get an action plan together with ""Community Needs Assessment 101"" | Amigos Library Services",https://amigos.org/news/get-action-plan-together-community-needs-assessment-101,./reports/653.html,0,47,0,0,0,0,0
654,"Do you speak Google? Learn how in ""Scripting Google Apps"" | Amigos Library Services",https://amigos.org/news/do-you-speak-google-learn-how-scripting-google-apps,./reports/654.html,0,47,0,0,0,0,0
655,Save on Computers in Libraries 2023 With Amigos Discount Code | Amigos Library Services,https://amigos.org/news/save-computers-libraries-2023-amigos-discount-code,./reports/655.html,0,47,0,0,0,0,0
656,Revamped Nursing Collection Now Available from Infobase | Amigos Library Services,https://amigos.org/news/revamped-nursing-collection-now-available-infobase,./reports/656.html,0,47,0,0,0,0,0
657,News | Amigos Library Services,https://amigos.org/news/archive?page=25,./reports/657.html,1,47,0,1,0,0,3
658,News | Amigos Library Services,https://amigos.org/news/archive?page=18,./reports/658.html,1,47,0,1,0,0,3
659,News | Amigos Library Services,https://amigos.org/news/archive?page=19,./reports/659.html,1,47,0,1,0,0,3
66,Introduction to MarcEdit | Amigos Library Services,https://amigos.org/services/continuing-education/introduction-marcedit,./reports/66.html,0,47,0,0,0,0,0
660,News | Amigos Library Services,https://amigos.org/news/archive?page=20,./reports/660.html,1,47,0,1,0,0,3
661,News | Amigos Library Services,https://amigos.org/news/archive?page=21,./reports/661.html,1,47,0,1,0,0,3
662,News | Amigos Library Services,https://amigos.org/news/archive?page=22,./reports/662.html,1,47,0,1,0,0,3
663,News | Amigos Library Services,https://amigos.org/news/archive?page=23,./reports/663.html,1,47,0,1,0,0,3
664,News | Amigos Library Services,https://amigos.org/news/archive?page=24,./reports/664.html,1,47,0,1,0,0,3
667,Products & Partnerships | Amigos Library Services,https://amigos.org/news/products-and-partnerships?page=3,./reports/667.html,0,46,0,0,0,0,0
668,,https://amigos.org/taxonomy/term/58/feed,./reports/668.html,5,3,0,2,3,0,12
669,,https://amigos.org/taxonomy/term/91/feed,./reports/669.html,5,3,0,2,3,0,12
67,Know & Go: Unlocking the Benefits of Membership in Amigos Library Services | Amigos Library Services,https://amigos.org/services/continuing-education/know-go-unlocking-benefits-membership-amigos-library-services,./reports/67.html,0,48,0,0,0,0,0
670,Collection Development | Amigos Library Services,https://amigos.org/taxonomy/term/80?page=0,./reports/670.html,0,46,0,0,0,0,0
671,Job Bank | Amigos Library Services,https://amigos.org/job_bank?page=0,./reports/671.html,0,48,0,0,0,0,0
672,Job Bank | Amigos Library Services,https://amigos.org/job_bank?page=1,./reports/672.html,0,48,0,0,0,0,0
673,"Amigos Board Announces Election Results, Selects Officers for 2025-26 | Amigos Library Services",https://amigos.org/news/amigos-board-announces-election-results-selects-officers-2025-26,./reports/673.html,0,47,0,0,0,0,0
674,Last Chance to Register for the Amigos Member Conference 2025 | Amigos Library Services,https://amigos.org/news/last-chance-register-amigos-member-conference-2025,./reports/674.html,0,47,0,0,0,0,0
675,Explore Library Impact and Futures at Amigos Member Conference 2025 featuring Keynote Sessions from Julie Mosbo Ballestro and Lisa Wells | Amigos Library Services,https://amigos.org/news/explore-library-impact-and-futures-amigos-member-conference-2025-featuring-keynote-sessions,./reports/675.html,0,47,0,0,0,0,0
676,Voting Representatives: Information about May 14th Amigos Annual Member Business Meeting | Amigos Library Services,https://amigos.org/news/voting-representatives-information-about-may-14th-amigos-annual-member-business-meeting,./reports/676.html,0,47,0,0,0,0,0
677,Membership & People | Amigos Library Services,https://amigos.org/news/membership-and-people?page=3,./reports/677.html,0,46,0,0,0,0,0
678,Subscribe to AmigosNow and/or Continued ... Newsletters | Amigos Library Services,https://amigos.org/news/newsletters/signup?which_newsletter_do_you_wish_to_subscribe_to=Continued,./reports/678.html,0,49,0,0,0,0,0
679,Education & Events | Amigos Library Services,https://amigos.org/news/education-and-events?page=3,./reports/679.html,0,46,0,0,0,0,0
68,Know & Go: Three Basic Book Repair Techniques | Amigos Library Services,https://amigos.org/services/continuing-education/know-go-three-basic-book-repair-techniques,./reports/68.html,0,48,0,0,0,0,0
680,All Sessions | Amigos Library Services,https://amigos.org/services/online-conference/practical-paths-to-the-ai-enhanced-library/all-sessions,./reports/680.html,0,45,0,0,0,0,0
681,Get an Inside Look at Amigos Continuing Education Newsletter | Amigos Library Services,https://amigos.org/news/get-inside-look-amigos-continuing-education-newsletter,./reports/681.html,0,47,0,0,0,0,0
682,"Navigating the Research Data Management Conundrum, an Amigos Community Conversation | Amigos Library Services",https://amigos.org/news/navigating-research-data-management-conundrum-amigos-community-conversation,./reports/682.html,0,47,0,0,0,0,0
683,Call for panelists – The Hive: Tips and Tricks for Using Generative AI | Amigos Library Services,https://amigos.org/news/call-panelists-hive-tips-and-tricks-using-generative-ai,./reports/683.html,0,47,0,0,0,0,0
684,The Circulation Desk Still Matters | Amigos Library Services,https://amigos.org/news/circulation-desk-still-matters,./reports/684.html,0,47,0,0,0,0,0
685,Empowering Staff to Advocate and Guide the Library’s Story | Amigos Library Services,https://amigos.org/news/empowering-staff-advocate-and-guide-librarys-story,./reports/685.html,0,47,0,0,0,0,0
686,Enhance Metadata Management Skills This Summer | Amigos Library Services,https://amigos.org/news/enhance-metadata-management-skills-summer,./reports/686.html,0,47,0,0,0,0,0
687,Navigating Changes to Statewide Programs and Services | Amigos Library Services,https://amigos.org/news/navigating-changes-statewide-programs-and-services,./reports/687.html,0,47,0,0,0,0,0
688,Amigos Live Online Courses Are Now Free for Members | Amigos Library Services,https://amigos.org/news/amigos-live-online-courses-are-now-free-members,./reports/688.html,0,47,0,0,0,0,0
689,Amigos Annual Member Conference Recap | Amigos Library Services,https://amigos.org/news/amigos-annual-member-conference-recap,./reports/689.html,0,47,0,0,0,0,0
69,Information Literacy in the AI Era: Navigating Digital Information with Critical Thought | Amigos Library Services,https://amigos.org/services/continuing-education/information-literacy-ai-era-navigating-digital-information-critical,./reports/69.html,0,49,0,0,0,0,0
690,Explore Global Perspectives in Theater with Bloomsbury’s May 28 Webinar | Amigos Library Services,https://amigos.org/news/explore-global-perspectives-theater-bloomsburys-may-28-webinar,./reports/690.html,0,47,0,0,0,0,0
691,Learn How BioOne Enhances Library Offerings in Recorded Webinar | Amigos Library Services,https://amigos.org/news/learn-how-bioone-enhances-library-offerings-recorded-webinar,./reports/691.html,0,47,0,0,0,0,0
692,Save 25 – 50% With Infobase Special Offers Through June 30 | Amigos Library Services,https://amigos.org/news/save-25-50-infobase-special-offers-through-june-30,./reports/692.html,0,47,0,0,0,0,0
693,Project MUSE Reaches Milestone of 100+ Journals in S2O Initiative | Amigos Library Services,https://amigos.org/news/project-muse-reaches-milestone-100-journals-s2o-initiative,./reports/693.html,0,47,0,0,0,0,0
694,Discount on Newly Launched Oxford Intersections Available Through June | Amigos Library Services,https://amigos.org/news/discount-newly-launched-oxford-intersections-available-through-june,./reports/694.html,0,47,0,0,0,0,0
695,News | Amigos Library Services,https://amigos.org/news/archive?page=13,./reports/695.html,1,47,0,1,0,0,3
696,Learn to Identify and Lower Barriers to Website Accessibility in May 8th Course | Amigos Library Services,https://amigos.org/news/learn-identify-and-lower-barriers-website-accessibility-may-8th-course,./reports/696.html,0,47,0,0,0,0,0
697,Ignite a Passion for Nonfiction in Readers with 10 Tips from Demco | Amigos Library Services,https://amigos.org/news/ignite-passion-nonfiction-readers-10-tips-demco,./reports/697.html,0,47,0,0,0,0,0
698,"Meet the Amigos Member Conference 2025 Official Conference Sponsor, LexisNexis | Amigos Library Services",https://amigos.org/news/meet-amigos-member-conference-2025-official-conference-sponsor-lexisnexis,./reports/698.html,0,47,0,0,0,0,0
699,Registration Now Open and Call for Proposals is Closing Soon for the Amigos Member Conference 2025 | Amigos Library Services,https://amigos.org/news/registration-now-open-and-call-proposals-closing-soon-amigos-member-conference-2025,./reports/699.html,0,47,0,0,0,0,0
7,Job Bank | Amigos Library Services,https://amigos.org/services/job-bank,./reports/7.html,0,48,0,0,0,0,0
70,The Essentials: Customer Service | Amigos Library Services,https://amigos.org/services/continuing-education/essentials-customer-service,./reports/70.html,0,47,0,0,0,0,0
700,Amigos Award Recipients Reflect on ER&L 2025 | Amigos Library Services,https://amigos.org/news/amigos-award-recipients-reflect-erl-2025,./reports/700.html,0,47,0,0,0,0,0
701,Register for April Library Management Course to Conquer Challenges of Motivating & Retaining Employees | Amigos Library Services,https://amigos.org/news/register-april-library-management-course-conquer-challenges-motivating-retaining-employees,./reports/701.html,0,47,0,0,0,0,0
702,"Conference Recording Available for ""Collections Reflect Communities"" | Amigos Library Services",https://amigos.org/news/conference-recording-available-collections-reflect-communities,./reports/702.html,0,47,0,0,0,0,0
703,Collections Reflect Communities Conference | Amigos Library Services,https://amigos.org/collections-reflect-communities,./reports/703.html,0,51,0,0,0,0,0
704,Cambridge University Press Announces New Amigos Discount on Cambridge Histories Online | Amigos Library Services,https://amigos.org/news/cambridge-university-press-announces-new-amigos-discount-cambridge-histories-online,./reports/704.html,0,47,0,0,0,0,0
705,Submit Openings to the Amigos Job Bank for Increased Visibility | Amigos Library Services,https://amigos.org/news/submit-openings-amigos-job-bank-increased-visibility,./reports/705.html,0,47,0,0,0,0,0
706,Lock in Your FY2026 Membership and Optimize Your Budget | Amigos Library Services,https://amigos.org/news/lock-your-fy2026-membership-and-optimize-your-budget,./reports/706.html,0,47,0,0,0,0,0
707,Voting Representatives: Earlier this week you should have received a test message | Amigos Library Services,https://amigos.org/news/voting-representatives-earlier-week-you-should-have-received-test-message,./reports/707.html,0,47,0,0,0,0,0
708,Candidates for election to the Amigos Board of Directors | Amigos Library Services,https://amigos.org/news/candidates-election-amigos-board-directors,./reports/708.html,0,47,0,0,0,0,0
709,"Join us for the Amigos Community Conversation, ""By Any Other Name: Belonging and Engagement in Libraries"" | Amigos Library Services",https://amigos.org/news/join-us-amigos-community-conversation-any-other-name-belonging-and-engagement-libraries,./reports/709.html,0,47,0,0,0,0,0
71,Know & Go: Making Meetings More Effective | Amigos Library Services,https://amigos.org/services/continuing-education/know-go-making-meetings-more-effective,./reports/71.html,0,47,0,0,0,0,0
710,Get an Inside Look in Amigos Continuing Education Newsletter in the Lates Issue of Continued! | Amigos Library Services,https://amigos.org/news/get-inside-look-amigos-continuing-education-newsletter-lates-issue-continued,./reports/710.html,0,47,0,0,0,0,0
711,News | Amigos Library Services,https://amigos.org/news/archive?page=14,./reports/711.html,1,47,0,1,0,0,3
712,"Conference Keynotes and Schedule Announced for ""Collections Reflect Communities."" Registration Closing Soon! | Amigos Library Services",https://amigos.org/news/conference-keynotes-and-schedule-announced-collections-reflect-communities-registration,./reports/712.html,0,47,0,0,0,0,0
713,Experience All of The New York Times with Campus-Wide All Access Subscription | Amigos Library Services,https://amigos.org/news/experience-all-new-york-times-campus-wide-all-access-subscription,./reports/713.html,0,47,0,0,0,0,0
714,Learn How to Create a Collection Development Policy in New April Course | Amigos Library Services,https://amigos.org/news/learn-how-create-collection-development-policy-new-april-course,./reports/714.html,0,47,0,0,0,0,0
715,Submit Your Proposal by April 14 for the Amigos Member Conference 2025 | Amigos Library Services,https://amigos.org/news/submit-your-proposal-april-14-amigos-member-conference-2025,./reports/715.html,0,47,0,0,0,0,0
716,"Mary Schreiber and Wendy Bartlett to Keynote ""Collections Reflect Communities"" Online Conference | Amigos Library Services",https://amigos.org/news/mary-schreiber-and-wendy-bartlett-keynote-collections-reflect-communities-online-conference,./reports/716.html,0,47,0,0,0,0,0
717,"Learn About BioOne's Subscribe to Open Pilot, eBooks, and More in Free Webinar for Amigos Members | Amigos Library Services",https://amigos.org/news/learn-about-bioones-subscribe-open-pilot-ebooks-and-more-free-webinar-amigos-members,./reports/717.html,0,47,0,0,0,0,0
718,Project MUSE Simplifies Process for Subscribers with New Collaboration | Amigos Library Services,https://amigos.org/news/project-muse-simplifies-process-subscribers-new-collaboration,./reports/718.html,0,47,0,0,0,0,0
719,Infobase Launches New AI Focused Video Collection | Amigos Library Services,https://amigos.org/news/infobase-launches-new-ai-focused-video-collection,./reports/719.html,0,47,0,0,0,0,0
72,Introduction to Programming with Python and PyMARC | Amigos Library Services,https://amigos.org/services/continuing-education/introduction-programming-python-and-pymarc,./reports/72.html,0,48,0,0,0,0,0
720,Get the Hands-On Practice You Need with Cataloging & Classification Basics 5-Part Course | Amigos Library Services,https://amigos.org/news/get-hands-practice-you-need-cataloging-classification-basics-5-part-course,./reports/720.html,0,47,0,0,0,0,0
721,Learn How to Document Step by Step in this March 4 Course (Last chance to register) | Amigos Library Services,https://amigos.org/news/learn-how-document-step-step-march-4-course-last-chance-register,./reports/721.html,0,47,0,0,0,0,0
722,Save the Date! May 14th is the Amigos Member Conference 2025 | Amigos Library Services,https://amigos.org/news/save-date-may-14th-amigos-member-conference-2025,./reports/722.html,0,47,0,0,0,0,0
723,Registration Open for April Collections Reflect Communities Conference | Amigos Library Services,https://amigos.org/news/registration-open-april-collections-reflect-communities-conference,./reports/723.html,0,47,0,0,0,0,0
724,Explore Library Innovation at Computers in Libraries 2025 | Amigos Library Services,https://amigos.org/news/explore-library-innovation-computers-libraries-2025,./reports/724.html,0,47,0,0,0,0,0
725,Use End of Year Funds on Discounted Resources from Amigos | Amigos Library Services,https://amigos.org/news/use-end-year-funds-discounted-resources-amigos,./reports/725.html,0,47,0,0,0,0,0
726,Ambrose Video Announces New Content and No Price Increase for 2025 | Amigos Library Services,https://amigos.org/news/ambrose-video-announces-new-content-and-no-price-increase-2025,./reports/726.html,0,47,0,0,0,0,0
727,Schlager Group Becomes a New Vendor Partner | Amigos Library Services,https://amigos.org/news/schlager-group-becomes-new-vendor-partner,./reports/727.html,0,47,0,0,0,0,0
728,News | Amigos Library Services,https://amigos.org/news/archive?page=15,./reports/728.html,1,47,0,1,0,0,3
729,Celebrate Open Education Week with Pressbook’s Webinars March 3-6 | Amigos Library Services,https://amigos.org/news/celebrate-open-education-week-pressbooks-webinars-march-3-6,./reports/729.html,0,47,0,0,0,0,0
73,Know & Go: Shelving 101: Library of Congress | Amigos Library Services,https://amigos.org/services/continuing-education/know-go-shelving-101-library-congress,./reports/73.html,0,48,0,0,0,0,0
730,Bloomsbury Trials Available Through April. Claim Yours Today | Amigos Library Services,https://amigos.org/news/bloomsbury-trials-available-through-april-claim-yours-today,./reports/730.html,0,47,0,0,0,0,0
731,St. Louis County Library Wins Jerry Kline Community Impact Prize | Amigos Library Services,https://amigos.org/news/st-louis-county-library-wins-jerry-kline-community-impact-prize,./reports/731.html,0,47,0,0,0,0,0
732,"In-Person Book Repair Basics Training Available in Dallas, April 24 | Amigos Library Services",https://amigos.org/news/person-book-repair-basics-training-available-dallas-april-24,./reports/732.html,0,47,0,0,0,0,0
733,Explore AI’s Impact on the Research Cycle in NISO February Webinar. Free for Amigos Members! | Amigos Library Services,https://amigos.org/news/explore-ais-impact-research-cycle-niso-february-webinar-free-amigos-members,./reports/733.html,0,47,0,0,0,0,0
734,Missed The People-Powered Library Online Conference? Register for the recording! | Amigos Library Services,https://amigos.org/news/missed-people-powered-library-online-conference-register-recording,./reports/734.html,0,47,0,0,0,0,0
735,Maximize Your Budget with One-Time Purchases on Arts & Humanities Resources from Bloomsbury | Amigos Library Services,https://amigos.org/news/maximize-your-budget-one-time-purchases-arts-humanities-resources-bloomsbury,./reports/735.html,0,47,0,0,0,0,0
736,"Empower Education with Accessible, Interactive Solutions from Pressbooks | Amigos Library Services",https://amigos.org/news/empower-education-accessible-interactive-solutions-pressbooks,./reports/736.html,0,47,0,0,0,0,0
737,Exclusive Savings with Perpetual Offer for Amigos Members on Newly Launched Oxford Intersection | Amigos Library Services,https://amigos.org/news/exclusive-savings-perpetual-offer-amigos-members-newly-launched-oxford-intersection,./reports/737.html,0,47,0,0,0,0,0
738,Navigating to the Amigos Job Bank on the Redesigned Website | Amigos Library Services,https://amigos.org/news/navigating-amigos-job-bank-redesigned-website,./reports/738.html,0,47,0,0,0,0,0
739,Amigos Library Services Invites Nominations for Board of Directors | Amigos Library Services,https://amigos.org/news/amigos-library-services-invites-nominations-board-directors-1,./reports/739.html,0,47,0,0,0,0,0
74,Excellence in Library Services to Older Adults | Amigos Library Services,https://amigos.org/services/continuing-education/excellence-library-services-older-adults,./reports/74.html,0,48,0,0,0,0,0
740,Announcing the Amigos April conference - Collections Reflect Communities | Amigos Library Services,https://amigos.org/news/announcing-amigos-april-conference-collections-reflect-communities,./reports/740.html,0,47,0,0,0,0,0
741,Oxford Journals Archive Offering Three Discount Options to Amigos Members | Amigos Library Services,https://amigos.org/news/oxford-journals-archive-offering-three-discount-options-amigos-members,./reports/741.html,0,47,0,0,0,0,0
742,Recruit Top Talent with the Amigos Job Bank – A Free Benefit for Members | Amigos Library Services,https://amigos.org/news/recruit-top-talent-amigos-job-bank-free-benefit-members,./reports/742.html,0,47,0,0,0,0,0
743,Christina Pryor Joins Amigos as New Continuing Education Services Manager | Amigos Library Services,https://amigos.org/news/christina-pryor-joins-amigos-new-continuing-education-services-manager,./reports/743.html,0,47,0,0,0,0,0
744,Discover the New Amigos Library Services Website! | Amigos Library Services,https://amigos.org/news/discover-new-amigos-library-services-website,./reports/744.html,0,47,0,0,0,0,0
745,News | Amigos Library Services,https://amigos.org/news/archive?page=16,./reports/745.html,1,47,0,1,0,0,3
746,Page not found | Amigos Library Services,https://amigos.org/civicrm/event/register?id=1859&reset=1,./reports/746.html,0,46,0,0,0,0,0
747,Page not found | Amigos Library Services,https://amigos.org/civicrm/event/register?id=1861&reset=1,./reports/747.html,0,46,0,0,0,0,0
748,Access denied | Amigos Library Services,https://amigos.org/node/2037,./reports/748.html,0,46,0,0,0,0,0
749,"Missed ""Equity, Diversity, and Inclusion in Cataloging and Technical Services""? Register now for the recordings! | Amigos Library Services",https://amigos.org/news/missed-equity-diversity-and-inclusion-cataloging-and-technical-services-register-now,./reports/749.html,0,47,0,0,0,0,0
75,Know & Go: Bed Bugs in the Library | Amigos Library Services,https://amigos.org/services/continuing-education/know-go-bed-bugs-library,./reports/75.html,0,47,0,0,0,0,0
750,Welcome! Amigos Cataloging & Metadata Trainer Andrea Cox | Amigos Library Services,https://amigos.org/news/welcome-amigos-cataloging-metadata-trainer-andrea-cox,./reports/750.html,0,47,0,0,0,0,0
751,Amigos Library Services Invites Nominations for Board of Directors | Amigos Library Services,https://amigos.org/news/amigos-library-services-invites-nominations-board-directors,./reports/751.html,0,47,0,0,0,0,0
752,Coming Soon -- Amigos Community Conversations: Sustaining Open Education Programs | Amigos Library Services,https://amigos.org/news/coming-soon-amigos-community-conversations-sustaining-open-education-programs,./reports/752.html,0,47,0,0,0,0,0
753,Page not found | Amigos Library Services,https://amigos.org/civicrm/event/register?id=1878&reset=1,./reports/753.html,0,46,0,0,0,0,0
754,Library Support and Services for First-Generation College Students | Amigos Library Services,https://amigos.org/news/library-support-and-services-first-generation-college-students,./reports/754.html,0,47,0,0,0,0,0
755,Introduction to Scholarly Metrics | Amigos Library Services,https://amigos.org/news/introduction-scholarly-metrics,./reports/755.html,0,47,0,0,0,0,0
756,Know & Go: Diversity and Inclusion Activities for Library Meetings | Amigos Library Services,https://amigos.org/news/know-go-diversity-and-inclusion-activities-library-meetings,./reports/756.html,0,47,0,0,0,0,0
757,Special Pricing Available for Films on Demand - Nursing: Current Concepts and Practices Collection | Amigos Library Services,https://amigos.org/news/special-pricing-available-films-demand-nursing-current-concepts-and-practices-collection,./reports/757.html,0,47,0,0,0,0,0
758,Amigos Members Save Extra 10% or More on Bloomsbury One-time Purchases | Amigos Library Services,https://amigos.org/news/amigos-members-save-extra-10-or-more-bloomsbury-one-time-purchases,./reports/758.html,0,47,0,0,0,0,0
759,Schedule and Keynote Speaker Announced for “EDI in Cataloging and Technical Services” | Amigos Library Services,https://amigos.org/news/schedule-and-keynote-speaker-announced-edi-cataloging-and-technical-services,./reports/759.html,0,47,0,0,0,0,0
76,Know & Go: Shelving 101: Dewey | Amigos Library Services,https://amigos.org/services/continuing-education/know-go-shelving-101-dewey,./reports/76.html,0,48,0,0,0,0,0
760,Amigos Members Receive Early Bird Discount to NISO Plus 2023 | Amigos Library Services,https://amigos.org/news/amigos-members-receive-early-bird-discount-niso-plus-2023,./reports/760.html,0,47,0,0,0,0,0
761,"Incorporating Sustainability into Teaching, Programs, and Practice ~ Self-paced | Amigos Library Services",https://amigos.org/news/incorporating-sustainability-teaching-programs-and-practice-self-paced,./reports/761.html,0,47,0,0,0,0,0
762,Getting Started with Grant Writing | Amigos Library Services,https://amigos.org/news/getting-started-grant-writing,./reports/762.html,0,47,0,0,0,0,0
763,Article Galaxy Scholar Offers New Access Model | Amigos Library Services,https://amigos.org/news/article-galaxy-scholar-offers-new-access-model,./reports/763.html,0,47,0,0,0,0,0
764,Research Solutions | Amigos Library Services,https://amigos.org/node/3412,./reports/764.html,1,45,0,0,1,0,2
765,Amigos welcomes thirteen libraries to SimplyE as part of the E-Read Texas Program | Amigos Library Services,https://amigos.org/news/amigos-welcomes-thirteen-libraries-simplye-part-e-read-texas-program,./reports/765.html,0,47,0,0,0,0,0
766,Amigos member research libraries gain access to Skilltype with new agreement | Amigos Library Services,https://amigos.org/news/amigos-member-research-libraries-gain-access-skilltype-new-agreement,./reports/766.html,0,47,0,0,0,0,0
767,Amigos Announces Candidates for election to the Amigos Board of Directors | Amigos Library Services,https://amigos.org/news/amigos-announces-candidates-election-amigos-board-directors-0,./reports/767.html,0,47,0,0,0,0,0
768,Voting Representatives: Watch for a test message | Amigos Library Services,https://amigos.org/news/voting-representatives-watch-test-message,./reports/768.html,0,47,0,0,0,0,0
769,Looking for Deals on Library Supplies? Save With Amigos Discount Direct! | Amigos Library Services,https://amigos.org/news/looking-deals-library-supplies-save-amigos-discount-direct,./reports/769.html,0,47,0,0,0,0,0
77,Website Accessibility for Everyone | Amigos Library Services,https://amigos.org/services/continuing-education/website-accessibility-everyone,./reports/77.html,0,47,0,0,0,0,0
770,Join March 21 Webinar to Learn How Project Muse is Advancing Access to Latin American E-books on the Global Market | Amigos Library Services,https://amigos.org/news/join-march-21-webinar-learn-how-project-muse-advancing-access-latin-american-e-books-global,./reports/770.html,0,47,0,0,0,0,0
771,"Share Your Experience in Leading, Partnering and Connecting | Amigos Library Services",https://amigos.org/news/share-your-experience-leading-partnering-and-connecting,./reports/771.html,0,47,0,0,0,0,0
772,Wisconsin Elementary School Doubles Circulation with Demco’s Creative Shelving Solutions | Amigos Library Services,https://amigos.org/news/wisconsin-elementary-school-doubles-circulation-demcos-creative-shelving-solutions,./reports/772.html,0,47,0,0,0,0,0
773,Complete Your Collection with Member Discounted One-Time Purchase Options from BioOne | Amigos Library Services,https://amigos.org/news/complete-your-collection-member-discounted-one-time-purchase-options-bioone,./reports/773.html,0,47,0,0,0,0,0
774,"Missed ""Creative Solutions in Cataloging, Acquisitions, and Resources Management"" Today? Register for the recording! | Amigos Library Services",https://amigos.org/news/missed-creative-solutions-cataloging-acquisitions-and-resources-management-today-register,./reports/774.html,0,47,0,0,0,0,0
775,"Creative Solutions in Cataloging, Acquisitions, and Resources Management | Amigos Library Services",https://amigos.org/creative_solutions,./reports/775.html,0,46,0,0,0,0,0
776,Page not found | Amigos Library Services,https://amigos.org/civicrm/event/register?id=2018&reset=1,./reports/776.html,0,46,0,0,0,0,0
777,Save the Date! May 15 is the Amigos Member Conference 2024 | Amigos Library Services,https://amigos.org/news/save-date-may-15-amigos-member-conference-2024,./reports/777.html,0,47,0,0,0,0,0
778,Free Games and Discount on the Interactive PLAY Touch Table | Amigos Library Services,https://amigos.org/news/free-games-and-discount-interactive-play-touch-table,./reports/778.html,0,47,0,0,0,0,0
779,2024 Nexis Uni Upgrade Announcement with Webinar | Amigos Library Services,https://amigos.org/news/2024-nexis-uni-upgrade-announcement-webinar,./reports/779.html,0,47,0,0,0,0,0
78,Intermediate Cataloging: Subject Analysis | Amigos Library Services,https://amigos.org/services/continuing-education/intermediate-cataloging-subject-analysis,./reports/78.html,0,47,0,0,0,0,0
780,Save 40% on New Releases from Ambrose Video | Amigos Library Services,https://amigos.org/news/save-40-new-releases-ambrose-video,./reports/780.html,0,47,0,0,0,0,0
781,Amigos Members Win NISO Plus Scholarships | Amigos Library Services,https://amigos.org/news/amigos-members-win-niso-plus-scholarships,./reports/781.html,0,47,0,0,0,0,0
782,"Registration Closing Soon for: Creative Solutions in Cataloging, Acquisitions, and Resources Management"" | Amigos Library Services",https://amigos.org/news/registration-closing-soon-creative-solutions-cataloging-acquisitions-and-resources-management,./reports/782.html,0,47,0,0,0,0,0
783,News | Amigos Library Services,https://amigos.org/news/archive?page=17,./reports/783.html,1,47,0,1,0,0,3
784,Save up to 20% on Project MUSE’s Newly Added Spanish Language Titles Through March 15 | Amigos Library Services,https://amigos.org/news/save-20-project-muses-newly-added-spanish-language-titles-through-march-15,./reports/784.html,0,47,0,0,0,0,0
785,Spanish-language university press books now on Project MUSE! | Amigos Library Services,https://amigos.org/node/8572,./reports/785.html,0,47,0,0,0,0,0
786,Save on Computers in Libraries 2024 With Amigos Discount Code | Amigos Library Services,https://amigos.org/news/save-computers-libraries-2024-amigos-discount-code,./reports/786.html,0,47,0,0,0,0,0
787,Amigos Library Services Professional Development Award for ER&L | Amigos Library Services,https://amigos.org/news/amigos-library-services-professional-development-award-erl,./reports/787.html,0,47,0,0,0,0,0
788,"DOAJ: Criteria, Indexing and 2023 Highlights | Amigos Library Services",https://amigos.org/news/doaj-criteria-indexing-and-2023-highlights,./reports/788.html,0,47,0,0,0,0,0
789,Amigos Library Services Invites Nominations for Board of Directors | Amigos Library Services,https://amigos.org/news/amigos-library-services-invites-nominations-board-directors-0,./reports/789.html,0,47,0,0,0,0,0
79,Continuing Education Services | Amigos Library Services,https://amigos.org/services/continuing-education?page=0,./reports/79.html,1,47,1,0,0,0,4
790,NISO Releases Content Profile/Linked Document Standard | Amigos Library Services,https://amigos.org/news/niso-releases-content-profilelinked-document-standard,./reports/790.html,0,47,0,0,0,0,0
791,Introducing Skilltype Search 2.0 | Amigos Library Services,https://amigos.org/news/introducing-skilltype-search-20,./reports/791.html,0,47,0,0,0,0,0
792,Skilltype | Amigos Library Services,https://amigos.org/node/8438,./reports/792.html,0,46,0,0,0,0,0
793,"Jennifer Baxmeyer to keynote ""Creative Solutions in Cataloging, Acquisitions, and Resources Management"" | Amigos Library Services",https://amigos.org/news/jennifer-baxmeyer-keynote-creative-solutions-cataloging-acquisitions-and-resources-management,./reports/793.html,0,47,0,0,0,0,0
794,Page not found | Amigos Library Services,https://amigos.org/civicrm/event/register?id=2017&reset=1,./reports/794.html,0,46,0,0,0,0,0
795,See what NISO has in store for January-February 2024 | Amigos Library Services,https://amigos.org/news/see-what-niso-has-store-january-february-2024,./reports/795.html,0,47,0,0,0,0,0
796,Spanish-language university press books now on Project MUSE! | Amigos Library Services,https://amigos.org/news/spanish-language-university-press-books-now-project-muse,./reports/796.html,0,47,0,0,0,0,0
797,Oxford University Press joins theIPregistry.org for easier handling of IP addresses | Amigos Library Services,https://amigos.org/news/oxford-university-press-joins-theipregistryorg-easier-handling-ip-addresses,./reports/797.html,0,47,0,0,0,0,0
798,Enhance Journal Collections with Project MUSE PLUS+ | Amigos Library Services,https://amigos.org/news/enhance-journal-collections-project-muse-plus,./reports/798.html,0,47,0,0,0,0,0
799,Learn three must-know things about Open Access Content in December 12 CloudSource webinar | Amigos Library Services,https://amigos.org/news/learn-three-must-know-things-about-open-access-content-december-12-cloudsource-webinar,./reports/799.html,0,47,0,0,0,0,0
8,Member Discount Services | Amigos Library Services,https://amigos.org/services/member-discounts,./reports/8.html,0,47,0,0,0,0,0
80,Continuing Education Services | Amigos Library Services,https://amigos.org/services/continuing-education?page=1,./reports/80.html,1,47,1,0,0,0,4
800,"Registration open for ""Creative Solutions in Cataloging, Acquisitions, and Resources Management"" | Amigos Library Services",https://amigos.org/news/registration-open-creative-solutions-cataloging-acquisitions-and-resources-management,./reports/800.html,0,47,0,0,0,0,0
801,"Missed ""Reimagining Libraries: Exploring the AI & VR Revolution in Library Services""? Register for the recording today! | Amigos Library Services",https://amigos.org/news/missed-reimagining-libraries-exploring-ai-vr-revolution-library-services-register-recording,./reports/801.html,0,47,0,0,0,0,0
802,Reimagining Libraries: Exploring the AI & VR Revolution in Library Services | Amigos Library Services,https://amigos.org/reimagining,./reports/802.html,0,46,0,0,0,0,0
803,Page not found | Amigos Library Services,https://amigos.org/civicrm/event/register?id=1969&reset=1,./reports/803.html,0,46,0,0,0,0,0
804,DOAJ at 20: Trusted webinar December 7 – Registrations open | Amigos Library Services,https://amigos.org/news/doaj-20-trusted-webinar-december-7-registrations-open,./reports/804.html,0,47,0,0,0,0,0
805,NISO Plus Scholarship Application Closing November 17 | Amigos Library Services,https://amigos.org/news/niso-plus-scholarship-application-closing-november-17,./reports/805.html,0,47,0,0,0,0,0
806,"Nick Tanzi to keynote November 30th Conference ""Reimagining Libraries: Exploring the AI & VR Revolution in Library Services"" | Amigos Library Services",https://amigos.org/news/nick-tanzi-keynote-november-30th-conference-reimagining-libraries-exploring-ai-vr-revolution,./reports/806.html,0,47,0,0,0,0,0
807,Learn How to Bring Users Back to the Library with Article Galaxy Scholar in November 16 webinar | Amigos Library Services,https://amigos.org/news/learn-how-bring-users-back-library-article-galaxy-scholar-november-16-webinar,./reports/807.html,0,47,0,0,0,0,0
808,Members Benefit from Attending 2023 NWILL Conference With Amigos Scholarship | Amigos Library Services,https://amigos.org/news/members-benefit-attending-2023-nwill-conference-amigos-scholarship,./reports/808.html,0,47,0,0,0,0,0
809,Jeffry Archer Appointed to Amigos Library Services Board of Directors | Amigos Library Services,https://amigos.org/news/jeffry-archer-appointed-amigos-library-services-board-directors,./reports/809.html,0,47,0,0,0,0,0
81,"Collections Manager -- Kansas City Public Library -- Kansas City, MO | Amigos Library Services",https://amigos.org/services/job-bank/collections-manager-kansas-city-public-library-kansas-city-mo,./reports/81.html,0,46,0,0,0,0,0
810,New Purchase Options and Updates From BioOne | Amigos Library Services,https://amigos.org/news/new-purchase-options-and-updates-bioone,./reports/810.html,0,47,0,0,0,0,0
811,Amigos members receive awards | Amigos Library Services,https://amigos.org/news/amigos-members-receive-awards,./reports/811.html,0,47,0,0,0,0,0
812,DOAJ at 20 | Amigos Library Services,https://amigos.org/news/doaj-20,./reports/812.html,0,47,0,0,0,0,0
813,Earn your ERM Micro-Credential with Amigos! | Amigos Library Services,https://amigos.org/news/earn-your-erm-micro-credential-amigos,./reports/813.html,0,47,0,0,0,0,0
814,Page not found | Amigos Library Services,https://amigos.org/civicrm/event/register?id=1993&reset=1,./reports/814.html,0,46,0,0,0,0,0
815,Save on Morningstar’s comprehensive investing resource for academic and public libraries | Amigos Library Services,https://amigos.org/news/save-morningstars-comprehensive-investing-resource-academic-and-public-libraries,./reports/815.html,0,47,0,0,0,0,0
816,Sign-up by November 17 to receive one free month of the New York Times! | Amigos Library Services,https://amigos.org/news/sign-november-17-receive-one-free-month-new-york-times,./reports/816.html,0,47,0,0,0,0,0
817,NISO announces call for participation for second cohort of CCLIP working groups | Amigos Library Services,https://amigos.org/news/niso-announces-call-participation-second-cohort-cclip-working-groups,./reports/817.html,0,47,0,0,0,0,0
818,"Skilltype joins the Amigos Discount Direct program, offering members 10% in savings! | Amigos Library Services",https://amigos.org/news/skilltype-joins-amigos-discount-direct-program-offering-members-10-savings,./reports/818.html,0,47,0,0,0,0,0
819,"Register today for ""Reimagining Libraries: Exploring the AI & VR Revolution in Library Services"" | Amigos Library Services",https://amigos.org/news/register-today-reimagining-libraries-exploring-ai-vr-revolution-library-services,./reports/819.html,0,47,0,0,0,0,0
82,"Lending Technology Specialist -- Kansas City Public Library -- Kansas City, MO | Amigos Library Services",https://amigos.org/services/job-bank/lending-technology-specialist-kansas-city-public-library-kansas-city-mo,./reports/82.html,0,46,0,0,0,0,0
820,"Recordings available for ""Libraries Address Inequities"" | Amigos Library Services",https://amigos.org/news/recordings-available-libraries-address-inequities,./reports/820.html,0,47,0,0,0,0,0
821,DOAJ at 20: Global webinar 28th September 2023 - Registrations open | Amigos Library Services,https://amigos.org/news/doaj-20-global-webinar-28th-september-2023-registrations-open,./reports/821.html,0,47,0,0,0,0,0
822,"September conference registration closing soon! Register by 9/4 for ""Libraries Address Inequities"" | Amigos Library Services",https://amigos.org/news/september-conference-registration-closing-soon-register-94-libraries-address-inequities,./reports/822.html,0,47,0,0,0,0,0
823,Registration open for SpringShare's October webinar for Amigos members | Amigos Library Services,https://amigos.org/news/registration-open-springshares-october-webinar-amigos-members,./reports/823.html,0,47,0,0,0,0,0
824,CloudSource OA deep dive demo webinar recordings available | Amigos Library Services,https://amigos.org/news/cloudsource-oa-deep-dive-demo-webinar-recordings-available,./reports/824.html,0,47,0,0,0,0,0
825,Amigos Community Conversations: Libraries and the Letter of the Law | Amigos Library Services,https://amigos.org/news/amigos-community-conversations-libraries-and-letter-law,./reports/825.html,0,47,0,0,0,0,0
826,Infobase Credo Reference Refresh Coming August 21 | Amigos Library Services,https://amigos.org/news/infobase-credo-reference-refresh-coming-august-21,./reports/826.html,0,47,0,0,0,0,0
827,Welcome New Amigos Employees: Alex and Jacob | Amigos Library Services,https://amigos.org/news/welcome-new-amigos-employees-alex-and-jacob,./reports/827.html,0,47,0,0,0,0,0
828,"September Conference Schedule Announced – Register Now for ""Libraries Address Inequities"" | Amigos Library Services",https://amigos.org/news/september-conference-schedule-announced-register-now-libraries-address-inequities,./reports/828.html,0,47,0,0,0,0,0
829,November Conference Call for Proposals Open | Amigos Library Services,https://amigos.org/news/november-conference-call-proposals-open,./reports/829.html,0,47,0,0,0,0,0
83,"Grant Accountant -- Kansas City Public Library -- Kansas City, MO | Amigos Library Services",https://amigos.org/services/job-bank/grant-accountant-kansas-city-public-library-kansas-city-mo,./reports/83.html,0,46,0,0,0,0,0
830,Apply by July 24 for an Amigos sponsored scholarship to 2023 NWILL Conference! | Amigos Library Services,https://amigos.org/news/apply-july-24-amigos-sponsored-scholarship-2023-nwill-conference,./reports/830.html,0,47,0,0,0,0,0
831,DOAJ at 20 Webinar Recording and Virtual Grab Bag Available | Amigos Library Services,https://amigos.org/news/doaj-20-webinar-recording-and-virtual-grab-bag-available,./reports/831.html,0,47,0,0,0,0,0
832,DOAJ at 20 -- Journal Stories | Amigos Library Services,https://amigos.org/node/8301,./reports/832.html,0,47,0,0,0,0,0
833,"Register for the September 7 conference, ""Libraries Address Inequities"" | Amigos Library Services",https://amigos.org/news/register-september-7-conference-libraries-address-inequities,./reports/833.html,0,47,0,0,0,0,0
834,Morningstar platform enhancements coming this fall. Register for free training sessions today! | Amigos Library Services,https://amigos.org/news/morningstar-platform-enhancements-coming-fall-register-free-training-sessions-today,./reports/834.html,0,47,0,0,0,0,0
835,Easy Opt-in for Access to NISO Webinars | Amigos Library Services,https://amigos.org/news/easy-opt-access-niso-webinars,./reports/835.html,0,47,0,0,0,0,0
836,NISO Announces Publication of the Peer Review Terminology Standard | Amigos Library Services,https://amigos.org/news/niso-announces-publication-peer-review-terminology-standard-0,./reports/836.html,0,47,0,0,0,0,0
837,ALA Annual 2023 Conference Takeaways from Amigos Staff | Amigos Library Services,https://amigos.org/news/ala-annual-2023-conference-takeaways-amigos-staff,./reports/837.html,0,47,0,0,0,0,0
838,BioOne Announces New ESA eBook Collection and Special Offer | Amigos Library Services,https://amigos.org/news/bioone-announces-new-esa-ebook-collection-and-special-offer,./reports/838.html,0,47,0,0,0,0,0
839,NISO Announces Publication of the Peer Review Terminology Standard | Amigos Library Services,https://amigos.org/news/niso-announces-publication-peer-review-terminology-standard,./reports/839.html,0,47,0,0,0,0,0
84,"Circulation Manager -- University of Missouri - St. Louis -- St. Louis, MO | Amigos Library Services",https://amigos.org/services/job-bank/circulation-manager-university-missouri-st-louis-st-louis-mo,./reports/84.html,1,46,0,0,1,0,2
840,NISO Seeks Members for the Working Group to Develop Standard Metadata for Remediation of Content for Accessibility | Amigos Library Services,https://amigos.org/news/niso-seeks-members-working-group-develop-standard-metadata-remediation-content-accessibility,./reports/840.html,0,47,0,0,0,0,0
841,DOAJ at 20 -- Journal Stories | Amigos Library Services,https://amigos.org/news/doaj-20-journal-stories,./reports/841.html,0,47,0,0,0,0,0
842,Amigos Member Conference 2023 Keynote Speaker Announced as NISO’s New Board President | Amigos Library Services,https://amigos.org/news/amigos-member-conference-2023-keynote-speaker-announced-nisos-new-board-president,./reports/842.html,0,47,0,0,0,0,0
843,"CFP and registration open for ""Libraries Address Inequities"" | Amigos Library Services",https://amigos.org/news/cfp-and-registration-open-libraries-address-inequities-0,./reports/843.html,0,47,0,0,0,0,0
844,Discount + Free Games for Amigos Member Libraries | Amigos Library Services,https://amigos.org/news/discount-free-games-amigos-member-libraries,./reports/844.html,0,47,0,0,0,0,0
845,Engage with NISO | Amigos Library Services,https://amigos.org/news/engage-niso,./reports/845.html,0,47,0,0,0,0,0
846,Amigos NISO Consortium Agreement - Announced Agreement Extends LSA Benefits to All Amigos Members | Amigos Library Services,https://amigos.org/node/8153,./reports/846.html,0,46,0,0,0,0,0
847,"CFP and registration open for ""Libraries Address Inequities"" | Amigos Library Services",https://amigos.org/news/cfp-and-registration-open-libraries-address-inequities,./reports/847.html,0,47,0,0,0,0,0
848,"Amigos Board Announces Election Results, Selects Officers for 2023 – 2024 | Amigos Library Services",https://amigos.org/news/amigos-board-announces-election-results-selects-officers-2023-2024,./reports/848.html,0,47,0,0,0,0,0
849,Missed the Amigos Member Conference 2023: Libraries Plan to Succeed? Register now for the recordings! | Amigos Library Services,https://amigos.org/news/missed-amigos-member-conference-2023-libraries-plan-succeed-register-now-recordings,./reports/849.html,0,47,0,0,0,0,0
85,"Assistant Professor, Library (E-Resource & Serials) -- Missouri State University -- Springfield, MO | Amigos Library Services",https://amigos.org/services/job-bank/assistant-professor-library-e-resource-serials-missouri-state-university,./reports/85.html,1,46,0,0,1,0,2
850,Page not found | Amigos Library Services,https://amigos.org/civicrm/event/info?reset=1&id=1916,./reports/850.html,0,46,0,0,0,0,0
851,Identify Skill Gaps and Develop Talent in 2023 - Save on Skilltype through June with Amigos discount! | Amigos Library Services,https://amigos.org/node/8245,./reports/851.html,0,47,0,0,0,0,0
852,"Call for proposals now open for ""Libraries Address Inequities"" | Amigos Library Services",https://amigos.org/news/call-proposals-now-open-libraries-address-inequities,./reports/852.html,0,47,0,0,0,0,0
853,Identify Skill Gaps and Develop Talent in 2023 - Save on Skilltype through June with Amigos discount! | Amigos Library Services,https://amigos.org/news/identify-skill-gaps-and-develop-talent-2023-save-skilltype-through-june-amigos-discount,./reports/853.html,0,47,0,0,0,0,0
854,Registration open for Amigos Community Conversations: The Impact of ChatGPT on Library Services | Amigos Library Services,https://amigos.org/news/registration-open-amigos-community-conversations-impact-chatgpt-library-services,./reports/854.html,0,47,0,0,0,0,0
855,Amigos Member Conference 2023 registration closing May 5. Secure your seat and complementary cup of coffee today! | Amigos Library Services,https://amigos.org/news/amigos-member-conference-2023-registration-closing-may-5-secure-your-seat-and-complementary,./reports/855.html,0,47,0,0,0,0,0
856,Learn how to bring users back to the library in May 8th Article Galaxy Scholar webinar | Amigos Library Services,https://amigos.org/news/learn-how-bring-users-back-library-may-8th-article-galaxy-scholar-webinar,./reports/856.html,0,47,0,0,0,0,0
857,"Voting Representatives, Have You Voted in the Amigos Elections? | Amigos Library Services",https://amigos.org/news/voting-representatives-have-you-voted-amigos-elections,./reports/857.html,0,47,0,0,0,0,0
858,Amigos Library Services and the University Libraries at Washington University in St. Louis Host Privacy and Learning Analytics Workshop | Amigos Library Services,https://amigos.org/news/amigos-library-services-and-university-libraries-washington-university-st-louis-host-privacy,./reports/858.html,0,47,0,0,0,0,0
859,Karim Boughida to Keynote Amigos Member Conference 2023: Libraries Plan to Succeed | Amigos Library Services,https://amigos.org/news/karim-boughida-keynote-amigos-member-conference-2023-libraries-plan-succeed,./reports/859.html,0,47,0,0,0,0,0
86,"Head Librarian - Emerging Technology and Systems -- The University of Texas at Dallas -- Dallas, TX | Amigos Library Services",https://amigos.org/services/job-bank/head-librarian-emerging-technology-and-systems-university-texas-dallas-dallas-tx,./reports/86.html,1,46,0,0,1,0,2
860,Want a Free Month of the New York Times? Sign-up Today! | Amigos Library Services,https://amigos.org/news/want-free-month-new-york-times-sign-today,./reports/860.html,0,47,0,0,0,0,0
861,Help Students Across Disciplines Make an Impact with Good Data PolicyMap | Amigos Library Services,https://amigos.org/news/help-students-across-disciplines-make-impact-good-data-policymap,./reports/861.html,0,47,0,0,0,0,0
862,BioOne Expands Their Collection With New and Updated Titles for 2023 | Amigos Library Services,https://amigos.org/news/bioone-expands-their-collection-new-and-updated-titles-2023,./reports/862.html,0,47,0,0,0,0,0
863,Reduce Spending and Increase Learning With Niche Academy | Amigos Library Services,https://amigos.org/news/reduce-spending-and-increase-learning-niche-academy,./reports/863.html,0,47,0,0,0,0,0
864,Niche Academy | Amigos Library Services,https://amigos.org/node/7779,./reports/864.html,0,45,0,0,0,0,0
865,Reflections from ER&L Conference Amigos Scholarship Recipients | Amigos Library Services,https://amigos.org/news/reflections-erl-conference-amigos-scholarship-recipients,./reports/865.html,0,47,0,0,0,0,0
866,Registration open for Amigos Member Conference 2023: Libraries Plan to Succeed! | Amigos Library Services,https://amigos.org/news/registration-open-amigos-member-conference-2023-libraries-plan-succeed,./reports/866.html,0,47,0,0,0,0,0
867,Voting Representatives: Did you receive a message? | Amigos Library Services,https://amigos.org/news/voting-representatives-did-you-receive-message,./reports/867.html,0,47,0,0,0,0,0
868,Amigos Announces Candidates for election to the Amigos Board of Directors | Amigos Library Services,https://amigos.org/news/amigos-announces-candidates-election-amigos-board-directors,./reports/868.html,0,47,0,0,0,0,0
869,Figure out what goes where in Dewey Decimal Classification: The Basics | Amigos Library Services,https://amigos.org/news/figure-out-what-goes-where-dewey-decimal-classification-basics,./reports/869.html,0,47,0,0,0,0,0
87,"Library Associate -- Pioneer Library System -- Purcell, OK | Amigos Library Services",https://amigos.org/services/job-bank/library-associate-pioneer-library-system-purcell-ok-0,./reports/87.html,0,46,0,0,0,0,0
870,Create better Online Tutorials in this brand new course | Amigos Library Services,https://amigos.org/news/create-better-online-tutorials-brand-new-course,./reports/870.html,0,47,0,0,0,0,0
871,Lean to use Debriefs and Retrospectives to their fullest power | Amigos Library Services,https://amigos.org/news/lean-use-debriefs-and-retrospectives-their-fullest-power,./reports/871.html,0,47,0,0,0,0,0
872,Order ALA RDA Toolkit Subscriptions for Spring | Amigos Library Services,https://amigos.org/news/order-ala-rda-toolkit-subscriptions-spring,./reports/872.html,0,47,0,0,0,0,0
873,Toward Trans-Inclusive Librarianship | Amigos Library Services,https://amigos.org/news/toward-trans-inclusive-librarianship,./reports/873.html,0,47,0,0,0,0,0
874,Introduction to Health Literacy for Libraries | Amigos Library Services,https://amigos.org/news/introduction-health-literacy-libraries,./reports/874.html,0,47,0,0,0,0,0
875,Basic Cataloging | Amigos Library Services,https://amigos.org/news/basic-cataloging,./reports/875.html,0,47,0,0,0,0,0
876,"Need help ""Bringing Users Back to the Library""? | Amigos Library Services",https://amigos.org/news/need-help-bringing-users-back-library,./reports/876.html,0,47,0,0,0,0,0
877,Present at the Amigos Member Conference! | Amigos Library Services,https://amigos.org/news/present-amigos-member-conference,./reports/877.html,0,47,0,0,0,0,0
878,Page not found | Amigos Library Services,https://amigos.org/node/8082,./reports/878.html,0,46,0,0,0,0,0
879,Privacy and Learning Analytics: A Data Ethics Workshop for Library Professionals | Amigos Library Services,https://amigos.org/news/privacy-and-learning-analytics-data-ethics-workshop-library-professionals,./reports/879.html,0,47,0,0,0,0,0
88,"Adjunct Instructor -- Oral Roberts University -- Tulsa, OK | Amigos Library Services",https://amigos.org/services/job-bank/adjunct-instructor-oral-roberts-university-tulsa-ok,./reports/88.html,0,46,0,0,0,0,0
880,New Discount Offer for Amigos Members on Ambrose Video Publishing | Amigos Library Services,https://amigos.org/news/new-discount-offer-amigos-members-ambrose-video-publishing,./reports/880.html,0,47,0,0,0,0,0
881,After-Mouse’s Play Touch Table Continues to Gain Popularity | Amigos Library Services,https://amigos.org/news/after-mouses-play-touch-table-continues-gain-popularity,./reports/881.html,0,47,0,0,0,0,0
882,Know & Go: Conducting Effective Meetings | Amigos Library Services,https://amigos.org/news/know-go-conducting-effective-meetings,./reports/882.html,0,47,0,0,0,0,0
883,Introduction to Archival Practice | Amigos Library Services,https://amigos.org/news/introduction-archival-practice,./reports/883.html,0,47,0,0,0,0,0
884,Authority Control: Creating and Maintaining Consistency | Amigos Library Services,https://amigos.org/news/authority-control-creating-and-maintaining-consistency,./reports/884.html,0,47,0,0,0,0,0
885,Products & Partnerships | Amigos Library Services,https://amigos.org/news/products-and-partnerships?page=4,./reports/885.html,0,46,0,0,0,0,0
886,Our Present. Our Futures. The Amigos Member Conference 2025 | Amigos Library Services,https://amigos.org/membership/annual-conference/2025/sessions,./reports/886.html,0,45,0,0,0,0,0
887,Membership & People | Amigos Library Services,https://amigos.org/news/membership-and-people?page=4,./reports/887.html,0,46,0,0,0,0,0
888,Education & Events | Amigos Library Services,https://amigos.org/news/education-and-events?page=4,./reports/888.html,0,46,0,0,0,0,0
889,"Looking for More CES News? View the Newest Issue of the Amigos Continuing Education Newsletter, Continued! | Amigos Library Services",https://amigos.org/news/looking-more-ces-news-view-newest-issue-amigos-continuing-education-newsletter-continued,./reports/889.html,0,47,0,0,0,0,0
89,"Academic Librarian -- Oral Roberts University -- Tulsa, OK | Amigos Library Services",https://amigos.org/services/job-bank/academic-librarian-oral-roberts-university-tulsa-ok,./reports/89.html,0,46,0,0,0,0,0
890,Electronic Resource Management: Micro-Credentialing & Capstone Project Registration Now Open | Amigos Library Services,https://amigos.org/news/electronic-resource-management-micro-credentialing-capstone-project-registration-now-open,./reports/890.html,0,47,0,0,0,0,0
891,Lessa Pelayo-Lozada to Keynote The People-Powered Library Online Conference | Amigos Library Services,https://amigos.org/news/lessa-pelayo-lozada-keynote-people-powered-library-online-conference,./reports/891.html,0,47,0,0,0,0,0
892,The People-Powered Library Conference | Amigos Library Services,https://amigos.org/people-powered,./reports/892.html,0,46,0,0,0,0,0
893,Discover Top Library Picks from Demco’s Customer Council | Amigos Library Services,https://amigos.org/news/discover-top-library-picks-demcos-customer-council,./reports/893.html,0,47,0,0,0,0,0
894,Exclusive Bloomsbury Webinar and Discount for Amigos Members | Amigos Library Services,https://amigos.org/news/exclusive-bloomsbury-webinar-and-discount-amigos-members,./reports/894.html,0,47,0,0,0,0,0
895,Take Control of Your Projects in the New Year with Our New Project Management Course | Amigos Library Services,https://amigos.org/news/take-control-your-projects-new-year-our-new-project-management-course,./reports/895.html,0,47,0,0,0,0,0
896,"Registration Open for the Next Amigos Online Conference, ""The People-Powered Library"" | Amigos Library Services",https://amigos.org/news/registration-open-next-amigos-online-conference-people-powered-library,./reports/896.html,0,47,0,0,0,0,0
897,"Expand Minds, Fuel Curiosity, Stay Informed with The New York Times | Amigos Library Services",https://amigos.org/news/expand-minds-fuel-curiosity-stay-informed-new-york-times,./reports/897.html,0,47,0,0,0,0,0
898,Support Open Access With DOAJ’s Support Model for Libraries | Amigos Library Services,https://amigos.org/news/support-open-access-doajs-support-model-libraries,./reports/898.html,0,47,0,0,0,0,0
899,PolicyMap’s New Partnership Drives Awareness of the Critical State of Maternal Care in the U.S. | Amigos Library Services,https://amigos.org/news/policymaps-new-partnership-drives-awareness-critical-state-maternal-care-us,./reports/899.html,0,47,0,0,0,0,0
9,Amigos Online Conferences | Amigos Library Services,https://amigos.org/services/online-conference,./reports/9.html,0,47,0,0,0,0,0
90,"Library Division Manager – Customer Access -- Austin Public Library -- Austin, TX | Amigos Library Services",https://amigos.org/services/job-bank/library-division-manager-customer-access-austin-public-library-austin-tx,./reports/90.html,0,46,0,0,0,0,0
900,Amigos Member Library Directors: Check Your Annual Member Report Card! | Amigos Library Services,https://amigos.org/news/amigos-member-library-directors-check-your-annual-member-report-card,./reports/900.html,0,47,0,0,0,0,0
901,Amigos Members: Don’t Miss the November 24 Deadline to Apply for the 2025 NISO Plus Scholarship! | Amigos Library Services,https://amigos.org/news/amigos-members-dont-miss-november-24-deadline-apply-2025-niso-plus-scholarship,./reports/901.html,0,47,0,0,0,0,0
902,Learn to Jumpstart Your OER Publishing Program with Pressbooks | Amigos Library Services,https://amigos.org/news/learn-jumpstart-your-oer-publishing-program-pressbooks,./reports/902.html,0,47,0,0,0,0,0
903,Page not found | Amigos Library Services,https://amigos.org/node/8774,./reports/903.html,0,46,0,0,0,0,0
904,Amigos Member Discount Services Continues Work in ConsortiaManager | Amigos Library Services,https://amigos.org/news/amigos-member-discount-services-continues-work-consortiamanager,./reports/904.html,0,47,0,0,0,0,0
905,Page not found | Amigos Library Services,https://amigos.org/node/7851,./reports/905.html,0,46,0,0,0,0,0
906,Collections Reflect Communities | Amigos Library Services,https://amigos.org/node/12485,./reports/906.html,0,45,0,0,0,0,0
907,Page not found | Amigos Library Services,https://amigos.org/node/12485%20,./reports/907.html,0,46,0,0,0,0,0
908,Congratulations to Metadata Management Tools Micro-Credential Recipients | Amigos Library Services,https://amigos.org/news/congratulations-metadata-management-tools-micro-credential-recipients,./reports/908.html,0,47,0,0,0,0,0
909,Amigos Library Services Supports ILL Professionals with Scholarships to Attend Northwest ILL Conference | Amigos Library Services,https://amigos.org/news/amigos-library-services-supports-ill-professionals-scholarships-attend-northwest-ill,./reports/909.html,0,47,0,0,0,0,0
91,"Instructor, Campus Librarian - Heritage -- Del Mar College -- Corpus Christi, TX | Amigos Library Services",https://amigos.org/services/job-bank/instructor-campus-librarian-heritage-del-mar-college-corpus-christi-tx-0,./reports/91.html,1,46,0,0,1,0,2
910,Registration Open for Amigos Community Conversation: Developing Community Support through Creative Partnerships | Amigos Library Services,https://amigos.org/news/registration-open-amigos-community-conversation-developing-community-support-through-creative,./reports/910.html,0,47,0,0,0,0,0
911,Page not found | Amigos Library Services,https://amigos.org/civicrm/event/info?reset=1&id=2100,./reports/911.html,0,46,0,0,0,0,0
912,Page not found | Amigos Library Services,https://amigos.org/node/8988,./reports/912.html,0,46,0,0,0,0,0
913,Bloomsbury Digital Resources Launches New Jessica Kingsley Publishers Library Platform | Amigos Library Services,https://amigos.org/news/bloomsbury-digital-resources-launches-new-jessica-kingsley-publishers-library-platform,./reports/913.html,0,47,0,0,0,0,0
914,Get the Best Collections for Your Budget and Help Students Advance with BioOne Complete | Amigos Library Services,https://amigos.org/news/get-best-collections-your-budget-and-help-students-advance-bioone-complete,./reports/914.html,0,47,0,0,0,0,0
915,Learn to Maximize Library Resources with COUNTER: A Strategic Approach to Usage Data. Free November Webinar for Amigos Members! | Amigos Library Services,https://amigos.org/news/learn-maximize-library-resources-counter-strategic-approach-usage-data-free-november-webinar,./reports/915.html,0,47,0,0,0,0,0
916,"Demco Answers the Queston, “What Can Libraries Learn From Each Other?” | Amigos Library Services",https://amigos.org/news/demco-answers-queston-what-can-libraries-learn-each-other,./reports/916.html,0,47,0,0,0,0,0
917,Free Edcetera ICA Webinar on Home Inspection Certification November 13th | Amigos Library Services,https://amigos.org/news/free-edcetera-ica-webinar-home-inspection-certification-november-13th,./reports/917.html,0,47,0,0,0,0,0
918,Apply for the Amigos ER&L Award | Amigos Library Services,https://amigos.org/news/apply-amigos-erl-award,./reports/918.html,0,47,0,0,0,0,0
919,New Collections and Special Member Discount with Bloomsbury | Amigos Library Services,https://amigos.org/news/new-collections-and-special-member-discount-bloomsbury,./reports/919.html,0,47,0,0,0,0,0
92,"Library Marketing & Engagement Coordinator -- Texas Christian University -- Fort Worth, TX | Amigos Library Services",https://amigos.org/services/job-bank/library-marketing-engagement-coordinator-texas-christian-university-fort-worth-tx,./reports/92.html,0,46,0,0,0,0,0
920,Schedule Announced for “Examining the Library User Experience”. Free Registration for Members! | Amigos Library Services,https://amigos.org/news/schedule-announced-examining-library-user-experience-free-registration-members,./reports/920.html,0,47,0,0,0,0,0
921,Page not found | Amigos Library Services,https://amigos.org/civicrm/event/info?reset=1&id=2070,./reports/921.html,0,46,0,0,0,0,0
922,Examining the Library User Experience | Amigos Library Services,https://amigos.org/examining,./reports/922.html,0,46,0,0,0,0,0
923,Page not found | Amigos Library Services,https://amigos.org/node/8932,./reports/923.html,0,46,0,0,0,0,0
924,Registration Open for Free Nexis Uni Training | Amigos Library Services,https://amigos.org/news/registration-open-free-nexis-uni-training,./reports/924.html,0,47,0,0,0,0,0
925,Learn About Subscribe to Open in a Webinar with Project MUSE | Amigos Library Services,https://amigos.org/news/learn-about-subscribe-open-webinar-project-muse,./reports/925.html,0,47,0,0,0,0,0
926,Just The Essentials: A New Free Learning Series for Amigos Member Libraries | Amigos Library Services,https://amigos.org/news/just-essentials-new-free-learning-series-amigos-member-libraries,./reports/926.html,0,47,0,0,0,0,0
927,Inspire Adventure in the Library for All Ages with Demco | Amigos Library Services,https://amigos.org/news/inspire-adventure-library-all-ages-demco,./reports/927.html,0,47,0,0,0,0,0
928,Learn About Subscribe to Open in Free September 18 Webinar with Project MUSE | Amigos Library Services,https://amigos.org/news/learn-about-subscribe-open-free-september-18-webinar-project-muse,./reports/928.html,0,47,0,0,0,0,0
929,Amy Martin to Present Opening Keynote at “Examining the Library User Experience”. Reserve Your Seat Today! | Amigos Library Services,https://amigos.org/news/amy-martin-present-opening-keynote-examining-library-user-experience-reserve-your-seat-today,./reports/929.html,0,47,0,0,0,0,0
93,"Human Resources Assistant -- Illinois Heartland Library System -- Edwardsville, IL | Amigos Library Services",https://amigos.org/services/job-bank/human-resources-assistant-illinois-heartland-library-system-edwardsville-il,./reports/93.html,0,46,0,0,0,0,0
930,Time to Get Creative! Learn Creative Survey Design Essentials with Dr. Bright in this New September Course | Amigos Library Services,https://amigos.org/news/time-get-creative-learn-creative-survey-design-essentials-dr-bright-new-september-course,./reports/930.html,0,47,0,0,0,0,0
931,Save Big on Library Supplies and Resources with Amigos Discount Direct! | Amigos Library Services,https://amigos.org/news/save-big-library-supplies-and-resources-amigos-discount-direct,./reports/931.html,0,47,0,0,0,0,0
932,Project MUSE Announces New Subscribe to Open Program and More Updates Coming in 2025 | Amigos Library Services,https://amigos.org/news/project-muse-announces-new-subscribe-open-program-and-more-updates-coming-2025,./reports/932.html,0,47,0,0,0,0,0
933,Join NISO August 21 for “Managing & Sustaining Collaborative Collections.” Free for Amigos Members! | Amigos Library Services,https://amigos.org/news/join-niso-august-21-managing-sustaining-collaborative-collections-free-amigos-members,./reports/933.html,0,47,0,0,0,0,0
934,NISO Plus 2024 Global/Online is September 17-18 | Amigos Library Services,https://amigos.org/news/niso-plus-2024-globalonline-september-17-18,./reports/934.html,0,47,0,0,0,0,0
935,Where’s Your Library in the Open Education Journey? | Amigos Library Services,https://amigos.org/news/wheres-your-library-open-education-journey,./reports/935.html,0,47,0,0,0,0,0
936,Join NISO for August Collaborative Collections Webinars! | Amigos Library Services,https://amigos.org/news/join-niso-august-collaborative-collections-webinars,./reports/936.html,0,47,0,0,0,0,0
937,Learn core “Grant Writing Essentials” in August 22 course | Amigos Library Services,https://amigos.org/news/learn-core-grant-writing-essentials-august-22-course,./reports/937.html,0,47,0,0,0,0,0
938,"It's time to get hands on with ""Creating a Library Marketing Plan"" in September workshop | Amigos Library Services",https://amigos.org/news/its-time-get-hands-creating-library-marketing-plan-september-workshop,./reports/938.html,0,47,0,0,0,0,0
939,PrivCo Announces New Data and Features in the 2024 Pipeline | Amigos Library Services,https://amigos.org/news/privco-announces-new-data-and-features-2024-pipeline,./reports/939.html,0,47,0,0,0,0,0
94,"Associate Director for Library Services -- University of Texas at Austin -- Austin, TX | Amigos Library Services",https://amigos.org/services/job-bank/associate-director-library-services-university-texas-austin-austin-tx,./reports/94.html,0,46,0,0,0,0,0
940,Eileen Condon and Cynthia Shetter Appointed to Amigos Library Services Board of Directors | Amigos Library Services,https://amigos.org/news/eileen-condon-and-cynthia-shetter-appointed-amigos-library-services-board-directors,./reports/940.html,0,47,0,0,0,0,0
941,Governance | Amigos Library Services,https://amigos.org/governance,./reports/941.html,0,47,0,0,0,0,0
942,Upcoming NISO Webinars | Amigos Library Services,https://amigos.org/news/upcoming-niso-webinars,./reports/942.html,0,47,0,0,0,0,0
943,ALA Annual 2024 Conference Takeaways from Amigos Staff | Amigos Library Services,https://amigos.org/news/ala-annual-2024-conference-takeaways-amigos-staff,./reports/943.html,0,47,0,0,0,0,0
944,Access denied | Amigos Library Services,https://amigos.org/services/continuing-education/book-repair-basics-morning-course,./reports/944.html,0,46,0,0,0,0,0
945,Access denied | Amigos Library Services,https://amigos.org/services/continuing-education/book-repair-basics-afternoon-course,./reports/945.html,0,46,0,0,0,0,0
946,The People-Powered Library Conference | Amigos Library Services,https://amigos.org/services/online-conference/the-people-powered-library,./reports/946.html,0,46,0,0,0,0,0
947,The People-Powered Library - Conference Session Details | Amigos Library Services,https://amigos.org/services/online-conference/the-people-powered-library/session-details,./reports/947.html,0,49,0,0,0,0,0
948,Free for Members | Amigos Library Services,https://amigos.org/free_ce,./reports/948.html,0,50,0,0,0,0,0
949,"Submit Your ""Examining the Library User Experience"" Proposal by August 21st | Amigos Library Services",https://amigos.org/news/submit-your-examining-library-user-experience-proposal-august-21st,./reports/949.html,0,47,0,0,0,0,0
95,"Government Records Officer -- Oklahoma Department of Libraries -- Oklahoma City, OK | Amigos Library Services",https://amigos.org/services/job-bank/government-records-officer-oklahoma-department-libraries-oklahoma-city-ok-1,./reports/95.html,0,46,0,0,0,0,0
950,"Call for Proposals open for October Conference ""Examining the Library User Experience"" | Amigos Library Services",https://amigos.org/news/call-proposals-open-october-conference-examining-library-user-experience,./reports/950.html,0,47,0,0,0,0,0
951,Second Opportunity for Public Comment on Proposed Revisions to IPEDS Information Collection | Amigos Library Services,https://amigos.org/news/second-opportunity-public-comment-proposed-revisions-ipeds-information-collection,./reports/951.html,0,47,0,0,0,0,0
952,2024 Nexis Uni Upgrade Updates | Amigos Library Services,https://amigos.org/news/2024-nexis-uni-upgrade-updates,./reports/952.html,0,47,0,0,0,0,0
953,NISO’s Draft Revision of the Journal Article Version (JAV) Recommended Practice Now Open for Public Comment | Amigos Library Services,https://amigos.org/news/nisos-draft-revision-journal-article-version-jav-recommended-practice-now-open-public-comment,./reports/953.html,0,47,0,0,0,0,0
954,Amigos Association Management Services Launches New Learn & Share Series | Amigos Library Services,https://amigos.org/news/amigos-association-management-services-launches-new-learn-share-series,./reports/954.html,0,47,0,0,0,0,0
955,Association Management Services | Amigos Library Services,https://amigos.org/association_management,./reports/955.html,0,47,0,0,0,0,0
956,Call for proposals now open for NISO Plus 2024 Global/Online | Amigos Library Services,https://amigos.org/news/call-proposals-now-open-niso-plus-2024-globalonline,./reports/956.html,0,47,0,0,0,0,0
957,Apply by June 13 for an Amigos Sponsored Scholarship to the 2024 NWILL Conference! | Amigos Library Services,https://amigos.org/news/apply-june-13-amigos-sponsored-scholarship-2024-nwill-conference,./reports/957.html,0,47,0,0,0,0,0
958,Apply by June 6 for an Amigos Sponsored Scholarship to the 2024 NWILL Conference! | Amigos Library Services,https://amigos.org/news/apply-june-6-amigos-sponsored-scholarship-2024-nwill-conference,./reports/958.html,0,47,0,0,0,0,0
959,"Amigos Board Announces Election Results, Selects Officers for 2024 – 2025 | Amigos Library Services",https://amigos.org/news/amigos-board-announces-election-results-selects-officers-2024-2025,./reports/959.html,0,47,0,0,0,0,0
96,"Scholarly Communication Librarian -- University of Arkansas at Little Rock -- Little Rock, AR | Amigos Library Services",https://amigos.org/services/job-bank/scholarly-communication-librarian-university-arkansas-little-rock-little-rock-ar,./reports/96.html,1,46,0,0,1,0,2
960,Missed “Leading. Partnering. Connecting. The Amigos Member Conference 2024”? Register for the recording! | Amigos Library Services,https://amigos.org/news/missed-leading-partnering-connecting-amigos-member-conference-2024-register-recording,./reports/960.html,0,47,0,0,0,0,0
961,Page not found | Amigos Library Services,https://amigos.org/civicrm/event/info?reset=1&id=2036,./reports/961.html,0,46,0,0,0,0,0
962,Pressbooks is Now an Amigos Discount Direct Vendor Partner! | Amigos Library Services,https://amigos.org/news/pressbooks-now-amigos-discount-direct-vendor-partner,./reports/962.html,0,47,0,0,0,0,0
963,In-Depth Cataloging & Classification Basics Course Begins June 4. Enroll Today! | Amigos Library Services,https://amigos.org/news/depth-cataloging-classification-basics-course-begins-june-4-enroll-today,./reports/963.html,0,47,0,0,0,0,0
964,Earn Your Micro-Credential with Amigos This Summer! | Amigos Library Services,https://amigos.org/news/earn-your-micro-credential-amigos-summer,./reports/964.html,0,47,0,0,0,0,0
965,Registration Closing May 10 for The Amigos Member Conference 2024 | Amigos Library Services,https://amigos.org/news/registration-closing-may-10-amigos-member-conference-2024,./reports/965.html,0,47,0,0,0,0,0
966,Amigos Scholarship Recipients Share Reflections from ER&L Conference 2024 | Amigos Library Services,https://amigos.org/news/amigos-scholarship-recipients-share-reflections-erl-conference-2024,./reports/966.html,0,47,0,0,0,0,0
967,Amigos Library Services Strategic Plan to 2025 | Amigos Library Services,https://amigos.org/strategic_plan,./reports/967.html,0,47,0,0,0,0,0
968,Page not found | Amigos Library Services,https://amigos.org/civicrm/event/info?reset=1&id=1849,./reports/968.html,0,46,0,0,0,0,0
969,Page not found | Amigos Library Services,https://amigos.org/civicrm/event/register?id=1862&reset=1,./reports/969.html,0,46,0,0,0,0,0
97,Job Bank | Amigos Library Services,https://amigos.org/services/job-bank?page=0,./reports/97.html,0,48,0,0,0,0,0
970,Page not found | Amigos Library Services,https://amigos.org/civicrm/event/register?id=1876&reset=1,./reports/970.html,0,46,0,0,0,0,0
971,Page not found | Amigos Library Services,https://amigos.org/civicrm/event/register?id=1855&reset=1,./reports/971.html,0,46,0,0,0,0,0
972,"Equity, Diversity, and Inclusion in Cataloging & Technical Services | Amigos Library Services",https://amigos.org/EDI-2?qt-edi_2=1,./reports/972.html,0,46,0,0,0,0,0
973,"Equity, Diversity, and Inclusion in Cataloging & Technical Services | Amigos Library Services",https://amigos.org/EDI-2,./reports/973.html,0,46,0,0,0,0,0
974,Page not found | Amigos Library Services,https://amigos.org/civicrm/event/register?id=1860&reset=1,./reports/974.html,0,46,0,0,0,0,0
975,Page not found | Amigos Library Services,https://amigos.org/civicrm/event/register?id=1863&reset=1,./reports/975.html,0,46,0,0,0,0,0
976,Amigos signs multi-year Skilltype Agreement for its Research Libraries | Amigos Library Services,https://amigos.org/node/7973,./reports/976.html,0,46,0,0,0,0,0
977,Member Discount Services | Amigos Library Services,https://amigos.org/member_discounts?qt-member_discount_landing_page=1,./reports/977.html,0,47,0,0,0,0,0
978,"Creative Solutions in Cataloging, Acquisitions, and Resources Management - Schedule | Amigos Library Services",https://amigos.org/node/8576,./reports/978.html,1,46,0,8,0,0,24
979,"Creative Solutions in Cataloging, Acquisitions, and Resources Management - Speakers | Amigos Library Services",https://amigos.org/node/8591,./reports/979.html,0,46,0,0,0,0,0
98,Job Bank | Amigos Library Services,https://amigos.org/services/job-bank?page=1,./reports/98.html,0,48,0,0,0,0,0
980,Attend NISO’s May 8th webinar on Indigenous librarianship | Amigos Library Services,https://amigos.org/news/attend-nisos-may-8th-webinar-indigenous-librarianship,./reports/980.html,0,47,0,0,0,0,0
981,Amigos Welcomes Naomi Gonzales as Library Services Trainer and Missouri Libraries 2 Go Coordinator | Amigos Library Services,https://amigos.org/news/amigos-welcomes-naomi-gonzales-library-services-trainer-and-missouri-libraries-2-go,./reports/981.html,0,47,0,0,0,0,0
982,Invitation to participate in DOAJ’s Community Consultation | Amigos Library Services,https://amigos.org/news/invitation-participate-doajs-community-consultation,./reports/982.html,0,47,0,0,0,0,0
983,Don’t miss this chance to learn tools and techniques in “Introduction to Library Acquisitions” on May 2nd | Amigos Library Services,https://amigos.org/news/dont-miss-chance-learn-tools-and-techniques-introduction-library-acquisitions-may-2nd,./reports/983.html,0,47,0,0,0,0,0
984,Empower Readers Through Signage and Wayfinding with Demco | Amigos Library Services,https://amigos.org/news/empower-readers-through-signage-and-wayfinding-demco,./reports/984.html,0,47,0,0,0,0,0
985,Registration open for “Leading. Partnering. Connecting. The Amigos Member Conference 2024” | Amigos Library Services,https://amigos.org/news/registration-open-leading-partnering-connecting-amigos-member-conference-2024,./reports/985.html,0,47,0,0,0,0,0
986,Amigos Welcomes Gwendolyn Prellwitz as CES Manager | Amigos Library Services,https://amigos.org/news/amigos-welcomes-gwendolyn-prellwitz-ces-manager,./reports/986.html,0,47,0,0,0,0,0
987,Earn Your Micro-Credential with Amigos! | Amigos Library Services,https://amigos.org/news/earn-your-micro-credential-amigos,./reports/987.html,0,47,0,0,0,0,0
988,Illuminate Your Collection with Creative Shelving Tips and Must-Haves From Demco | Amigos Library Services,https://amigos.org/news/illuminate-your-collection-creative-shelving-tips-and-must-haves-demco,./reports/988.html,0,47,0,0,0,0,0
989,End-Of-Year Outright Purchase Product Savings and Open Access Support Opportunities With Duke University Press | Amigos Library Services,https://amigos.org/news/end-year-outright-purchase-product-savings-and-open-access-support-opportunities-duke,./reports/989.html,0,47,0,0,0,0,0
99,Vendors | Amigos Library Services,https://amigos.org/node/9708,./reports/99.html,0,53,0,0,0,0,0
990,Voting Representatives: Did you receive a message? | Amigos Library Services,https://amigos.org/news/voting-representatives-did-you-receive-message-0,./reports/990.html,0,47,0,0,0,0,0
991,"Catch Up on DOAJ’s Data, Work and Projects in Newly Released Annual Highlights 2023 Report | Amigos Library Services",https://amigos.org/news/catch-doajs-data-work-and-projects-newly-released-annual-highlights-2023-report,./reports/991.html,0,47,0,0,0,0,0
992,Controlled Digital Lending Recommended Practice Draft from NISO Out for Public Comment | Amigos Library Services,https://amigos.org/news/controlled-digital-lending-recommended-practice-draft-niso-out-public-comment,./reports/992.html,0,47,0,0,0,0,0
993,Earn Your Metadata Principles and Practices Micro-Credential with Amigos! | Amigos Library Services,https://amigos.org/news/earn-your-metadata-principles-and-practices-micro-credential-amigos,./reports/993.html,0,47,0,0,0,0,0
994,Save the Date! May 15th is the Amigos Member Conference 2024 | Amigos Library Services,https://amigos.org/news/save-date-may-15th-amigos-member-conference-2024,./reports/994.html,0,47,0,0,0,0,0
995,Easy Opt-in for Access to NISO Webinars | Amigos Library Services,https://amigos.org/node/8339,./reports/995.html,0,47,0,0,0,0,0
996,"Skilltype joins the Amigos Discount Direct program, offering members 10% in savings! | Amigos Library Services",https://amigos.org/node/8442,./reports/996.html,0,47,0,0,0,0,0
997,Page not found | Amigos Library Services,https://amigos.org/civicrm/event/info?reset=1&id=2017,./reports/997.html,0,46,0,0,0,0,0
998,Reimagining Libraries: Exploring the AI & VR Revolution in Library Services - Schedule | Amigos Library Services,https://amigos.org/node/8461,./reports/998.html,1,46,0,8,0,0,24
999,Reimagining Libraries: Exploring the AI & VR Revolution in Library Services - Speakers | Amigos Library Services,https://amigos.org/node/8462,./reports/999.html,0,46,0,0,0,0,0
