Page,URL,Title,Impact,Rule ID,Description,Help,Help URL,HTML Element
1,https://clearviewlibrary.org/,Homepage | Clearview Library,moderate,heading-order,Ensure the order of headings is semantically correct,Heading levels should only increase by one,https://dequeuniversity.com/rules/axe/4.10/heading-order?application=axeAPI,"<h4 class=""node-title"">"
11,https://clearviewlibrary.org/borrow-research/books-movies-more/interlibrary-loan,Interlibrary Loan | Clearview Library,serious,color-contrast,Ensure the contrast between foreground and background colors meets WCAG 2 AA minimum contrast ratio thresholds,Elements must meet minimum color contrast ratio thresholds,https://dequeuniversity.com/rules/axe/4.10/color-contrast?application=axeAPI,"<a class=""ckeditor-accordion-toggler"" href=""#HowdoIcontacttheInterlibraryLoanteam"" id=""HowdoIcontacttheInterlibraryLoanteam"" onclick=""return false;""><span class=""ckeditor-accordion-toggle active""></span>How do I contact the Interlibrary Loan team?</a>"
11,https://clearviewlibrary.org/borrow-research/books-movies-more/interlibrary-loan,Interlibrary Loan | Clearview Library,serious,color-contrast,Ensure the contrast between foreground and background colors meets WCAG 2 AA minimum contrast ratio thresholds,Elements must meet minimum color contrast ratio thresholds,https://dequeuniversity.com/rules/axe/4.10/color-contrast?application=axeAPI,"<a class=""ckeditor-accordion-toggler"" href=""#HowlongwillittaketogetmyrequesteditemsthroughInterlibraryLoan"" id=""HowlongwillittaketogetmyrequesteditemsthroughInterlibraryLoan"" onclick=""return false;"">"
11,https://clearviewlibrary.org/borrow-research/books-movies-more/interlibrary-loan,Interlibrary Loan | Clearview Library,serious,color-contrast,Ensure the contrast between foreground and background colors meets WCAG 2 AA minimum contrast ratio thresholds,Elements must meet minimum color contrast ratio thresholds,https://dequeuniversity.com/rules/axe/4.10/color-contrast?application=axeAPI,"<a class=""ckeditor-accordion-toggler"" href=""#HowmanyInterlibraryLoanitemscanIcheckout"" id=""HowmanyInterlibraryLoanitemscanIcheckout"" onclick=""return false;""><span class=""ckeditor-accordion-toggle""></span>How many Interlibrary Loan items can I check out?</a>"
11,https://clearviewlibrary.org/borrow-research/books-movies-more/interlibrary-loan,Interlibrary Loan | Clearview Library,serious,color-contrast,Ensure the contrast between foreground and background colors meets WCAG 2 AA minimum contrast ratio thresholds,Elements must meet minimum color contrast ratio thresholds,https://dequeuniversity.com/rules/axe/4.10/color-contrast?application=axeAPI,"<a class=""ckeditor-accordion-toggler"" href=""#WhattypesofitemsarentavailablethroughInterlibraryLoan"" id=""WhattypesofitemsarentavailablethroughInterlibraryLoan"" onclick=""return false;""><span class=""ckeditor-accordion-toggle""></span>What types of items aren't available through Interlibrary Loan?</a>"
11,https://clearviewlibrary.org/borrow-research/books-movies-more/interlibrary-loan,Interlibrary Loan | Clearview Library,serious,color-contrast,Ensure the contrast between foreground and background colors meets WCAG 2 AA minimum contrast ratio thresholds,Elements must meet minimum color contrast ratio thresholds,https://dequeuniversity.com/rules/axe/4.10/color-contrast?application=axeAPI,"<a class=""ckeditor-accordion-toggler"" href=""#HowlongistheloanperiodforInterlibraryLoanmaterials"" id=""HowlongistheloanperiodforInterlibraryLoanmaterials"" onclick=""return false;""><span class=""ckeditor-accordion-toggle""></span>How long is the loan period for Interlibrary Loan materials?</a>"
11,https://clearviewlibrary.org/borrow-research/books-movies-more/interlibrary-loan,Interlibrary Loan | Clearview Library,serious,color-contrast,Ensure the contrast between foreground and background colors meets WCAG 2 AA minimum contrast ratio thresholds,Elements must meet minimum color contrast ratio thresholds,https://dequeuniversity.com/rules/axe/4.10/color-contrast?application=axeAPI,"<a class=""ckeditor-accordion-toggler"" href=""#ArethereanyfeesorfinesforInterlibraryLoan"" id=""ArethereanyfeesorfinesforInterlibraryLoan"" onclick=""return false;""><span class=""ckeditor-accordion-toggle""></span>Are there any fees or fines for Interlibrary Loan?</a>"
11,https://clearviewlibrary.org/borrow-research/books-movies-more/interlibrary-loan,Interlibrary Loan | Clearview Library,serious,color-contrast,Ensure the contrast between foreground and background colors meets WCAG 2 AA minimum contrast ratio thresholds,Elements must meet minimum color contrast ratio thresholds,https://dequeuniversity.com/rules/axe/4.10/color-contrast?application=axeAPI,"<a class=""ckeditor-accordion-toggler"" href=""#HowwillIbenotifiedwhenmyInterlibraryLoanrequestsareavailabletocheckout"" id=""HowwillIbenotifiedwhenmyInterlibraryLoanrequestsareavailabletocheckout"" onclick=""return false;"">"
11,https://clearviewlibrary.org/borrow-research/books-movies-more/interlibrary-loan,Interlibrary Loan | Clearview Library,serious,color-contrast,Ensure the contrast between foreground and background colors meets WCAG 2 AA minimum contrast ratio thresholds,Elements must meet minimum color contrast ratio thresholds,https://dequeuniversity.com/rules/axe/4.10/color-contrast?application=axeAPI,"<a class=""ckeditor-accordion-toggler"" href=""#IneedmultiplecopiesofabookforabookclubWhatshouldIdo"" id=""IneedmultiplecopiesofabookforabookclubWhatshouldIdo"" onclick=""return false;""><span class=""ckeditor-accordion-toggle""></span>I need multiple copies of a book for a book club. What should I do?</a>"
141,https://clearviewlibrary.org/programs-events/just-for-kids/1kbk-signup,1000 Books Before Kindergarten Signup | Clearview Library,moderate,page-has-heading-one,"Ensure that the page, or at least one of its frames contains a level-one heading",Page should contain a level-one heading,https://dequeuniversity.com/rules/axe/4.10/page-has-heading-one?application=axeAPI,"<html lang=""en"" dir=""ltr"" prefix=""content: http://purl.org/rss/1.0/modules/content/  dc: http://purl.org/dc/terms/  foaf: http://xmlns.com/foaf/0.1/  og: http://ogp.me/ns#  rdfs: http://www.w3.org/2000/01/rdf-schema#  schema: http://schema.org/  sioc: http://rdfs.org/sioc/ns#  sioct: http://rdfs.org/sioc/types#  skos: http://www.w3.org/2004/02/skos/core#  xsd: http://www.w3.org/2001/XMLSchema# "" class="" js"">"
142,https://clearviewlibrary.org/about-us/learn-more/news/staff-spotlight-our-bookmobile,Staff Spotlight: Our Bookmobile | Clearview Library,moderate,landmark-complementary-is-top-level,Ensure the complementary landmark or aside is at top level,Aside should not be contained in another landmark,https://dequeuniversity.com/rules/axe/4.10/landmark-complementary-is-top-level?application=axeAPI,"<aside class=""sidebar"">"
144,https://clearviewlibrary.org/media/460/edit,Access denied | Clearview Library,moderate,page-has-heading-one,"Ensure that the page, or at least one of its frames contains a level-one heading",Page should contain a level-one heading,https://dequeuniversity.com/rules/axe/4.10/page-has-heading-one?application=axeAPI,"<html lang=""en"" dir=""ltr"" prefix=""content: http://purl.org/rss/1.0/modules/content/  dc: http://purl.org/dc/terms/  foaf: http://xmlns.com/foaf/0.1/  og: http://ogp.me/ns#  rdfs: http://www.w3.org/2000/01/rdf-schema#  schema: http://schema.org/  sioc: http://rdfs.org/sioc/ns#  sioct: http://rdfs.org/sioc/types#  skos: http://www.w3.org/2004/02/skos/core#  xsd: http://www.w3.org/2001/XMLSchema# "" class="" js"">"
145,https://clearviewlibrary.org/about-us/learn-more/news/cookbook-nook-windsor-colorado-centennial-cookbook-1890-1990,Cookbook Nook: Windsor Colorado Centennial Cookbook 1890-1990 | Clearview Library,moderate,landmark-complementary-is-top-level,Ensure the complementary landmark or aside is at top level,Aside should not be contained in another landmark,https://dequeuniversity.com/rules/axe/4.10/landmark-complementary-is-top-level?application=axeAPI,"<aside class=""sidebar"">"
146,https://clearviewlibrary.org/about-us/learn-more/news/proposal-network-services-and-hardware-all-sites,Proposal for Network Services and Hardware for All Sites | Clearview Library,moderate,landmark-complementary-is-top-level,Ensure the complementary landmark or aside is at top level,Aside should not be contained in another landmark,https://dequeuniversity.com/rules/axe/4.10/landmark-complementary-is-top-level?application=axeAPI,"<aside class=""sidebar"">"
147,https://clearviewlibrary.org/about-us/learn-more/news/staff-spotlight-cristin-altepeter,Staff Spotlight: Cristin Altepeter | Clearview Library,moderate,landmark-complementary-is-top-level,Ensure the complementary landmark or aside is at top level,Aside should not be contained in another landmark,https://dequeuniversity.com/rules/axe/4.10/landmark-complementary-is-top-level?application=axeAPI,"<aside class=""sidebar"">"
148,https://clearviewlibrary.org/about-us/learn-more/news?page=0,News | Clearview Library,moderate,heading-order,Ensure the order of headings is semantically correct,Heading levels should only increase by one,https://dequeuniversity.com/rules/axe/4.10/heading-order?application=axeAPI,"<h4 class=""node-title"">
            <a href=""/about-us/learn-more/news/art-library-july-2025"" rel=""bookmark""><span property=""schema:name"" class=""field field--name-title field--type-string field--label-hidden"">Art in the Library - July 2025</span>
</a>
        </h4>"
149,https://clearviewlibrary.org/about-us/learn-more/news?page=1,News | Clearview Library,moderate,heading-order,Ensure the order of headings is semantically correct,Heading levels should only increase by one,https://dequeuniversity.com/rules/axe/4.10/heading-order?application=axeAPI,"<h4 class=""node-title"">"
150,https://clearviewlibrary.org/about-us/learn-more/news?page=2,News | Clearview Library,moderate,heading-order,Ensure the order of headings is semantically correct,Heading levels should only increase by one,https://dequeuniversity.com/rules/axe/4.10/heading-order?application=axeAPI,"<h4 class=""node-title"">
            <a href=""/about-us/learn-more/news/staff-spotlight-cynthia"" rel=""bookmark""><span property=""schema:name"" class=""field field--name-title field--type-string field--label-hidden"">Staff Spotlight: Cynthia</span>
</a>
        </h4>"
151,https://clearviewlibrary.org/about-us/learn-more/news?page=3,News | Clearview Library,moderate,heading-order,Ensure the order of headings is semantically correct,Heading levels should only increase by one,https://dequeuniversity.com/rules/axe/4.10/heading-order?application=axeAPI,"<h4 class=""node-title"">"
152,https://clearviewlibrary.org/about-us/learn-more/news?page=4,News | Clearview Library,moderate,heading-order,Ensure the order of headings is semantically correct,Heading levels should only increase by one,https://dequeuniversity.com/rules/axe/4.10/heading-order?application=axeAPI,"<h4 class=""node-title"">
            <a href=""/about-us/learn-more/news/staff-spotlight-tucker-valentine"" rel=""bookmark""><span property=""schema:name"" class=""field field--name-title field--type-string field--label-hidden"">Staff Spotlight: Tucker Valentine</span>
</a>
        </h4>"
153,https://clearviewlibrary.org/about-us/learn-more/news?page=5,News | Clearview Library,moderate,heading-order,Ensure the order of headings is semantically correct,Heading levels should only increase by one,https://dequeuniversity.com/rules/axe/4.10/heading-order?application=axeAPI,"<h4 class=""node-title"">
            <a href=""/about-us/learn-more/news/staff-spotlight-caleb-shaver"" rel=""bookmark""><span property=""schema:name"" class=""field field--name-title field--type-string field--label-hidden"">Staff Spotlight: Caleb Shaver</span>
</a>
        </h4>"
154,https://clearviewlibrary.org/about-us/learn-more/news?page=6,News | Clearview Library,moderate,heading-order,Ensure the order of headings is semantically correct,Heading levels should only increase by one,https://dequeuniversity.com/rules/axe/4.10/heading-order?application=axeAPI,"<h4 class=""node-title"">"
155,https://clearviewlibrary.org/about-us/learn-more/news?page=7,News | Clearview Library,moderate,heading-order,Ensure the order of headings is semantically correct,Heading levels should only increase by one,https://dequeuniversity.com/rules/axe/4.10/heading-order?application=axeAPI,"<h4 class=""node-title"">
            <a href=""/about-us/learn-more/news/staff-spotlight-kaytlen-kidney"" rel=""bookmark""><span property=""schema:name"" class=""field field--name-title field--type-string field--label-hidden"">Staff Spotlight: Kaytlen Kidney</span>
</a>
        </h4>"
156,https://clearviewlibrary.org/about-us/learn-more/news?page=8,News | Clearview Library,moderate,heading-order,Ensure the order of headings is semantically correct,Heading levels should only increase by one,https://dequeuniversity.com/rules/axe/4.10/heading-order?application=axeAPI,"<h4 class=""node-title"">"
183,https://clearviewlibrary.org/about-us/learn-more/policies-faqs/request-public-records,Request Public Records | Clearview Library,moderate,heading-order,Ensure the order of headings is semantically correct,Heading levels should only increase by one,https://dequeuniversity.com/rules/axe/4.10/heading-order?application=axeAPI,<h4><span><span><span><span><span>Copies</span></span></span></span></span></h4>
187,https://clearviewlibrary.org/about-us/support-donate/volunteer/teens,Teen Volunteer Application Form | Clearview Library,serious,autocomplete-valid,Ensure the autocomplete attribute is correct and suitable for the form field,autocomplete attribute must be used correctly,https://dequeuniversity.com/rules/axe/4.10/autocomplete-valid?application=axeAPI,"<input type=""text"" data-datepicker-button="""" data-drupal-date-format=""m/d/Y"" data-drupal-selector=""edit-date-of-birth-must-be-at-least-12-years-old-to-apply-"" id=""edit-date-of-birth-must-be-at-least-12-years-old-to-apply-"" name=""date_of_birth_must_be_at_least_12_years_old_to_apply_"" value="""" class=""form-text required hasDatepicker"" required=""required"" aria-required=""true"" data-once=""datePicker"" autocomplete=""chrome-off-55886921"">"
188,https://clearviewlibrary.org/form/youth-services-volunteer,Youth Services Volunteer Application | Clearview Library,moderate,page-has-heading-one,"Ensure that the page, or at least one of its frames contains a level-one heading",Page should contain a level-one heading,https://dequeuniversity.com/rules/axe/4.10/page-has-heading-one?application=axeAPI,"<html lang=""en"" dir=""ltr"" prefix=""content: http://purl.org/rss/1.0/modules/content/  dc: http://purl.org/dc/terms/  foaf: http://xmlns.com/foaf/0.1/  og: http://ogp.me/ns#  rdfs: http://www.w3.org/2000/01/rdf-schema#  schema: http://schema.org/  sioc: http://rdfs.org/sioc/ns#  sioct: http://rdfs.org/sioc/types#  skos: http://www.w3.org/2004/02/skos/core#  xsd: http://www.w3.org/2001/XMLSchema# "" class="" js"">"
189,https://clearviewlibrary.org/media/423/edit,Access denied | Clearview Library,moderate,page-has-heading-one,"Ensure that the page, or at least one of its frames contains a level-one heading",Page should contain a level-one heading,https://dequeuniversity.com/rules/axe/4.10/page-has-heading-one?application=axeAPI,"<html lang=""en"" dir=""ltr"" prefix=""content: http://purl.org/rss/1.0/modules/content/  dc: http://purl.org/dc/terms/  foaf: http://xmlns.com/foaf/0.1/  og: http://ogp.me/ns#  rdfs: http://www.w3.org/2000/01/rdf-schema#  schema: http://schema.org/  sioc: http://rdfs.org/sioc/ns#  sioct: http://rdfs.org/sioc/types#  skos: http://www.w3.org/2004/02/skos/core#  xsd: http://www.w3.org/2001/XMLSchema# "" class="" js"">"
190,https://clearviewlibrary.org/about-us/learn-more/news/half-baked-harvest-quick-cozy-cookbook-tieghan-gerard,Half Baked Harvest Quick & Cozy: A Cookbook by Tieghan Gerard | Clearview Library,moderate,landmark-complementary-is-top-level,Ensure the complementary landmark or aside is at top level,Aside should not be contained in another landmark,https://dequeuniversity.com/rules/axe/4.10/landmark-complementary-is-top-level?application=axeAPI,"<aside class=""sidebar"">"
191,https://clearviewlibrary.org/about-us/learn-more/news/cookbook-nook-pumpkin-spice-cookbook-60-wonderfully-warming-recipes,Cookbook Nook: The Pumpkin Spice Cookbook: 60 Wonderfully Warming Recipes by Heather Thomas | Clearview Library,moderate,landmark-complementary-is-top-level,Ensure the complementary landmark or aside is at top level,Aside should not be contained in another landmark,https://dequeuniversity.com/rules/axe/4.10/landmark-complementary-is-top-level?application=axeAPI,"<aside class=""sidebar"">"
192,https://clearviewlibrary.org/about-us/learn-more/news/cookbook-nook-unofficial-harry-potter-cookbook-dinah-bucholz,Cookbook Nook: The Unofficial Harry Potter Cookbook by Dinah Bucholz | Clearview Library,moderate,landmark-complementary-is-top-level,Ensure the complementary landmark or aside is at top level,Aside should not be contained in another landmark,https://dequeuniversity.com/rules/axe/4.10/landmark-complementary-is-top-level?application=axeAPI,"<aside class=""sidebar"">"
193,https://clearviewlibrary.org/about-us/learn-more/news/cookbook-nook-how-not-die-cookbook-michael-greger,Cookbook Nook: The How Not to Die Cookbook by Michael Greger | Clearview Library,moderate,landmark-complementary-is-top-level,Ensure the complementary landmark or aside is at top level,Aside should not be contained in another landmark,https://dequeuniversity.com/rules/axe/4.10/landmark-complementary-is-top-level?application=axeAPI,"<aside class=""sidebar"">"
194,https://clearviewlibrary.org/about-us/learn-more/news/cookbook-nook-noom-kitchen-100-healthy-delicious-flexible-recipes-every,"Cookbook Nook: The Noom Kitchen: 100 Healthy, Delicious, Flexible Recipes for Every Day by Noom | Clearview Library",moderate,landmark-complementary-is-top-level,Ensure the complementary landmark or aside is at top level,Aside should not be contained in another landmark,https://dequeuniversity.com/rules/axe/4.10/landmark-complementary-is-top-level?application=axeAPI,"<aside class=""sidebar"">"
195,https://clearviewlibrary.org/about-us/learn-more/news/cookbook-nook-mexican-today-pati-jinish,Cookbook Nook: Mexican Today by Pati Jinish | Clearview Library,moderate,landmark-complementary-is-top-level,Ensure the complementary landmark or aside is at top level,Aside should not be contained in another landmark,https://dequeuniversity.com/rules/axe/4.10/landmark-complementary-is-top-level?application=axeAPI,"<aside class=""sidebar"">"
196,https://clearviewlibrary.org/about-us/learn-more/news/cookbook-nook-blue-zones-american-kitchen-dan-buettner,Cookbook Nook: The Blue Zones American Kitchen by Dan Buettner | Clearview Library,moderate,landmark-complementary-is-top-level,Ensure the complementary landmark or aside is at top level,Aside should not be contained in another landmark,https://dequeuniversity.com/rules/axe/4.10/landmark-complementary-is-top-level?application=axeAPI,"<aside class=""sidebar"">"
197,https://clearviewlibrary.org/about-us/learn-more/news/cookbook-nook-taste-home-make-ahead-comfort-foods,Cookbook Nook: Taste of Home: Make-Ahead Comfort Foods | Clearview Library,moderate,landmark-complementary-is-top-level,Ensure the complementary landmark or aside is at top level,Aside should not be contained in another landmark,https://dequeuniversity.com/rules/axe/4.10/landmark-complementary-is-top-level?application=axeAPI,"<aside class=""sidebar"">"
198,https://clearviewlibrary.org/about-us/learn-more/news/cookbook-nook-milk-street-cook-what-you-have-christopher-kimball,Cookbook Nook: Milk Street: Cook What You Have by Christopher Kimball | Clearview Library,moderate,landmark-complementary-is-top-level,Ensure the complementary landmark or aside is at top level,Aside should not be contained in another landmark,https://dequeuniversity.com/rules/axe/4.10/landmark-complementary-is-top-level?application=axeAPI,"<aside class=""sidebar"">"
199,https://clearviewlibrary.org/cookbook-nook?page=0,Cookbook Nook | Clearview Library,moderate,heading-order,Ensure the order of headings is semantically correct,Heading levels should only increase by one,https://dequeuniversity.com/rules/axe/4.10/heading-order?application=axeAPI,"<h4 class=""node-title"">"
2,https://clearviewlibrary.org/,Homepage | Clearview Library,moderate,heading-order,Ensure the order of headings is semantically correct,Heading levels should only increase by one,https://dequeuniversity.com/rules/axe/4.10/heading-order?application=axeAPI,"<h4 class=""node-title"">"
20,https://clearviewlibrary.org/programs-events/upcoming-events/for-teens,For Teens | Clearview Library,serious,frame-title,Ensure <iframe> and <frame> elements have an accessible name,Frames must have an accessible name,https://dequeuniversity.com/rules/axe/4.10/frame-title?application=axeAPI,"<iframe src=""https://clearview.libnet.info/widget?id=2902&amp;style=1089&amp;bodyonly=1"" data-widgetid=""3037"" data-client=""clearview"" scrolling=""no"" style=""overflow: hidden;"" width=""400"" height=""400"" marginheight=""0"" frameborder=""0"" class=""widgetframepreview"" onload=""resizeIframe(this)""></iframe>"
20,https://clearviewlibrary.org/programs-events/upcoming-events/for-teens,For Teens | Clearview Library,moderate,heading-order,Ensure the order of headings is semantically correct,Heading levels should only increase by one,https://dequeuniversity.com/rules/axe/4.10/heading-order?application=axeAPI,"<h4 data-pm-slice=""1 1 []"" data-private=""redact"" data-wt-guid=""ea5df44b-1525-48c3-b7e6-b4dbc28211fa"">What teens can do:</h4>"
200,https://clearviewlibrary.org/cookbook-nook?page=1,Cookbook Nook | Clearview Library,moderate,heading-order,Ensure the order of headings is semantically correct,Heading levels should only increase by one,https://dequeuniversity.com/rules/axe/4.10/heading-order?application=axeAPI,"<h4 class=""node-title"">"
201,https://clearviewlibrary.org/cookbook-nook?page=2,Cookbook Nook | Clearview Library,moderate,heading-order,Ensure the order of headings is semantically correct,Heading levels should only increase by one,https://dequeuniversity.com/rules/axe/4.10/heading-order?application=axeAPI,"<h4 class=""node-title"">"
202,https://clearviewlibrary.org/media/416/edit,Access denied | Clearview Library,moderate,page-has-heading-one,"Ensure that the page, or at least one of its frames contains a level-one heading",Page should contain a level-one heading,https://dequeuniversity.com/rules/axe/4.10/page-has-heading-one?application=axeAPI,"<html lang=""en"" dir=""ltr"" prefix=""content: http://purl.org/rss/1.0/modules/content/  dc: http://purl.org/dc/terms/  foaf: http://xmlns.com/foaf/0.1/  og: http://ogp.me/ns#  rdfs: http://www.w3.org/2000/01/rdf-schema#  schema: http://schema.org/  sioc: http://rdfs.org/sioc/ns#  sioct: http://rdfs.org/sioc/types#  skos: http://www.w3.org/2004/02/skos/core#  xsd: http://www.w3.org/2001/XMLSchema# "" class="" js"">"
203,https://clearviewlibrary.org/media/408/edit,Access denied | Clearview Library,moderate,page-has-heading-one,"Ensure that the page, or at least one of its frames contains a level-one heading",Page should contain a level-one heading,https://dequeuniversity.com/rules/axe/4.10/page-has-heading-one?application=axeAPI,"<html lang=""en"" dir=""ltr"" prefix=""content: http://purl.org/rss/1.0/modules/content/  dc: http://purl.org/dc/terms/  foaf: http://xmlns.com/foaf/0.1/  og: http://ogp.me/ns#  rdfs: http://www.w3.org/2000/01/rdf-schema#  schema: http://schema.org/  sioc: http://rdfs.org/sioc/ns#  sioct: http://rdfs.org/sioc/types#  skos: http://www.w3.org/2004/02/skos/core#  xsd: http://www.w3.org/2001/XMLSchema# "" class="" js"">"
204,https://clearviewlibrary.org/media/406/edit,Access denied | Clearview Library,moderate,page-has-heading-one,"Ensure that the page, or at least one of its frames contains a level-one heading",Page should contain a level-one heading,https://dequeuniversity.com/rules/axe/4.10/page-has-heading-one?application=axeAPI,"<html lang=""en"" dir=""ltr"" prefix=""content: http://purl.org/rss/1.0/modules/content/  dc: http://purl.org/dc/terms/  foaf: http://xmlns.com/foaf/0.1/  og: http://ogp.me/ns#  rdfs: http://www.w3.org/2000/01/rdf-schema#  schema: http://schema.org/  sioc: http://rdfs.org/sioc/ns#  sioct: http://rdfs.org/sioc/types#  skos: http://www.w3.org/2004/02/skos/core#  xsd: http://www.w3.org/2001/XMLSchema# "" class="" js"">"
205,https://clearviewlibrary.org/about-us/learn-more/news/staff-spotlight-sadie,Staff Spotlight: Sadie | Clearview Library,moderate,landmark-complementary-is-top-level,Ensure the complementary landmark or aside is at top level,Aside should not be contained in another landmark,https://dequeuniversity.com/rules/axe/4.10/landmark-complementary-is-top-level?application=axeAPI,"<aside class=""sidebar"">"
206,https://clearviewlibrary.org/about-us/learn-more/news/staff-spotlight-anna,Staff Spotlight: Anna | Clearview Library,moderate,landmark-complementary-is-top-level,Ensure the complementary landmark or aside is at top level,Aside should not be contained in another landmark,https://dequeuniversity.com/rules/axe/4.10/landmark-complementary-is-top-level?application=axeAPI,"<aside class=""sidebar"">"
207,https://clearviewlibrary.org/about-us/learn-more/news/staff-spotlight-cynthia,Staff Spotlight: Cynthia | Clearview Library,moderate,landmark-complementary-is-top-level,Ensure the complementary landmark or aside is at top level,Aside should not be contained in another landmark,https://dequeuniversity.com/rules/axe/4.10/landmark-complementary-is-top-level?application=axeAPI,"<aside class=""sidebar"">"
208,https://clearviewlibrary.org/about-us/learn-more/news/staff-spotlight-lyndsey,Staff Spotlight: Lyndsey | Clearview Library,moderate,landmark-complementary-is-top-level,Ensure the complementary landmark or aside is at top level,Aside should not be contained in another landmark,https://dequeuniversity.com/rules/axe/4.10/landmark-complementary-is-top-level?application=axeAPI,"<aside class=""sidebar"">"
209,https://clearviewlibrary.org/about-us/learn-more/news/staff-spotlight-amanda-brian,Staff Spotlight: Amanda Brian | Clearview Library,moderate,landmark-complementary-is-top-level,Ensure the complementary landmark or aside is at top level,Aside should not be contained in another landmark,https://dequeuniversity.com/rules/axe/4.10/landmark-complementary-is-top-level?application=axeAPI,"<aside class=""sidebar"">"
21,https://clearviewlibrary.org/programs-events/upcoming-events/book-clubs,Book Clubs | Clearview Library,serious,frame-title,Ensure <iframe> and <frame> elements have an accessible name,Frames must have an accessible name,https://dequeuniversity.com/rules/axe/4.10/frame-title?application=axeAPI,"<iframe src=""https://clearview.libnet.info/widget?id=2901&amp;style=1089"" data-widgetid=""2901"" data-client=""clearview"" scrolling=""no"" style=""overflow: hidden;"" marginheight=""0"" frameborder=""0"" onload=""resizeIframe(this)"" height=""100%"" width=""100%""></iframe>"
21,https://clearviewlibrary.org/programs-events/upcoming-events/book-clubs,Book Clubs | Clearview Library,moderate,heading-order,Ensure the order of headings is semantically correct,Heading levels should only increase by one,https://dequeuniversity.com/rules/axe/4.10/heading-order?application=axeAPI,<h3>History by the Book</h3>
210,https://clearviewlibrary.org/about-us/learn-more/news/staff-spotlight-courtney-harris,Staff Spotlight: Courtney Harris | Clearview Library,moderate,landmark-complementary-is-top-level,Ensure the complementary landmark or aside is at top level,Aside should not be contained in another landmark,https://dequeuniversity.com/rules/axe/4.10/landmark-complementary-is-top-level?application=axeAPI,"<aside class=""sidebar"">"
211,https://clearviewlibrary.org/about-us/learn-more/news/staff-spotlight-sarah-strawn,Staff Spotlight: Sarah Strawn | Clearview Library,moderate,landmark-complementary-is-top-level,Ensure the complementary landmark or aside is at top level,Aside should not be contained in another landmark,https://dequeuniversity.com/rules/axe/4.10/landmark-complementary-is-top-level?application=axeAPI,"<aside class=""sidebar"">"
212,https://clearviewlibrary.org/about-us/learn-more/news/staff-spotlight-laura-blakley,Staff Spotlight: Laura Blakley | Clearview Library,moderate,landmark-complementary-is-top-level,Ensure the complementary landmark or aside is at top level,Aside should not be contained in another landmark,https://dequeuniversity.com/rules/axe/4.10/landmark-complementary-is-top-level?application=axeAPI,"<aside class=""sidebar"">"
213,https://clearviewlibrary.org/about-us/learn-more/news/staff-spotlight-julie-santilli,Staff Spotlight: Julie Santilli | Clearview Library,moderate,landmark-complementary-is-top-level,Ensure the complementary landmark or aside is at top level,Aside should not be contained in another landmark,https://dequeuniversity.com/rules/axe/4.10/landmark-complementary-is-top-level?application=axeAPI,"<aside class=""sidebar"">"
214,https://clearviewlibrary.org/about-us/learn-more/news/staff-spotlight-jessica-colombo,Staff Spotlight: Jessica Colombo | Clearview Library,moderate,landmark-complementary-is-top-level,Ensure the complementary landmark or aside is at top level,Aside should not be contained in another landmark,https://dequeuniversity.com/rules/axe/4.10/landmark-complementary-is-top-level?application=axeAPI,"<aside class=""sidebar"">"
215,https://clearviewlibrary.org/about-us/learn-more/news/staff-spotlight-tucker-valentine,Staff Spotlight: Tucker Valentine | Clearview Library,moderate,landmark-complementary-is-top-level,Ensure the complementary landmark or aside is at top level,Aside should not be contained in another landmark,https://dequeuniversity.com/rules/axe/4.10/landmark-complementary-is-top-level?application=axeAPI,"<aside class=""sidebar"">"
216,https://clearviewlibrary.org/about-us/learn-more/news/staff-spotlight?page=0,Staff Spotlight | Clearview Library,moderate,heading-order,Ensure the order of headings is semantically correct,Heading levels should only increase by one,https://dequeuniversity.com/rules/axe/4.10/heading-order?application=axeAPI,"<h4 class=""node-title"">
            <a href=""/about-us/learn-more/news/staff-spotlight-cristin-altepeter"" rel=""bookmark""><span property=""schema:name"" class=""field field--name-title field--type-string field--label-hidden"">Staff Spotlight: Cristin Altepeter</span>
</a>
        </h4>"
217,https://clearviewlibrary.org/about-us/learn-more/news/staff-spotlight?page=1,Staff Spotlight | Clearview Library,moderate,heading-order,Ensure the order of headings is semantically correct,Heading levels should only increase by one,https://dequeuniversity.com/rules/axe/4.10/heading-order?application=axeAPI,"<h4 class=""node-title"">
            <a href=""/about-us/learn-more/news/staff-spotlight-christy-olson"" rel=""bookmark""><span property=""schema:name"" class=""field field--name-title field--type-string field--label-hidden"">Staff Spotlight: Christy Olson</span>
</a>
        </h4>"
218,https://clearviewlibrary.org/about-us/learn-more/news/staff-spotlight?page=2,Staff Spotlight | Clearview Library,moderate,heading-order,Ensure the order of headings is semantically correct,Heading levels should only increase by one,https://dequeuniversity.com/rules/axe/4.10/heading-order?application=axeAPI,"<h4 class=""node-title"">
            <a href=""/about-us/learn-more/news/staff-spotlight-becca-sharp"" rel=""bookmark""><span property=""schema:name"" class=""field field--name-title field--type-string field--label-hidden"">Staff Spotlight: Becca Sharp</span>
</a>
        </h4>"
219,https://clearviewlibrary.org/about-us/learn-more/news/windsor-and-severance-library-branches-announce-new-hours-starting,"Windsor and Severance Library Branches Announce New Hours Starting December 30, 2024 | Clearview Library",moderate,landmark-complementary-is-top-level,Ensure the complementary landmark or aside is at top level,Aside should not be contained in another landmark,https://dequeuniversity.com/rules/axe/4.10/landmark-complementary-is-top-level?application=axeAPI,"<aside class=""sidebar"">"
220,https://clearviewlibrary.org/about-us/learn-more/news/clearview-library-district-statement-town-windsors-development-resolution,Clearview Library District Statement on Town of Windsor’s Development Resolution (2024-62) | Clearview Library,moderate,landmark-complementary-is-top-level,Ensure the complementary landmark or aside is at top level,Aside should not be contained in another landmark,https://dequeuniversity.com/rules/axe/4.10/landmark-complementary-is-top-level?application=axeAPI,"<aside class=""sidebar"">"
221,https://clearviewlibrary.org/about-us/learn-more/news/request-proposal-auditor-services,Request for Proposal for Auditor Services | Clearview Library,moderate,landmark-complementary-is-top-level,Ensure the complementary landmark or aside is at top level,Aside should not be contained in another landmark,https://dequeuniversity.com/rules/axe/4.10/landmark-complementary-is-top-level?application=axeAPI,"<aside class=""sidebar"">"
222,https://clearviewlibrary.org/about-us/learn-more/news/clearview-library-district-appoints-new-library-director,Clearview Library District Appoints New Library Director | Clearview Library,moderate,landmark-complementary-is-top-level,Ensure the complementary landmark or aside is at top level,Aside should not be contained in another landmark,https://dequeuniversity.com/rules/axe/4.10/landmark-complementary-is-top-level?application=axeAPI,"<aside class=""sidebar"">"
223,https://clearviewlibrary.org/about-us/learn-more/news/discover-more-pika-our-new-intuitive-catalog-system,Discover More with Pika: Our New Intuitive Catalog System | Clearview Library,moderate,landmark-complementary-is-top-level,Ensure the complementary landmark or aside is at top level,Aside should not be contained in another landmark,https://dequeuniversity.com/rules/axe/4.10/landmark-complementary-is-top-level?application=axeAPI,"<aside class=""sidebar"">"
224,https://clearviewlibrary.org/about-us/learn-more/news/2024-candidates-library-director-position,2024 Candidates for the Library Director Position | Clearview Library,moderate,landmark-complementary-is-top-level,Ensure the complementary landmark or aside is at top level,Aside should not be contained in another landmark,https://dequeuniversity.com/rules/axe/4.10/landmark-complementary-is-top-level?application=axeAPI,"<aside class=""sidebar"">"
225,https://clearviewlibrary.org/about-us/learn-more/news/clearview-library-district-plans-new-leadership,Clearview Library District Plans for New Leadership | Clearview Library,moderate,landmark-complementary-is-top-level,Ensure the complementary landmark or aside is at top level,Aside should not be contained in another landmark,https://dequeuniversity.com/rules/axe/4.10/landmark-complementary-is-top-level?application=axeAPI,"<aside class=""sidebar"">"
226,https://clearviewlibrary.org/about-us/learn-more/news/library-district-director-retirement-announcement,Library District Director Retirement Announcement | Clearview Library,moderate,landmark-complementary-is-top-level,Ensure the complementary landmark or aside is at top level,Aside should not be contained in another landmark,https://dequeuniversity.com/rules/axe/4.10/landmark-complementary-is-top-level?application=axeAPI,"<aside class=""sidebar"">"
227,https://clearviewlibrary.org/about-us/learn-more/news/news?page=1,News | Clearview Library,moderate,heading-order,Ensure the order of headings is semantically correct,Heading levels should only increase by one,https://dequeuniversity.com/rules/axe/4.10/heading-order?application=axeAPI,"<h4 class=""node-title"">
            <a href=""/about-us/learn-more/news/library-director-opening"" rel=""bookmark""><span property=""schema:name"" class=""field field--name-title field--type-string field--label-hidden"">Library Director Opening</span>
</a>
        </h4>"
228,https://clearviewlibrary.org/media/448/edit,Access denied | Clearview Library,moderate,page-has-heading-one,"Ensure that the page, or at least one of its frames contains a level-one heading",Page should contain a level-one heading,https://dequeuniversity.com/rules/axe/4.10/page-has-heading-one?application=axeAPI,"<html lang=""en"" dir=""ltr"" prefix=""content: http://purl.org/rss/1.0/modules/content/  dc: http://purl.org/dc/terms/  foaf: http://xmlns.com/foaf/0.1/  og: http://ogp.me/ns#  rdfs: http://www.w3.org/2000/01/rdf-schema#  schema: http://schema.org/  sioc: http://rdfs.org/sioc/ns#  sioct: http://rdfs.org/sioc/types#  skos: http://www.w3.org/2004/02/skos/core#  xsd: http://www.w3.org/2001/XMLSchema# "" class="" js"">"
229,https://clearviewlibrary.org/about-us/learn-more/news/art-library-may-july-2024,Art in the Library! May - July 2024 | Clearview Library,moderate,landmark-complementary-is-top-level,Ensure the complementary landmark or aside is at top level,Aside should not be contained in another landmark,https://dequeuniversity.com/rules/axe/4.10/landmark-complementary-is-top-level?application=axeAPI,"<aside class=""sidebar"">"
230,https://clearviewlibrary.org/about-us/learn-more/news/art-library-march-may-2024,Art in the Library! March - May 2024 | Clearview Library,moderate,landmark-complementary-is-top-level,Ensure the complementary landmark or aside is at top level,Aside should not be contained in another landmark,https://dequeuniversity.com/rules/axe/4.10/landmark-complementary-is-top-level?application=axeAPI,"<aside class=""sidebar"">"
231,https://clearviewlibrary.org/about-us/learn-more/news/art-in-the-library-January-March-2024,Art in the Library! January - March 2024 | Clearview Library,moderate,landmark-complementary-is-top-level,Ensure the complementary landmark or aside is at top level,Aside should not be contained in another landmark,https://dequeuniversity.com/rules/axe/4.10/landmark-complementary-is-top-level?application=axeAPI,"<aside class=""sidebar"">"
232,https://clearviewlibrary.org/about-us/learn-more/news/art-in-the-library,Art in the Library! | Clearview Library,moderate,landmark-complementary-is-top-level,Ensure the complementary landmark or aside is at top level,Aside should not be contained in another landmark,https://dequeuniversity.com/rules/axe/4.10/landmark-complementary-is-top-level?application=axeAPI,"<aside class=""sidebar"">"
233,https://clearviewlibrary.org/media/438/edit,Access denied | Clearview Library,moderate,page-has-heading-one,"Ensure that the page, or at least one of its frames contains a level-one heading",Page should contain a level-one heading,https://dequeuniversity.com/rules/axe/4.10/page-has-heading-one?application=axeAPI,"<html lang=""en"" dir=""ltr"" prefix=""content: http://purl.org/rss/1.0/modules/content/  dc: http://purl.org/dc/terms/  foaf: http://xmlns.com/foaf/0.1/  og: http://ogp.me/ns#  rdfs: http://www.w3.org/2000/01/rdf-schema#  schema: http://schema.org/  sioc: http://rdfs.org/sioc/ns#  sioct: http://rdfs.org/sioc/types#  skos: http://www.w3.org/2004/02/skos/core#  xsd: http://www.w3.org/2001/XMLSchema# "" class="" js"">"
234,https://clearviewlibrary.org/media/422/edit,Access denied | Clearview Library,moderate,page-has-heading-one,"Ensure that the page, or at least one of its frames contains a level-one heading",Page should contain a level-one heading,https://dequeuniversity.com/rules/axe/4.10/page-has-heading-one?application=axeAPI,"<html lang=""en"" dir=""ltr"" prefix=""content: http://purl.org/rss/1.0/modules/content/  dc: http://purl.org/dc/terms/  foaf: http://xmlns.com/foaf/0.1/  og: http://ogp.me/ns#  rdfs: http://www.w3.org/2000/01/rdf-schema#  schema: http://schema.org/  sioc: http://rdfs.org/sioc/ns#  sioct: http://rdfs.org/sioc/types#  skos: http://www.w3.org/2004/02/skos/core#  xsd: http://www.w3.org/2001/XMLSchema# "" class="" js"">"
235,https://clearviewlibrary.org/media/418/edit,Access denied | Clearview Library,moderate,page-has-heading-one,"Ensure that the page, or at least one of its frames contains a level-one heading",Page should contain a level-one heading,https://dequeuniversity.com/rules/axe/4.10/page-has-heading-one?application=axeAPI,"<html lang=""en"" dir=""ltr"" prefix=""content: http://purl.org/rss/1.0/modules/content/  dc: http://purl.org/dc/terms/  foaf: http://xmlns.com/foaf/0.1/  og: http://ogp.me/ns#  rdfs: http://www.w3.org/2000/01/rdf-schema#  schema: http://schema.org/  sioc: http://rdfs.org/sioc/ns#  sioct: http://rdfs.org/sioc/types#  skos: http://www.w3.org/2004/02/skos/core#  xsd: http://www.w3.org/2001/XMLSchema# "" class="" js"">"
236,https://clearviewlibrary.org/about-us/learn-more/news/clearview-library-adds-genealogy-databases,Clearview Library Adds Genealogy Databases | Clearview Library,moderate,landmark-complementary-is-top-level,Ensure the complementary landmark or aside is at top level,Aside should not be contained in another landmark,https://dequeuniversity.com/rules/axe/4.10/landmark-complementary-is-top-level?application=axeAPI,"<aside class=""sidebar"">"
237,https://clearviewlibrary.org/media/417/edit,Access denied | Clearview Library,moderate,page-has-heading-one,"Ensure that the page, or at least one of its frames contains a level-one heading",Page should contain a level-one heading,https://dequeuniversity.com/rules/axe/4.10/page-has-heading-one?application=axeAPI,"<html lang=""en"" dir=""ltr"" prefix=""content: http://purl.org/rss/1.0/modules/content/  dc: http://purl.org/dc/terms/  foaf: http://xmlns.com/foaf/0.1/  og: http://ogp.me/ns#  rdfs: http://www.w3.org/2000/01/rdf-schema#  schema: http://schema.org/  sioc: http://rdfs.org/sioc/ns#  sioct: http://rdfs.org/sioc/types#  skos: http://www.w3.org/2004/02/skos/core#  xsd: http://www.w3.org/2001/XMLSchema# "" class="" js"">"
238,https://clearviewlibrary.org/media/32/edit,Access denied | Clearview Library,moderate,page-has-heading-one,"Ensure that the page, or at least one of its frames contains a level-one heading",Page should contain a level-one heading,https://dequeuniversity.com/rules/axe/4.10/page-has-heading-one?application=axeAPI,"<html lang=""en"" dir=""ltr"" prefix=""content: http://purl.org/rss/1.0/modules/content/  dc: http://purl.org/dc/terms/  foaf: http://xmlns.com/foaf/0.1/  og: http://ogp.me/ns#  rdfs: http://www.w3.org/2000/01/rdf-schema#  schema: http://schema.org/  sioc: http://rdfs.org/sioc/ns#  sioct: http://rdfs.org/sioc/types#  skos: http://www.w3.org/2004/02/skos/core#  xsd: http://www.w3.org/2001/XMLSchema# "" class="" js"">"
239,https://clearviewlibrary.org/media/35/edit,Access denied | Clearview Library,moderate,page-has-heading-one,"Ensure that the page, or at least one of its frames contains a level-one heading",Page should contain a level-one heading,https://dequeuniversity.com/rules/axe/4.10/page-has-heading-one?application=axeAPI,"<html lang=""en"" dir=""ltr"" prefix=""content: http://purl.org/rss/1.0/modules/content/  dc: http://purl.org/dc/terms/  foaf: http://xmlns.com/foaf/0.1/  og: http://ogp.me/ns#  rdfs: http://www.w3.org/2000/01/rdf-schema#  schema: http://schema.org/  sioc: http://rdfs.org/sioc/ns#  sioct: http://rdfs.org/sioc/types#  skos: http://www.w3.org/2004/02/skos/core#  xsd: http://www.w3.org/2001/XMLSchema# "" class="" js"">"
240,https://clearviewlibrary.org/media/24/edit,Access denied | Clearview Library,moderate,page-has-heading-one,"Ensure that the page, or at least one of its frames contains a level-one heading",Page should contain a level-one heading,https://dequeuniversity.com/rules/axe/4.10/page-has-heading-one?application=axeAPI,"<html lang=""en"" dir=""ltr"" prefix=""content: http://purl.org/rss/1.0/modules/content/  dc: http://purl.org/dc/terms/  foaf: http://xmlns.com/foaf/0.1/  og: http://ogp.me/ns#  rdfs: http://www.w3.org/2000/01/rdf-schema#  schema: http://schema.org/  sioc: http://rdfs.org/sioc/ns#  sioct: http://rdfs.org/sioc/types#  skos: http://www.w3.org/2004/02/skos/core#  xsd: http://www.w3.org/2001/XMLSchema# "" class="" js"">"
25,https://clearviewlibrary.org/programs-events/just-for-kids/little-ones,Little Ones | Clearview Library,serious,frame-title,Ensure <iframe> and <frame> elements have an accessible name,Frames must have an accessible name,https://dequeuniversity.com/rules/axe/4.10/frame-title?application=axeAPI,"<iframe src=""https://clearview.libnet.info/widget?id=2900&amp;style=1089&amp;bodyonly=1"" data-widgetid=""2900"" data-client=""clearview"" scrolling=""no"" style=""overflow: hidden;"" width=""300"" height=""400"" marginheight=""0"" frameborder=""0"" class=""widgetframepreview"" onload=""resizeIframe(this)""></iframe>"
29,https://clearviewlibrary.org/services/technology/3d-printing,3D Printing | Clearview Library,serious,color-contrast,Ensure the contrast between foreground and background colors meets WCAG 2 AA minimum contrast ratio thresholds,Elements must meet minimum color contrast ratio thresholds,https://dequeuniversity.com/rules/axe/4.10/color-contrast?application=axeAPI,"<a class=""ckeditor-accordion-toggler"" href=""#3DFilesReadytoPrint"" id=""3DFilesReadytoPrint"" onclick=""return false;""><span class=""ckeditor-accordion-toggle active""></span>3D Files Ready to Print</a>"
29,https://clearviewlibrary.org/services/technology/3d-printing,3D Printing | Clearview Library,serious,color-contrast,Ensure the contrast between foreground and background colors meets WCAG 2 AA minimum contrast ratio thresholds,Elements must meet minimum color contrast ratio thresholds,https://dequeuniversity.com/rules/axe/4.10/color-contrast?application=axeAPI,"<a class=""ckeditor-accordion-toggler"" href=""#3DFileDesign"" id=""3DFileDesign"" onclick=""return false;""><span class=""ckeditor-accordion-toggle""></span>3D File Design</a>"
29,https://clearviewlibrary.org/services/technology/3d-printing,3D Printing | Clearview Library,serious,color-contrast,Ensure the contrast between foreground and background colors meets WCAG 2 AA minimum contrast ratio thresholds,Elements must meet minimum color contrast ratio thresholds,https://dequeuniversity.com/rules/axe/4.10/color-contrast?application=axeAPI,"<a class=""ckeditor-accordion-toggler"" href=""#ProjectIdeas"" id=""ProjectIdeas"" onclick=""return false;""><span class=""ckeditor-accordion-toggle""></span>Project Ideas</a>"
298,https://clearviewlibrary.org/media/156/edit,Access denied | Clearview Library,moderate,page-has-heading-one,"Ensure that the page, or at least one of its frames contains a level-one heading",Page should contain a level-one heading,https://dequeuniversity.com/rules/axe/4.10/page-has-heading-one?application=axeAPI,"<html lang=""en"" dir=""ltr"" prefix=""content: http://purl.org/rss/1.0/modules/content/  dc: http://purl.org/dc/terms/  foaf: http://xmlns.com/foaf/0.1/  og: http://ogp.me/ns#  rdfs: http://www.w3.org/2000/01/rdf-schema#  schema: http://schema.org/  sioc: http://rdfs.org/sioc/ns#  sioct: http://rdfs.org/sioc/types#  skos: http://www.w3.org/2004/02/skos/core#  xsd: http://www.w3.org/2001/XMLSchema# "" class="" js"">"
299,https://clearviewlibrary.org/media/400/edit,Access denied | Clearview Library,moderate,page-has-heading-one,"Ensure that the page, or at least one of its frames contains a level-one heading",Page should contain a level-one heading,https://dequeuniversity.com/rules/axe/4.10/page-has-heading-one?application=axeAPI,"<html lang=""en"" dir=""ltr"" prefix=""content: http://purl.org/rss/1.0/modules/content/  dc: http://purl.org/dc/terms/  foaf: http://xmlns.com/foaf/0.1/  og: http://ogp.me/ns#  rdfs: http://www.w3.org/2000/01/rdf-schema#  schema: http://schema.org/  sioc: http://rdfs.org/sioc/ns#  sioct: http://rdfs.org/sioc/types#  skos: http://www.w3.org/2004/02/skos/core#  xsd: http://www.w3.org/2001/XMLSchema# "" class="" js"">"
300,https://clearviewlibrary.org/media/368/edit,Access denied | Clearview Library,moderate,page-has-heading-one,"Ensure that the page, or at least one of its frames contains a level-one heading",Page should contain a level-one heading,https://dequeuniversity.com/rules/axe/4.10/page-has-heading-one?application=axeAPI,"<html lang=""en"" dir=""ltr"" prefix=""content: http://purl.org/rss/1.0/modules/content/  dc: http://purl.org/dc/terms/  foaf: http://xmlns.com/foaf/0.1/  og: http://ogp.me/ns#  rdfs: http://www.w3.org/2000/01/rdf-schema#  schema: http://schema.org/  sioc: http://rdfs.org/sioc/ns#  sioct: http://rdfs.org/sioc/types#  skos: http://www.w3.org/2004/02/skos/core#  xsd: http://www.w3.org/2001/XMLSchema# "" class="" js"">"
301,https://clearviewlibrary.org/media/391/edit,Access denied | Clearview Library,moderate,page-has-heading-one,"Ensure that the page, or at least one of its frames contains a level-one heading",Page should contain a level-one heading,https://dequeuniversity.com/rules/axe/4.10/page-has-heading-one?application=axeAPI,"<html lang=""en"" dir=""ltr"" prefix=""content: http://purl.org/rss/1.0/modules/content/  dc: http://purl.org/dc/terms/  foaf: http://xmlns.com/foaf/0.1/  og: http://ogp.me/ns#  rdfs: http://www.w3.org/2000/01/rdf-schema#  schema: http://schema.org/  sioc: http://rdfs.org/sioc/ns#  sioct: http://rdfs.org/sioc/types#  skos: http://www.w3.org/2004/02/skos/core#  xsd: http://www.w3.org/2001/XMLSchema# "" class="" js"">"
302,https://clearviewlibrary.org/about-us/learn-more/news/library-director-opening,Library Director Opening | Clearview Library,moderate,landmark-complementary-is-top-level,Ensure the complementary landmark or aside is at top level,Aside should not be contained in another landmark,https://dequeuniversity.com/rules/axe/4.10/landmark-complementary-is-top-level?application=axeAPI,"<aside class=""sidebar"">"
303,https://clearviewlibrary.org/about-us/learn-more/news/cookbook-nook-mug-cakes-chocolate-by-sandra-mahut,Cookbook Nook: Mug Cakes - Chocolate by Sandra Mahut | Clearview Library,moderate,landmark-complementary-is-top-level,Ensure the complementary landmark or aside is at top level,Aside should not be contained in another landmark,https://dequeuniversity.com/rules/axe/4.10/landmark-complementary-is-top-level?application=axeAPI,"<aside class=""sidebar"">"
304,https://clearviewlibrary.org/about-us/learn-more/news/cookbook-nook-valeries-home-cooking-by-valerie-bertinelli,Cookbook Nook: Valerie’s Home Cooking by Valerie Bertinelli | Clearview Library,moderate,landmark-complementary-is-top-level,Ensure the complementary landmark or aside is at top level,Aside should not be contained in another landmark,https://dequeuniversity.com/rules/axe/4.10/landmark-complementary-is-top-level?application=axeAPI,"<aside class=""sidebar"">"
305,https://clearviewlibrary.org/about-us/learn-more/news/cookbook-nook-christmas-cookbook-southern-living,Cookbook Nook: Christmas Cookbook by Southern Living | Clearview Library,moderate,landmark-complementary-is-top-level,Ensure the complementary landmark or aside is at top level,Aside should not be contained in another landmark,https://dequeuniversity.com/rules/axe/4.10/landmark-complementary-is-top-level?application=axeAPI,"<aside class=""sidebar"">"
306,https://clearviewlibrary.org/about-us/learn-more/news/cookbook-nook-evas-kitchen-eva-longoria-and-marah-stets,Cookbook Nook: Eva's Kitchen by Eva Longoria and Marah Stets | Clearview Library,moderate,landmark-complementary-is-top-level,Ensure the complementary landmark or aside is at top level,Aside should not be contained in another landmark,https://dequeuniversity.com/rules/axe/4.10/landmark-complementary-is-top-level?application=axeAPI,"<aside class=""sidebar"">"
307,https://clearviewlibrary.org/about-us/learn-more/news/staff-spotlight-christy-olson,Staff Spotlight: Christy Olson | Clearview Library,moderate,landmark-complementary-is-top-level,Ensure the complementary landmark or aside is at top level,Aside should not be contained in another landmark,https://dequeuniversity.com/rules/axe/4.10/landmark-complementary-is-top-level?application=axeAPI,"<aside class=""sidebar"">"
308,https://clearviewlibrary.org/about-us/learn-more/news/cookbook-nook-halloween-cookbook-betty-crocker,Cookbook Nook: Halloween Cookbook by Betty Crocker | Clearview Library,moderate,landmark-complementary-is-top-level,Ensure the complementary landmark or aside is at top level,Aside should not be contained in another landmark,https://dequeuniversity.com/rules/axe/4.10/landmark-complementary-is-top-level?application=axeAPI,"<aside class=""sidebar"">"
309,https://clearviewlibrary.org/about-us/learn-more/news/staff-spotlight-trisha-parsons,Staff Spotlight: Trisha Parsons | Clearview Library,moderate,landmark-complementary-is-top-level,Ensure the complementary landmark or aside is at top level,Aside should not be contained in another landmark,https://dequeuniversity.com/rules/axe/4.10/landmark-complementary-is-top-level?application=axeAPI,"<aside class=""sidebar"">"
310,https://clearviewlibrary.org/about-us/learn-more/news/check-out-our-new-book-club-kits,Check Out Our New Book Club Kits | Clearview Library,moderate,landmark-complementary-is-top-level,Ensure the complementary landmark or aside is at top level,Aside should not be contained in another landmark,https://dequeuniversity.com/rules/axe/4.10/landmark-complementary-is-top-level?application=axeAPI,"<aside class=""sidebar"">"
311,https://clearviewlibrary.org/about-us/learn-more/news/cookbook-nook-forest-feast-simple-vegetarian-recipes-my-cabin-woods,Cookbook Nook: The Forest Feast: Simple Vegetarian Recipes from My Cabin in the Woods | Clearview Library,moderate,landmark-complementary-is-top-level,Ensure the complementary landmark or aside is at top level,Aside should not be contained in another landmark,https://dequeuniversity.com/rules/axe/4.10/landmark-complementary-is-top-level?application=axeAPI,"<aside class=""sidebar"">"
312,https://clearviewlibrary.org/about-us/learn-more/news/staff-spotlight-mak-northern,Staff Spotlight: Mak Northern | Clearview Library,moderate,landmark-complementary-is-top-level,Ensure the complementary landmark or aside is at top level,Aside should not be contained in another landmark,https://dequeuniversity.com/rules/axe/4.10/landmark-complementary-is-top-level?application=axeAPI,"<aside class=""sidebar"">"
313,https://clearviewlibrary.org/about-us/learn-more/news/statement-clearview-library-district-board,Statement from the Clearview Library District Board | Clearview Library,moderate,heading-order,Ensure the order of headings is semantically correct,Heading levels should only increase by one,https://dequeuniversity.com/rules/axe/4.10/heading-order?application=axeAPI,"<h4>Concerning the Property located at 392 near Hollister Lake Rd, Windsor</h4>"
313,https://clearviewlibrary.org/about-us/learn-more/news/statement-clearview-library-district-board,Statement from the Clearview Library District Board | Clearview Library,moderate,landmark-complementary-is-top-level,Ensure the complementary landmark or aside is at top level,Aside should not be contained in another landmark,https://dequeuniversity.com/rules/axe/4.10/landmark-complementary-is-top-level?application=axeAPI,"<aside class=""sidebar"">"
314,https://clearviewlibrary.org/about-us/learn-more/news/staff-spotlight-keith-teklits,Staff Spotlight: Keith Teklits | Clearview Library,moderate,landmark-complementary-is-top-level,Ensure the complementary landmark or aside is at top level,Aside should not be contained in another landmark,https://dequeuniversity.com/rules/axe/4.10/landmark-complementary-is-top-level?application=axeAPI,"<aside class=""sidebar"">"
315,https://clearviewlibrary.org/about-us/learn-more/news/cookbook-nook-take-it-easy-recipes-zero-stress-deliciousness,The Cookbook Nook: Take It Easy: Recipes for Zero Stress Deliciousness | Clearview Library,moderate,landmark-complementary-is-top-level,Ensure the complementary landmark or aside is at top level,Aside should not be contained in another landmark,https://dequeuniversity.com/rules/axe/4.10/landmark-complementary-is-top-level?application=axeAPI,"<aside class=""sidebar"">"
316,https://clearviewlibrary.org/about-us/learn-more/news/staff-spotlight-caleb-shaver,Staff Spotlight: Caleb Shaver | Clearview Library,moderate,landmark-complementary-is-top-level,Ensure the complementary landmark or aside is at top level,Aside should not be contained in another landmark,https://dequeuniversity.com/rules/axe/4.10/landmark-complementary-is-top-level?application=axeAPI,"<aside class=""sidebar"">"
317,https://clearviewlibrary.org/about-us/learn-more/news/request-proposal-shelving,Request for Proposal for Shelving | Clearview Library,moderate,landmark-complementary-is-top-level,Ensure the complementary landmark or aside is at top level,Aside should not be contained in another landmark,https://dequeuniversity.com/rules/axe/4.10/landmark-complementary-is-top-level?application=axeAPI,"<aside class=""sidebar"">"
318,https://clearviewlibrary.org/about-us/learn-more/news/request-proposal-furniture,Request for Proposal for Furniture | Clearview Library,moderate,landmark-complementary-is-top-level,Ensure the complementary landmark or aside is at top level,Aside should not be contained in another landmark,https://dequeuniversity.com/rules/axe/4.10/landmark-complementary-is-top-level?application=axeAPI,"<aside class=""sidebar"">"
319,https://clearviewlibrary.org/about-us/learn-more/news/cookbook-nook-mi-cocina-recipes-and-rapture-my-kitchen-mexico,The Cookbook Nook: Mi Cocina: Recipes and Rapture from My Kitchen in Mexico | Clearview Library,moderate,landmark-complementary-is-top-level,Ensure the complementary landmark or aside is at top level,Aside should not be contained in another landmark,https://dequeuniversity.com/rules/axe/4.10/landmark-complementary-is-top-level?application=axeAPI,"<aside class=""sidebar"">"
320,https://clearviewlibrary.org/about-us/learn-more/news/request-proposal-naming-convention-logo-design-and-branding-refresh,"Request for Proposal for Naming Convention, Logo Design, and Branding Refresh | Clearview Library",moderate,landmark-complementary-is-top-level,Ensure the complementary landmark or aside is at top level,Aside should not be contained in another landmark,https://dequeuniversity.com/rules/axe/4.10/landmark-complementary-is-top-level?application=axeAPI,"<aside class=""sidebar"">"
321,https://clearviewlibrary.org/about-us/learn-more/news/staff-spotlight-cindy-mullanix,Staff Spotlight: Cindy Mullanix | Clearview Library,moderate,landmark-complementary-is-top-level,Ensure the complementary landmark or aside is at top level,Aside should not be contained in another landmark,https://dequeuniversity.com/rules/axe/4.10/landmark-complementary-is-top-level?application=axeAPI,"<aside class=""sidebar"">"
322,https://clearviewlibrary.org/about-us/learn-more/news/staff-spotlight-vince-cameron,Staff Spotlight: Vince Cameron | Clearview Library,moderate,landmark-complementary-is-top-level,Ensure the complementary landmark or aside is at top level,Aside should not be contained in another landmark,https://dequeuniversity.com/rules/axe/4.10/landmark-complementary-is-top-level?application=axeAPI,"<aside class=""sidebar"">"
323,https://clearviewlibrary.org/about-us/learn-more/news/cookbook-nook-delectable-sweet-and-savory-baking-claudia-fleming,The Cookbook Nook: Delectable: Sweet and Savory Baking by Claudia Fleming | Clearview Library,moderate,landmark-complementary-is-top-level,Ensure the complementary landmark or aside is at top level,Aside should not be contained in another landmark,https://dequeuniversity.com/rules/axe/4.10/landmark-complementary-is-top-level?application=axeAPI,"<aside class=""sidebar"">"
324,https://clearviewlibrary.org/about-us/learn-more/news/clearview-library-district-breaks-ground-new-branch-severance,Clearview Library District Breaks Ground on New Branch in Severance | Clearview Library,moderate,landmark-complementary-is-top-level,Ensure the complementary landmark or aside is at top level,Aside should not be contained in another landmark,https://dequeuniversity.com/rules/axe/4.10/landmark-complementary-is-top-level?application=axeAPI,"<aside class=""sidebar"">"
325,https://clearviewlibrary.org/about-us/learn-more/news/staff-spotlight-aimee-moore,Staff Spotlight: Aimee Moore | Clearview Library,moderate,landmark-complementary-is-top-level,Ensure the complementary landmark or aside is at top level,Aside should not be contained in another landmark,https://dequeuniversity.com/rules/axe/4.10/landmark-complementary-is-top-level?application=axeAPI,"<aside class=""sidebar"">"
327,https://clearviewlibrary.org/about-us/learn-more/news/cookbook-nook-pasta-queen-just-gorgeous-cookbook-nadia-caterina-munno,The Cookbook Nook: The Pasta Queen: A Just Gorgeous Cookbook by Nadia Caterina Munno | Clearview Library,moderate,landmark-complementary-is-top-level,Ensure the complementary landmark or aside is at top level,Aside should not be contained in another landmark,https://dequeuniversity.com/rules/axe/4.10/landmark-complementary-is-top-level?application=axeAPI,"<aside class=""sidebar"">"
328,https://clearviewlibrary.org/about-us/learn-more/news/staff-spotlight-jennifer-bradley,Staff Spotlight: Jennifer Bradley | Clearview Library,moderate,landmark-complementary-is-top-level,Ensure the complementary landmark or aside is at top level,Aside should not be contained in another landmark,https://dequeuniversity.com/rules/axe/4.10/landmark-complementary-is-top-level?application=axeAPI,"<aside class=""sidebar"">"
329,https://clearviewlibrary.org/about-us/learn-more/news/pioneer-woman-cooks-super-easy-ree-drummond,The Pioneer Woman Cooks: Super Easy! by Ree Drummond | Clearview Library,moderate,landmark-complementary-is-top-level,Ensure the complementary landmark or aside is at top level,Aside should not be contained in another landmark,https://dequeuniversity.com/rules/axe/4.10/landmark-complementary-is-top-level?application=axeAPI,"<aside class=""sidebar"">"
330,https://clearviewlibrary.org/about-us/learn-more/news/request-proposal-network-services-and-hardware-0,Request for Proposal for Network Services and Hardware | Clearview Library,moderate,heading-order,Ensure the order of headings is semantically correct,Heading levels should only increase by one,https://dequeuniversity.com/rules/axe/4.10/heading-order?application=axeAPI,<h3>Project and General Information</h3>
330,https://clearviewlibrary.org/about-us/learn-more/news/request-proposal-network-services-and-hardware-0,Request for Proposal for Network Services and Hardware | Clearview Library,moderate,landmark-complementary-is-top-level,Ensure the complementary landmark or aside is at top level,Aside should not be contained in another landmark,https://dequeuniversity.com/rules/axe/4.10/landmark-complementary-is-top-level?application=axeAPI,"<aside class=""sidebar"">"
331,https://clearviewlibrary.org/about-us/learn-more/news/staff-spotlight-sarah-willenbrecht,Staff Spotlight: Sarah Willenbrecht | Clearview Library,moderate,landmark-complementary-is-top-level,Ensure the complementary landmark or aside is at top level,Aside should not be contained in another landmark,https://dequeuniversity.com/rules/axe/4.10/landmark-complementary-is-top-level?application=axeAPI,"<aside class=""sidebar"">"
332,https://clearviewlibrary.org/about-us/learn-more/news/cookbook-nook-korean-vegan-cookbook-joanne-lee-molinaro,The Cookbook Nook: The Korean Vegan Cookbook by Joanne Lee Molinaro | Clearview Library,moderate,landmark-complementary-is-top-level,Ensure the complementary landmark or aside is at top level,Aside should not be contained in another landmark,https://dequeuniversity.com/rules/axe/4.10/landmark-complementary-is-top-level?application=axeAPI,"<aside class=""sidebar"">"
333,https://clearviewlibrary.org/about-us/learn-more/news/cookbook-nook-dories-cookies,The Cookbook Nook: Dorie's Cookies | Clearview Library,moderate,landmark-complementary-is-top-level,Ensure the complementary landmark or aside is at top level,Aside should not be contained in another landmark,https://dequeuniversity.com/rules/axe/4.10/landmark-complementary-is-top-level?application=axeAPI,"<aside class=""sidebar"">"
334,https://clearviewlibrary.org/about-us/learn-more/news/staff-spotlight-tyler-mooney,Staff Spotlight: Tyler Mooney | Clearview Library,moderate,landmark-complementary-is-top-level,Ensure the complementary landmark or aside is at top level,Aside should not be contained in another landmark,https://dequeuniversity.com/rules/axe/4.10/landmark-complementary-is-top-level?application=axeAPI,"<aside class=""sidebar"">"
335,https://clearviewlibrary.org/about-us/learn-more/news/staff-spotlight-becca-sharp,Staff Spotlight: Becca Sharp | Clearview Library,moderate,landmark-complementary-is-top-level,Ensure the complementary landmark or aside is at top level,Aside should not be contained in another landmark,https://dequeuniversity.com/rules/axe/4.10/landmark-complementary-is-top-level?application=axeAPI,"<aside class=""sidebar"">"
336,https://clearviewlibrary.org/about-us/learn-more/news/cookbook-nook-half-baked-harvest-every-day,Cookbook Nook: Half Baked Harvest: Every Day | Clearview Library,moderate,landmark-complementary-is-top-level,Ensure the complementary landmark or aside is at top level,Aside should not be contained in another landmark,https://dequeuniversity.com/rules/axe/4.10/landmark-complementary-is-top-level?application=axeAPI,"<aside class=""sidebar"">"
337,https://clearviewlibrary.org/about-us/learn-more/news/staff-spotlight-kaytlen-kidney,Staff Spotlight: Kaytlen Kidney | Clearview Library,moderate,landmark-complementary-is-top-level,Ensure the complementary landmark or aside is at top level,Aside should not be contained in another landmark,https://dequeuniversity.com/rules/axe/4.10/landmark-complementary-is-top-level?application=axeAPI,"<aside class=""sidebar"">"
338,https://clearviewlibrary.org/about-us/learn-more/news/staff-spotlight-casey-lansinger-pierce,Staff Spotlight: Casey Lansinger-Pierce | Clearview Library,moderate,landmark-complementary-is-top-level,Ensure the complementary landmark or aside is at top level,Aside should not be contained in another landmark,https://dequeuniversity.com/rules/axe/4.10/landmark-complementary-is-top-level?application=axeAPI,"<aside class=""sidebar"">"
339,https://clearviewlibrary.org/about-us/learn-more/news/staff-spotlight-beth-fransen,Staff Spotlight: Beth Fransen | Clearview Library,moderate,landmark-complementary-is-top-level,Ensure the complementary landmark or aside is at top level,Aside should not be contained in another landmark,https://dequeuniversity.com/rules/axe/4.10/landmark-complementary-is-top-level?application=axeAPI,"<aside class=""sidebar"">"
340,https://clearviewlibrary.org/about-us/learn-more/news/staff-spotlight-christine-henschler,Staff Spotlight: Christine Henschler | Clearview Library,moderate,landmark-complementary-is-top-level,Ensure the complementary landmark or aside is at top level,Aside should not be contained in another landmark,https://dequeuniversity.com/rules/axe/4.10/landmark-complementary-is-top-level?application=axeAPI,"<aside class=""sidebar"">"
341,https://clearviewlibrary.org/about-us/learn-more/news/severance-library-branch,Severance Library Branch | Clearview Library,moderate,landmark-complementary-is-top-level,Ensure the complementary landmark or aside is at top level,Aside should not be contained in another landmark,https://dequeuniversity.com/rules/axe/4.10/landmark-complementary-is-top-level?application=axeAPI,"<aside class=""sidebar"">"
342,https://clearviewlibrary.org/about-us/learn-more/news/staff-spotlight-diana-hyland,Staff Spotlight: Diana Hyland | Clearview Library,moderate,landmark-complementary-is-top-level,Ensure the complementary landmark or aside is at top level,Aside should not be contained in another landmark,https://dequeuniversity.com/rules/axe/4.10/landmark-complementary-is-top-level?application=axeAPI,"<aside class=""sidebar"">"
343,https://clearviewlibrary.org/about-us/learn-more/news/staff-spotlight-aydan-tufton,Staff Spotlight: Aydan Tufton | Clearview Library,moderate,landmark-complementary-is-top-level,Ensure the complementary landmark or aside is at top level,Aside should not be contained in another landmark,https://dequeuniversity.com/rules/axe/4.10/landmark-complementary-is-top-level?application=axeAPI,"<aside class=""sidebar"">"
344,https://clearviewlibrary.org/about-us/learn-more/news/request-proposal-network-services-and-hardware,Request for Proposal for Network Services and Hardware | Clearview Library,moderate,landmark-complementary-is-top-level,Ensure the complementary landmark or aside is at top level,Aside should not be contained in another landmark,https://dequeuniversity.com/rules/axe/4.10/landmark-complementary-is-top-level?application=axeAPI,"<aside class=""sidebar"">"
345,https://clearviewlibrary.org/about-us/learn-more/news/staff-spotlight-asa-kennison,Staff Spotlight: Asa Kennison | Clearview Library,moderate,landmark-complementary-is-top-level,Ensure the complementary landmark or aside is at top level,Aside should not be contained in another landmark,https://dequeuniversity.com/rules/axe/4.10/landmark-complementary-is-top-level?application=axeAPI,"<aside class=""sidebar"">"
346,https://clearviewlibrary.org/about-us/learn-more/news/staff-spotlight-jesse-feavel,Staff Spotlight: Jesse Feavel | Clearview Library,moderate,landmark-complementary-is-top-level,Ensure the complementary landmark or aside is at top level,Aside should not be contained in another landmark,https://dequeuniversity.com/rules/axe/4.10/landmark-complementary-is-top-level?application=axeAPI,"<aside class=""sidebar"">"
347,https://clearviewlibrary.org/about-us/learn-more/news/library-and-school-district-partner-bring-e-books-students,Library and School District Partner to Bring e-Books to Students | Clearview Library,moderate,landmark-complementary-is-top-level,Ensure the complementary landmark or aside is at top level,Aside should not be contained in another landmark,https://dequeuniversity.com/rules/axe/4.10/landmark-complementary-is-top-level?application=axeAPI,"<aside class=""sidebar"">"
348,https://clearviewlibrary.org/about-us/learn-more/news/staff-spotlight-rebecca-robbins,Staff Spotlight: Rebecca Robbins | Clearview Library,moderate,landmark-complementary-is-top-level,Ensure the complementary landmark or aside is at top level,Aside should not be contained in another landmark,https://dequeuniversity.com/rules/axe/4.10/landmark-complementary-is-top-level?application=axeAPI,"<aside class=""sidebar"">"
35,https://clearviewlibrary.org/educator-card,Educator Card | Clearview Library,moderate,heading-order,Ensure the order of headings is semantically correct,Heading levels should only increase by one,https://dequeuniversity.com/rules/axe/4.10/heading-order?application=axeAPI,<h3>Features of Your Educator Card</h3>
350,https://clearviewlibrary.org/borrow-research/books-movies-more/suggest-purchase,Access denied | Clearview Library,moderate,page-has-heading-one,"Ensure that the page, or at least one of its frames contains a level-one heading",Page should contain a level-one heading,https://dequeuniversity.com/rules/axe/4.10/page-has-heading-one?application=axeAPI,"<html lang=""en"" dir=""ltr"" prefix=""content: http://purl.org/rss/1.0/modules/content/  dc: http://purl.org/dc/terms/  foaf: http://xmlns.com/foaf/0.1/  og: http://ogp.me/ns#  rdfs: http://www.w3.org/2000/01/rdf-schema#  schema: http://schema.org/  sioc: http://rdfs.org/sioc/ns#  sioct: http://rdfs.org/sioc/types#  skos: http://www.w3.org/2004/02/skos/core#  xsd: http://www.w3.org/2001/XMLSchema# "" class="" js"">"
351,https://clearviewlibrary.org/about-us/learn-more/policies-faqs/request-public-records,Request Public Records | Clearview Library,moderate,heading-order,Ensure the order of headings is semantically correct,Heading levels should only increase by one,https://dequeuniversity.com/rules/axe/4.10/heading-order?application=axeAPI,<h4><span><span><span><span><span>Copies</span></span></span></span></span></h4>
352,https://clearviewlibrary.org/media/386/edit,Access denied | Clearview Library,moderate,page-has-heading-one,"Ensure that the page, or at least one of its frames contains a level-one heading",Page should contain a level-one heading,https://dequeuniversity.com/rules/axe/4.10/page-has-heading-one?application=axeAPI,"<html lang=""en"" dir=""ltr"" prefix=""content: http://purl.org/rss/1.0/modules/content/  dc: http://purl.org/dc/terms/  foaf: http://xmlns.com/foaf/0.1/  og: http://ogp.me/ns#  rdfs: http://www.w3.org/2000/01/rdf-schema#  schema: http://schema.org/  sioc: http://rdfs.org/sioc/ns#  sioct: http://rdfs.org/sioc/types#  skos: http://www.w3.org/2004/02/skos/core#  xsd: http://www.w3.org/2001/XMLSchema# "" class="" js"">"
353,https://clearviewlibrary.org/media/377/edit,Access denied | Clearview Library,moderate,page-has-heading-one,"Ensure that the page, or at least one of its frames contains a level-one heading",Page should contain a level-one heading,https://dequeuniversity.com/rules/axe/4.10/page-has-heading-one?application=axeAPI,"<html lang=""en"" dir=""ltr"" prefix=""content: http://purl.org/rss/1.0/modules/content/  dc: http://purl.org/dc/terms/  foaf: http://xmlns.com/foaf/0.1/  og: http://ogp.me/ns#  rdfs: http://www.w3.org/2000/01/rdf-schema#  schema: http://schema.org/  sioc: http://rdfs.org/sioc/ns#  sioct: http://rdfs.org/sioc/types#  skos: http://www.w3.org/2004/02/skos/core#  xsd: http://www.w3.org/2001/XMLSchema# "" class="" js"">"
354,https://clearviewlibrary.org/media/365/edit,Access denied | Clearview Library,moderate,page-has-heading-one,"Ensure that the page, or at least one of its frames contains a level-one heading",Page should contain a level-one heading,https://dequeuniversity.com/rules/axe/4.10/page-has-heading-one?application=axeAPI,"<html lang=""en"" dir=""ltr"" prefix=""content: http://purl.org/rss/1.0/modules/content/  dc: http://purl.org/dc/terms/  foaf: http://xmlns.com/foaf/0.1/  og: http://ogp.me/ns#  rdfs: http://www.w3.org/2000/01/rdf-schema#  schema: http://schema.org/  sioc: http://rdfs.org/sioc/ns#  sioct: http://rdfs.org/sioc/types#  skos: http://www.w3.org/2004/02/skos/core#  xsd: http://www.w3.org/2001/XMLSchema# "" class="" js"">"
355,https://clearviewlibrary.org/media/349/edit,Access denied | Clearview Library,moderate,page-has-heading-one,"Ensure that the page, or at least one of its frames contains a level-one heading",Page should contain a level-one heading,https://dequeuniversity.com/rules/axe/4.10/page-has-heading-one?application=axeAPI,"<html lang=""en"" dir=""ltr"" prefix=""content: http://purl.org/rss/1.0/modules/content/  dc: http://purl.org/dc/terms/  foaf: http://xmlns.com/foaf/0.1/  og: http://ogp.me/ns#  rdfs: http://www.w3.org/2000/01/rdf-schema#  schema: http://schema.org/  sioc: http://rdfs.org/sioc/ns#  sioct: http://rdfs.org/sioc/types#  skos: http://www.w3.org/2004/02/skos/core#  xsd: http://www.w3.org/2001/XMLSchema# "" class="" js"">"
356,https://clearviewlibrary.org/media/328/edit,Access denied | Clearview Library,moderate,page-has-heading-one,"Ensure that the page, or at least one of its frames contains a level-one heading",Page should contain a level-one heading,https://dequeuniversity.com/rules/axe/4.10/page-has-heading-one?application=axeAPI,"<html lang=""en"" dir=""ltr"" prefix=""content: http://purl.org/rss/1.0/modules/content/  dc: http://purl.org/dc/terms/  foaf: http://xmlns.com/foaf/0.1/  og: http://ogp.me/ns#  rdfs: http://www.w3.org/2000/01/rdf-schema#  schema: http://schema.org/  sioc: http://rdfs.org/sioc/ns#  sioct: http://rdfs.org/sioc/types#  skos: http://www.w3.org/2004/02/skos/core#  xsd: http://www.w3.org/2001/XMLSchema# "" class="" js"">"
357,https://clearviewlibrary.org/media/308/edit,Access denied | Clearview Library,moderate,page-has-heading-one,"Ensure that the page, or at least one of its frames contains a level-one heading",Page should contain a level-one heading,https://dequeuniversity.com/rules/axe/4.10/page-has-heading-one?application=axeAPI,"<html lang=""en"" dir=""ltr"" prefix=""content: http://purl.org/rss/1.0/modules/content/  dc: http://purl.org/dc/terms/  foaf: http://xmlns.com/foaf/0.1/  og: http://ogp.me/ns#  rdfs: http://www.w3.org/2000/01/rdf-schema#  schema: http://schema.org/  sioc: http://rdfs.org/sioc/ns#  sioct: http://rdfs.org/sioc/types#  skos: http://www.w3.org/2004/02/skos/core#  xsd: http://www.w3.org/2001/XMLSchema# "" class="" js"">"
358,https://clearviewlibrary.org/media/294/edit,Access denied | Clearview Library,moderate,page-has-heading-one,"Ensure that the page, or at least one of its frames contains a level-one heading",Page should contain a level-one heading,https://dequeuniversity.com/rules/axe/4.10/page-has-heading-one?application=axeAPI,"<html lang=""en"" dir=""ltr"" prefix=""content: http://purl.org/rss/1.0/modules/content/  dc: http://purl.org/dc/terms/  foaf: http://xmlns.com/foaf/0.1/  og: http://ogp.me/ns#  rdfs: http://www.w3.org/2000/01/rdf-schema#  schema: http://schema.org/  sioc: http://rdfs.org/sioc/ns#  sioct: http://rdfs.org/sioc/types#  skos: http://www.w3.org/2004/02/skos/core#  xsd: http://www.w3.org/2001/XMLSchema# "" class="" js"">"
359,https://clearviewlibrary.org/media/284/edit,Access denied | Clearview Library,moderate,page-has-heading-one,"Ensure that the page, or at least one of its frames contains a level-one heading",Page should contain a level-one heading,https://dequeuniversity.com/rules/axe/4.10/page-has-heading-one?application=axeAPI,"<html lang=""en"" dir=""ltr"" prefix=""content: http://purl.org/rss/1.0/modules/content/  dc: http://purl.org/dc/terms/  foaf: http://xmlns.com/foaf/0.1/  og: http://ogp.me/ns#  rdfs: http://www.w3.org/2000/01/rdf-schema#  schema: http://schema.org/  sioc: http://rdfs.org/sioc/ns#  sioct: http://rdfs.org/sioc/types#  skos: http://www.w3.org/2004/02/skos/core#  xsd: http://www.w3.org/2001/XMLSchema# "" class="" js"">"
36,https://clearviewlibrary.org/about-us,About Us | Clearview Library,moderate,heading-order,Ensure the order of headings is semantically correct,Heading levels should only increase by one,https://dequeuniversity.com/rules/axe/4.10/heading-order?application=axeAPI,"<h4 class=""node-title"">"
360,https://clearviewlibrary.org/media/267/edit,Access denied | Clearview Library,moderate,page-has-heading-one,"Ensure that the page, or at least one of its frames contains a level-one heading",Page should contain a level-one heading,https://dequeuniversity.com/rules/axe/4.10/page-has-heading-one?application=axeAPI,"<html lang=""en"" dir=""ltr"" prefix=""content: http://purl.org/rss/1.0/modules/content/  dc: http://purl.org/dc/terms/  foaf: http://xmlns.com/foaf/0.1/  og: http://ogp.me/ns#  rdfs: http://www.w3.org/2000/01/rdf-schema#  schema: http://schema.org/  sioc: http://rdfs.org/sioc/ns#  sioct: http://rdfs.org/sioc/types#  skos: http://www.w3.org/2004/02/skos/core#  xsd: http://www.w3.org/2001/XMLSchema# "" class="" js"">"
361,https://clearviewlibrary.org/media/362/edit,Access denied | Clearview Library,moderate,page-has-heading-one,"Ensure that the page, or at least one of its frames contains a level-one heading",Page should contain a level-one heading,https://dequeuniversity.com/rules/axe/4.10/page-has-heading-one?application=axeAPI,"<html lang=""en"" dir=""ltr"" prefix=""content: http://purl.org/rss/1.0/modules/content/  dc: http://purl.org/dc/terms/  foaf: http://xmlns.com/foaf/0.1/  og: http://ogp.me/ns#  rdfs: http://www.w3.org/2000/01/rdf-schema#  schema: http://schema.org/  sioc: http://rdfs.org/sioc/ns#  sioct: http://rdfs.org/sioc/types#  skos: http://www.w3.org/2004/02/skos/core#  xsd: http://www.w3.org/2001/XMLSchema# "" class="" js"">"
362,https://clearviewlibrary.org/media/350/edit,Access denied | Clearview Library,moderate,page-has-heading-one,"Ensure that the page, or at least one of its frames contains a level-one heading",Page should contain a level-one heading,https://dequeuniversity.com/rules/axe/4.10/page-has-heading-one?application=axeAPI,"<html lang=""en"" dir=""ltr"" prefix=""content: http://purl.org/rss/1.0/modules/content/  dc: http://purl.org/dc/terms/  foaf: http://xmlns.com/foaf/0.1/  og: http://ogp.me/ns#  rdfs: http://www.w3.org/2000/01/rdf-schema#  schema: http://schema.org/  sioc: http://rdfs.org/sioc/ns#  sioct: http://rdfs.org/sioc/types#  skos: http://www.w3.org/2004/02/skos/core#  xsd: http://www.w3.org/2001/XMLSchema# "" class="" js"">"
363,https://clearviewlibrary.org/media/338/edit,Access denied | Clearview Library,moderate,page-has-heading-one,"Ensure that the page, or at least one of its frames contains a level-one heading",Page should contain a level-one heading,https://dequeuniversity.com/rules/axe/4.10/page-has-heading-one?application=axeAPI,"<html lang=""en"" dir=""ltr"" prefix=""content: http://purl.org/rss/1.0/modules/content/  dc: http://purl.org/dc/terms/  foaf: http://xmlns.com/foaf/0.1/  og: http://ogp.me/ns#  rdfs: http://www.w3.org/2000/01/rdf-schema#  schema: http://schema.org/  sioc: http://rdfs.org/sioc/ns#  sioct: http://rdfs.org/sioc/types#  skos: http://www.w3.org/2004/02/skos/core#  xsd: http://www.w3.org/2001/XMLSchema# "" class="" js"">"
364,https://clearviewlibrary.org/media/324/edit,Access denied | Clearview Library,moderate,page-has-heading-one,"Ensure that the page, or at least one of its frames contains a level-one heading",Page should contain a level-one heading,https://dequeuniversity.com/rules/axe/4.10/page-has-heading-one?application=axeAPI,"<html lang=""en"" dir=""ltr"" prefix=""content: http://purl.org/rss/1.0/modules/content/  dc: http://purl.org/dc/terms/  foaf: http://xmlns.com/foaf/0.1/  og: http://ogp.me/ns#  rdfs: http://www.w3.org/2000/01/rdf-schema#  schema: http://schema.org/  sioc: http://rdfs.org/sioc/ns#  sioct: http://rdfs.org/sioc/types#  skos: http://www.w3.org/2004/02/skos/core#  xsd: http://www.w3.org/2001/XMLSchema# "" class="" js"">"
365,https://clearviewlibrary.org/media/310/edit,Access denied | Clearview Library,moderate,page-has-heading-one,"Ensure that the page, or at least one of its frames contains a level-one heading",Page should contain a level-one heading,https://dequeuniversity.com/rules/axe/4.10/page-has-heading-one?application=axeAPI,"<html lang=""en"" dir=""ltr"" prefix=""content: http://purl.org/rss/1.0/modules/content/  dc: http://purl.org/dc/terms/  foaf: http://xmlns.com/foaf/0.1/  og: http://ogp.me/ns#  rdfs: http://www.w3.org/2000/01/rdf-schema#  schema: http://schema.org/  sioc: http://rdfs.org/sioc/ns#  sioct: http://rdfs.org/sioc/types#  skos: http://www.w3.org/2004/02/skos/core#  xsd: http://www.w3.org/2001/XMLSchema# "" class="" js"">"
366,https://clearviewlibrary.org/media/269/edit,Access denied | Clearview Library,moderate,page-has-heading-one,"Ensure that the page, or at least one of its frames contains a level-one heading",Page should contain a level-one heading,https://dequeuniversity.com/rules/axe/4.10/page-has-heading-one?application=axeAPI,"<html lang=""en"" dir=""ltr"" prefix=""content: http://purl.org/rss/1.0/modules/content/  dc: http://purl.org/dc/terms/  foaf: http://xmlns.com/foaf/0.1/  og: http://ogp.me/ns#  rdfs: http://www.w3.org/2000/01/rdf-schema#  schema: http://schema.org/  sioc: http://rdfs.org/sioc/ns#  sioct: http://rdfs.org/sioc/types#  skos: http://www.w3.org/2004/02/skos/core#  xsd: http://www.w3.org/2001/XMLSchema# "" class="" js"">"
367,https://clearviewlibrary.org/media/265/edit,Access denied | Clearview Library,moderate,page-has-heading-one,"Ensure that the page, or at least one of its frames contains a level-one heading",Page should contain a level-one heading,https://dequeuniversity.com/rules/axe/4.10/page-has-heading-one?application=axeAPI,"<html lang=""en"" dir=""ltr"" prefix=""content: http://purl.org/rss/1.0/modules/content/  dc: http://purl.org/dc/terms/  foaf: http://xmlns.com/foaf/0.1/  og: http://ogp.me/ns#  rdfs: http://www.w3.org/2000/01/rdf-schema#  schema: http://schema.org/  sioc: http://rdfs.org/sioc/ns#  sioct: http://rdfs.org/sioc/types#  skos: http://www.w3.org/2004/02/skos/core#  xsd: http://www.w3.org/2001/XMLSchema# "" class="" js"">"
368,https://clearviewlibrary.org/media/255/edit,Access denied | Clearview Library,moderate,page-has-heading-one,"Ensure that the page, or at least one of its frames contains a level-one heading",Page should contain a level-one heading,https://dequeuniversity.com/rules/axe/4.10/page-has-heading-one?application=axeAPI,"<html lang=""en"" dir=""ltr"" prefix=""content: http://purl.org/rss/1.0/modules/content/  dc: http://purl.org/dc/terms/  foaf: http://xmlns.com/foaf/0.1/  og: http://ogp.me/ns#  rdfs: http://www.w3.org/2000/01/rdf-schema#  schema: http://schema.org/  sioc: http://rdfs.org/sioc/ns#  sioct: http://rdfs.org/sioc/types#  skos: http://www.w3.org/2004/02/skos/core#  xsd: http://www.w3.org/2001/XMLSchema# "" class="" js"">"
369,https://clearviewlibrary.org/media/250/edit,Access denied | Clearview Library,moderate,page-has-heading-one,"Ensure that the page, or at least one of its frames contains a level-one heading",Page should contain a level-one heading,https://dequeuniversity.com/rules/axe/4.10/page-has-heading-one?application=axeAPI,"<html lang=""en"" dir=""ltr"" prefix=""content: http://purl.org/rss/1.0/modules/content/  dc: http://purl.org/dc/terms/  foaf: http://xmlns.com/foaf/0.1/  og: http://ogp.me/ns#  rdfs: http://www.w3.org/2000/01/rdf-schema#  schema: http://schema.org/  sioc: http://rdfs.org/sioc/ns#  sioct: http://rdfs.org/sioc/types#  skos: http://www.w3.org/2004/02/skos/core#  xsd: http://www.w3.org/2001/XMLSchema# "" class="" js"">"
370,https://clearviewlibrary.org/media/246/edit,Access denied | Clearview Library,moderate,page-has-heading-one,"Ensure that the page, or at least one of its frames contains a level-one heading",Page should contain a level-one heading,https://dequeuniversity.com/rules/axe/4.10/page-has-heading-one?application=axeAPI,"<html lang=""en"" dir=""ltr"" prefix=""content: http://purl.org/rss/1.0/modules/content/  dc: http://purl.org/dc/terms/  foaf: http://xmlns.com/foaf/0.1/  og: http://ogp.me/ns#  rdfs: http://www.w3.org/2000/01/rdf-schema#  schema: http://schema.org/  sioc: http://rdfs.org/sioc/ns#  sioct: http://rdfs.org/sioc/types#  skos: http://www.w3.org/2004/02/skos/core#  xsd: http://www.w3.org/2001/XMLSchema# "" class="" js"">"
371,https://clearviewlibrary.org/media/378/edit,Access denied | Clearview Library,moderate,page-has-heading-one,"Ensure that the page, or at least one of its frames contains a level-one heading",Page should contain a level-one heading,https://dequeuniversity.com/rules/axe/4.10/page-has-heading-one?application=axeAPI,"<html lang=""en"" dir=""ltr"" prefix=""content: http://purl.org/rss/1.0/modules/content/  dc: http://purl.org/dc/terms/  foaf: http://xmlns.com/foaf/0.1/  og: http://ogp.me/ns#  rdfs: http://www.w3.org/2000/01/rdf-schema#  schema: http://schema.org/  sioc: http://rdfs.org/sioc/ns#  sioct: http://rdfs.org/sioc/types#  skos: http://www.w3.org/2004/02/skos/core#  xsd: http://www.w3.org/2001/XMLSchema# "" class="" js"">"
372,https://clearviewlibrary.org/media/363/edit,Access denied | Clearview Library,moderate,page-has-heading-one,"Ensure that the page, or at least one of its frames contains a level-one heading",Page should contain a level-one heading,https://dequeuniversity.com/rules/axe/4.10/page-has-heading-one?application=axeAPI,"<html lang=""en"" dir=""ltr"" prefix=""content: http://purl.org/rss/1.0/modules/content/  dc: http://purl.org/dc/terms/  foaf: http://xmlns.com/foaf/0.1/  og: http://ogp.me/ns#  rdfs: http://www.w3.org/2000/01/rdf-schema#  schema: http://schema.org/  sioc: http://rdfs.org/sioc/ns#  sioct: http://rdfs.org/sioc/types#  skos: http://www.w3.org/2004/02/skos/core#  xsd: http://www.w3.org/2001/XMLSchema# "" class="" js"">"
373,https://clearviewlibrary.org/media/359/edit,Access denied | Clearview Library,moderate,page-has-heading-one,"Ensure that the page, or at least one of its frames contains a level-one heading",Page should contain a level-one heading,https://dequeuniversity.com/rules/axe/4.10/page-has-heading-one?application=axeAPI,"<html lang=""en"" dir=""ltr"" prefix=""content: http://purl.org/rss/1.0/modules/content/  dc: http://purl.org/dc/terms/  foaf: http://xmlns.com/foaf/0.1/  og: http://ogp.me/ns#  rdfs: http://www.w3.org/2000/01/rdf-schema#  schema: http://schema.org/  sioc: http://rdfs.org/sioc/ns#  sioct: http://rdfs.org/sioc/types#  skos: http://www.w3.org/2004/02/skos/core#  xsd: http://www.w3.org/2001/XMLSchema# "" class="" js"">"
374,https://clearviewlibrary.org/media/358/edit,Access denied | Clearview Library,moderate,page-has-heading-one,"Ensure that the page, or at least one of its frames contains a level-one heading",Page should contain a level-one heading,https://dequeuniversity.com/rules/axe/4.10/page-has-heading-one?application=axeAPI,"<html lang=""en"" dir=""ltr"" prefix=""content: http://purl.org/rss/1.0/modules/content/  dc: http://purl.org/dc/terms/  foaf: http://xmlns.com/foaf/0.1/  og: http://ogp.me/ns#  rdfs: http://www.w3.org/2000/01/rdf-schema#  schema: http://schema.org/  sioc: http://rdfs.org/sioc/ns#  sioct: http://rdfs.org/sioc/types#  skos: http://www.w3.org/2004/02/skos/core#  xsd: http://www.w3.org/2001/XMLSchema# "" class="" js"">"
375,https://clearviewlibrary.org/media/335/edit,Access denied | Clearview Library,moderate,page-has-heading-one,"Ensure that the page, or at least one of its frames contains a level-one heading",Page should contain a level-one heading,https://dequeuniversity.com/rules/axe/4.10/page-has-heading-one?application=axeAPI,"<html lang=""en"" dir=""ltr"" prefix=""content: http://purl.org/rss/1.0/modules/content/  dc: http://purl.org/dc/terms/  foaf: http://xmlns.com/foaf/0.1/  og: http://ogp.me/ns#  rdfs: http://www.w3.org/2000/01/rdf-schema#  schema: http://schema.org/  sioc: http://rdfs.org/sioc/ns#  sioct: http://rdfs.org/sioc/types#  skos: http://www.w3.org/2004/02/skos/core#  xsd: http://www.w3.org/2001/XMLSchema# "" class="" js"">"
376,https://clearviewlibrary.org/media/339/edit,Access denied | Clearview Library,moderate,page-has-heading-one,"Ensure that the page, or at least one of its frames contains a level-one heading",Page should contain a level-one heading,https://dequeuniversity.com/rules/axe/4.10/page-has-heading-one?application=axeAPI,"<html lang=""en"" dir=""ltr"" prefix=""content: http://purl.org/rss/1.0/modules/content/  dc: http://purl.org/dc/terms/  foaf: http://xmlns.com/foaf/0.1/  og: http://ogp.me/ns#  rdfs: http://www.w3.org/2000/01/rdf-schema#  schema: http://schema.org/  sioc: http://rdfs.org/sioc/ns#  sioct: http://rdfs.org/sioc/types#  skos: http://www.w3.org/2004/02/skos/core#  xsd: http://www.w3.org/2001/XMLSchema# "" class="" js"">"
377,https://clearviewlibrary.org/media/317/edit,Access denied | Clearview Library,moderate,page-has-heading-one,"Ensure that the page, or at least one of its frames contains a level-one heading",Page should contain a level-one heading,https://dequeuniversity.com/rules/axe/4.10/page-has-heading-one?application=axeAPI,"<html lang=""en"" dir=""ltr"" prefix=""content: http://purl.org/rss/1.0/modules/content/  dc: http://purl.org/dc/terms/  foaf: http://xmlns.com/foaf/0.1/  og: http://ogp.me/ns#  rdfs: http://www.w3.org/2000/01/rdf-schema#  schema: http://schema.org/  sioc: http://rdfs.org/sioc/ns#  sioct: http://rdfs.org/sioc/types#  skos: http://www.w3.org/2004/02/skos/core#  xsd: http://www.w3.org/2001/XMLSchema# "" class="" js"">"
378,https://clearviewlibrary.org/media/382/edit,Access denied | Clearview Library,moderate,page-has-heading-one,"Ensure that the page, or at least one of its frames contains a level-one heading",Page should contain a level-one heading,https://dequeuniversity.com/rules/axe/4.10/page-has-heading-one?application=axeAPI,"<html lang=""en"" dir=""ltr"" prefix=""content: http://purl.org/rss/1.0/modules/content/  dc: http://purl.org/dc/terms/  foaf: http://xmlns.com/foaf/0.1/  og: http://ogp.me/ns#  rdfs: http://www.w3.org/2000/01/rdf-schema#  schema: http://schema.org/  sioc: http://rdfs.org/sioc/ns#  sioct: http://rdfs.org/sioc/types#  skos: http://www.w3.org/2004/02/skos/core#  xsd: http://www.w3.org/2001/XMLSchema# "" class="" js"">"
379,https://clearviewlibrary.org/media/307/edit,Access denied | Clearview Library,moderate,page-has-heading-one,"Ensure that the page, or at least one of its frames contains a level-one heading",Page should contain a level-one heading,https://dequeuniversity.com/rules/axe/4.10/page-has-heading-one?application=axeAPI,"<html lang=""en"" dir=""ltr"" prefix=""content: http://purl.org/rss/1.0/modules/content/  dc: http://purl.org/dc/terms/  foaf: http://xmlns.com/foaf/0.1/  og: http://ogp.me/ns#  rdfs: http://www.w3.org/2000/01/rdf-schema#  schema: http://schema.org/  sioc: http://rdfs.org/sioc/ns#  sioct: http://rdfs.org/sioc/types#  skos: http://www.w3.org/2004/02/skos/core#  xsd: http://www.w3.org/2001/XMLSchema# "" class="" js"">"
38,https://clearviewlibrary.org/about-us/learn-more/news,News | Clearview Library,moderate,heading-order,Ensure the order of headings is semantically correct,Heading levels should only increase by one,https://dequeuniversity.com/rules/axe/4.10/heading-order?application=axeAPI,"<h4 class=""node-title"">
            <a href=""/about-us/learn-more/news/art-library-july-2025"" rel=""bookmark""><span property=""schema:name"" class=""field field--name-title field--type-string field--label-hidden"">Art in the Library - July 2025</span>
</a>
        </h4>"
380,https://clearviewlibrary.org/media/279/edit,Access denied | Clearview Library,moderate,page-has-heading-one,"Ensure that the page, or at least one of its frames contains a level-one heading",Page should contain a level-one heading,https://dequeuniversity.com/rules/axe/4.10/page-has-heading-one?application=axeAPI,"<html lang=""en"" dir=""ltr"" prefix=""content: http://purl.org/rss/1.0/modules/content/  dc: http://purl.org/dc/terms/  foaf: http://xmlns.com/foaf/0.1/  og: http://ogp.me/ns#  rdfs: http://www.w3.org/2000/01/rdf-schema#  schema: http://schema.org/  sioc: http://rdfs.org/sioc/ns#  sioct: http://rdfs.org/sioc/types#  skos: http://www.w3.org/2004/02/skos/core#  xsd: http://www.w3.org/2001/XMLSchema# "" class="" js"">"
381,https://clearviewlibrary.org/media/260/edit,Access denied | Clearview Library,moderate,page-has-heading-one,"Ensure that the page, or at least one of its frames contains a level-one heading",Page should contain a level-one heading,https://dequeuniversity.com/rules/axe/4.10/page-has-heading-one?application=axeAPI,"<html lang=""en"" dir=""ltr"" prefix=""content: http://purl.org/rss/1.0/modules/content/  dc: http://purl.org/dc/terms/  foaf: http://xmlns.com/foaf/0.1/  og: http://ogp.me/ns#  rdfs: http://www.w3.org/2000/01/rdf-schema#  schema: http://schema.org/  sioc: http://rdfs.org/sioc/ns#  sioct: http://rdfs.org/sioc/types#  skos: http://www.w3.org/2004/02/skos/core#  xsd: http://www.w3.org/2001/XMLSchema# "" class="" js"">"
382,https://clearviewlibrary.org/media/245/edit,Access denied | Clearview Library,moderate,page-has-heading-one,"Ensure that the page, or at least one of its frames contains a level-one heading",Page should contain a level-one heading,https://dequeuniversity.com/rules/axe/4.10/page-has-heading-one?application=axeAPI,"<html lang=""en"" dir=""ltr"" prefix=""content: http://purl.org/rss/1.0/modules/content/  dc: http://purl.org/dc/terms/  foaf: http://xmlns.com/foaf/0.1/  og: http://ogp.me/ns#  rdfs: http://www.w3.org/2000/01/rdf-schema#  schema: http://schema.org/  sioc: http://rdfs.org/sioc/ns#  sioct: http://rdfs.org/sioc/types#  skos: http://www.w3.org/2004/02/skos/core#  xsd: http://www.w3.org/2001/XMLSchema# "" class="" js"">"
383,https://clearviewlibrary.org/media/34/edit,Access denied | Clearview Library,moderate,page-has-heading-one,"Ensure that the page, or at least one of its frames contains a level-one heading",Page should contain a level-one heading,https://dequeuniversity.com/rules/axe/4.10/page-has-heading-one?application=axeAPI,"<html lang=""en"" dir=""ltr"" prefix=""content: http://purl.org/rss/1.0/modules/content/  dc: http://purl.org/dc/terms/  foaf: http://xmlns.com/foaf/0.1/  og: http://ogp.me/ns#  rdfs: http://www.w3.org/2000/01/rdf-schema#  schema: http://schema.org/  sioc: http://rdfs.org/sioc/ns#  sioct: http://rdfs.org/sioc/types#  skos: http://www.w3.org/2004/02/skos/core#  xsd: http://www.w3.org/2001/XMLSchema# "" class="" js"">"
389,https://clearviewlibrary.org/media/306/edit,Access denied | Clearview Library,moderate,page-has-heading-one,"Ensure that the page, or at least one of its frames contains a level-one heading",Page should contain a level-one heading,https://dequeuniversity.com/rules/axe/4.10/page-has-heading-one?application=axeAPI,"<html lang=""en"" dir=""ltr"" prefix=""content: http://purl.org/rss/1.0/modules/content/  dc: http://purl.org/dc/terms/  foaf: http://xmlns.com/foaf/0.1/  og: http://ogp.me/ns#  rdfs: http://www.w3.org/2000/01/rdf-schema#  schema: http://schema.org/  sioc: http://rdfs.org/sioc/ns#  sioct: http://rdfs.org/sioc/types#  skos: http://www.w3.org/2004/02/skos/core#  xsd: http://www.w3.org/2001/XMLSchema# "" class="" js"">"
390,https://clearviewlibrary.org/media/262/edit,Access denied | Clearview Library,moderate,page-has-heading-one,"Ensure that the page, or at least one of its frames contains a level-one heading",Page should contain a level-one heading,https://dequeuniversity.com/rules/axe/4.10/page-has-heading-one?application=axeAPI,"<html lang=""en"" dir=""ltr"" prefix=""content: http://purl.org/rss/1.0/modules/content/  dc: http://purl.org/dc/terms/  foaf: http://xmlns.com/foaf/0.1/  og: http://ogp.me/ns#  rdfs: http://www.w3.org/2000/01/rdf-schema#  schema: http://schema.org/  sioc: http://rdfs.org/sioc/ns#  sioct: http://rdfs.org/sioc/types#  skos: http://www.w3.org/2004/02/skos/core#  xsd: http://www.w3.org/2001/XMLSchema# "" class="" js"">"
391,https://clearviewlibrary.org/media/252/edit,Access denied | Clearview Library,moderate,page-has-heading-one,"Ensure that the page, or at least one of its frames contains a level-one heading",Page should contain a level-one heading,https://dequeuniversity.com/rules/axe/4.10/page-has-heading-one?application=axeAPI,"<html lang=""en"" dir=""ltr"" prefix=""content: http://purl.org/rss/1.0/modules/content/  dc: http://purl.org/dc/terms/  foaf: http://xmlns.com/foaf/0.1/  og: http://ogp.me/ns#  rdfs: http://www.w3.org/2000/01/rdf-schema#  schema: http://schema.org/  sioc: http://rdfs.org/sioc/ns#  sioct: http://rdfs.org/sioc/types#  skos: http://www.w3.org/2004/02/skos/core#  xsd: http://www.w3.org/2001/XMLSchema# "" class="" js"">"
392,https://clearviewlibrary.org/media/247/edit,Access denied | Clearview Library,moderate,page-has-heading-one,"Ensure that the page, or at least one of its frames contains a level-one heading",Page should contain a level-one heading,https://dequeuniversity.com/rules/axe/4.10/page-has-heading-one?application=axeAPI,"<html lang=""en"" dir=""ltr"" prefix=""content: http://purl.org/rss/1.0/modules/content/  dc: http://purl.org/dc/terms/  foaf: http://xmlns.com/foaf/0.1/  og: http://ogp.me/ns#  rdfs: http://www.w3.org/2000/01/rdf-schema#  schema: http://schema.org/  sioc: http://rdfs.org/sioc/ns#  sioct: http://rdfs.org/sioc/types#  skos: http://www.w3.org/2004/02/skos/core#  xsd: http://www.w3.org/2001/XMLSchema# "" class="" js"">"
393,https://clearviewlibrary.org/media/233/edit,Access denied | Clearview Library,moderate,page-has-heading-one,"Ensure that the page, or at least one of its frames contains a level-one heading",Page should contain a level-one heading,https://dequeuniversity.com/rules/axe/4.10/page-has-heading-one?application=axeAPI,"<html lang=""en"" dir=""ltr"" prefix=""content: http://purl.org/rss/1.0/modules/content/  dc: http://purl.org/dc/terms/  foaf: http://xmlns.com/foaf/0.1/  og: http://ogp.me/ns#  rdfs: http://www.w3.org/2000/01/rdf-schema#  schema: http://schema.org/  sioc: http://rdfs.org/sioc/ns#  sioct: http://rdfs.org/sioc/types#  skos: http://www.w3.org/2004/02/skos/core#  xsd: http://www.w3.org/2001/XMLSchema# "" class="" js"">"
394,https://clearviewlibrary.org/media/231/edit,Access denied | Clearview Library,moderate,page-has-heading-one,"Ensure that the page, or at least one of its frames contains a level-one heading",Page should contain a level-one heading,https://dequeuniversity.com/rules/axe/4.10/page-has-heading-one?application=axeAPI,"<html lang=""en"" dir=""ltr"" prefix=""content: http://purl.org/rss/1.0/modules/content/  dc: http://purl.org/dc/terms/  foaf: http://xmlns.com/foaf/0.1/  og: http://ogp.me/ns#  rdfs: http://www.w3.org/2000/01/rdf-schema#  schema: http://schema.org/  sioc: http://rdfs.org/sioc/ns#  sioct: http://rdfs.org/sioc/types#  skos: http://www.w3.org/2004/02/skos/core#  xsd: http://www.w3.org/2001/XMLSchema# "" class="" js"">"
395,https://clearviewlibrary.org/media/132/edit,Access denied | Clearview Library,moderate,page-has-heading-one,"Ensure that the page, or at least one of its frames contains a level-one heading",Page should contain a level-one heading,https://dequeuniversity.com/rules/axe/4.10/page-has-heading-one?application=axeAPI,"<html lang=""en"" dir=""ltr"" prefix=""content: http://purl.org/rss/1.0/modules/content/  dc: http://purl.org/dc/terms/  foaf: http://xmlns.com/foaf/0.1/  og: http://ogp.me/ns#  rdfs: http://www.w3.org/2000/01/rdf-schema#  schema: http://schema.org/  sioc: http://rdfs.org/sioc/ns#  sioct: http://rdfs.org/sioc/types#  skos: http://www.w3.org/2004/02/skos/core#  xsd: http://www.w3.org/2001/XMLSchema# "" class="" js"">"
396,https://clearviewlibrary.org/media/226/edit,Access denied | Clearview Library,moderate,page-has-heading-one,"Ensure that the page, or at least one of its frames contains a level-one heading",Page should contain a level-one heading,https://dequeuniversity.com/rules/axe/4.10/page-has-heading-one?application=axeAPI,"<html lang=""en"" dir=""ltr"" prefix=""content: http://purl.org/rss/1.0/modules/content/  dc: http://purl.org/dc/terms/  foaf: http://xmlns.com/foaf/0.1/  og: http://ogp.me/ns#  rdfs: http://www.w3.org/2000/01/rdf-schema#  schema: http://schema.org/  sioc: http://rdfs.org/sioc/ns#  sioct: http://rdfs.org/sioc/types#  skos: http://www.w3.org/2004/02/skos/core#  xsd: http://www.w3.org/2001/XMLSchema# "" class="" js"">"
397,https://clearviewlibrary.org/media/223/edit,Access denied | Clearview Library,moderate,page-has-heading-one,"Ensure that the page, or at least one of its frames contains a level-one heading",Page should contain a level-one heading,https://dequeuniversity.com/rules/axe/4.10/page-has-heading-one?application=axeAPI,"<html lang=""en"" dir=""ltr"" prefix=""content: http://purl.org/rss/1.0/modules/content/  dc: http://purl.org/dc/terms/  foaf: http://xmlns.com/foaf/0.1/  og: http://ogp.me/ns#  rdfs: http://www.w3.org/2000/01/rdf-schema#  schema: http://schema.org/  sioc: http://rdfs.org/sioc/ns#  sioct: http://rdfs.org/sioc/types#  skos: http://www.w3.org/2004/02/skos/core#  xsd: http://www.w3.org/2001/XMLSchema# "" class="" js"">"
398,https://clearviewlibrary.org/media/218/edit,Access denied | Clearview Library,moderate,page-has-heading-one,"Ensure that the page, or at least one of its frames contains a level-one heading",Page should contain a level-one heading,https://dequeuniversity.com/rules/axe/4.10/page-has-heading-one?application=axeAPI,"<html lang=""en"" dir=""ltr"" prefix=""content: http://purl.org/rss/1.0/modules/content/  dc: http://purl.org/dc/terms/  foaf: http://xmlns.com/foaf/0.1/  og: http://ogp.me/ns#  rdfs: http://www.w3.org/2000/01/rdf-schema#  schema: http://schema.org/  sioc: http://rdfs.org/sioc/ns#  sioct: http://rdfs.org/sioc/types#  skos: http://www.w3.org/2004/02/skos/core#  xsd: http://www.w3.org/2001/XMLSchema# "" class="" js"">"
399,https://clearviewlibrary.org/media/25/edit,Access denied | Clearview Library,moderate,page-has-heading-one,"Ensure that the page, or at least one of its frames contains a level-one heading",Page should contain a level-one heading,https://dequeuniversity.com/rules/axe/4.10/page-has-heading-one?application=axeAPI,"<html lang=""en"" dir=""ltr"" prefix=""content: http://purl.org/rss/1.0/modules/content/  dc: http://purl.org/dc/terms/  foaf: http://xmlns.com/foaf/0.1/  og: http://ogp.me/ns#  rdfs: http://www.w3.org/2000/01/rdf-schema#  schema: http://schema.org/  sioc: http://rdfs.org/sioc/ns#  sioct: http://rdfs.org/sioc/types#  skos: http://www.w3.org/2004/02/skos/core#  xsd: http://www.w3.org/2001/XMLSchema# "" class="" js"">"
400,https://clearviewlibrary.org/media/209/edit,Access denied | Clearview Library,moderate,page-has-heading-one,"Ensure that the page, or at least one of its frames contains a level-one heading",Page should contain a level-one heading,https://dequeuniversity.com/rules/axe/4.10/page-has-heading-one?application=axeAPI,"<html lang=""en"" dir=""ltr"" prefix=""content: http://purl.org/rss/1.0/modules/content/  dc: http://purl.org/dc/terms/  foaf: http://xmlns.com/foaf/0.1/  og: http://ogp.me/ns#  rdfs: http://www.w3.org/2000/01/rdf-schema#  schema: http://schema.org/  sioc: http://rdfs.org/sioc/ns#  sioct: http://rdfs.org/sioc/types#  skos: http://www.w3.org/2004/02/skos/core#  xsd: http://www.w3.org/2001/XMLSchema# "" class="" js"">"
401,https://clearviewlibrary.org/media/201/edit,Access denied | Clearview Library,moderate,page-has-heading-one,"Ensure that the page, or at least one of its frames contains a level-one heading",Page should contain a level-one heading,https://dequeuniversity.com/rules/axe/4.10/page-has-heading-one?application=axeAPI,"<html lang=""en"" dir=""ltr"" prefix=""content: http://purl.org/rss/1.0/modules/content/  dc: http://purl.org/dc/terms/  foaf: http://xmlns.com/foaf/0.1/  og: http://ogp.me/ns#  rdfs: http://www.w3.org/2000/01/rdf-schema#  schema: http://schema.org/  sioc: http://rdfs.org/sioc/ns#  sioct: http://rdfs.org/sioc/types#  skos: http://www.w3.org/2004/02/skos/core#  xsd: http://www.w3.org/2001/XMLSchema# "" class="" js"">"
402,https://clearviewlibrary.org/media/26/edit,Access denied | Clearview Library,moderate,page-has-heading-one,"Ensure that the page, or at least one of its frames contains a level-one heading",Page should contain a level-one heading,https://dequeuniversity.com/rules/axe/4.10/page-has-heading-one?application=axeAPI,"<html lang=""en"" dir=""ltr"" prefix=""content: http://purl.org/rss/1.0/modules/content/  dc: http://purl.org/dc/terms/  foaf: http://xmlns.com/foaf/0.1/  og: http://ogp.me/ns#  rdfs: http://www.w3.org/2000/01/rdf-schema#  schema: http://schema.org/  sioc: http://rdfs.org/sioc/ns#  sioct: http://rdfs.org/sioc/types#  skos: http://www.w3.org/2004/02/skos/core#  xsd: http://www.w3.org/2001/XMLSchema# "" class="" js"">"
403,https://clearviewlibrary.org/media/196/edit,Access denied | Clearview Library,moderate,page-has-heading-one,"Ensure that the page, or at least one of its frames contains a level-one heading",Page should contain a level-one heading,https://dequeuniversity.com/rules/axe/4.10/page-has-heading-one?application=axeAPI,"<html lang=""en"" dir=""ltr"" prefix=""content: http://purl.org/rss/1.0/modules/content/  dc: http://purl.org/dc/terms/  foaf: http://xmlns.com/foaf/0.1/  og: http://ogp.me/ns#  rdfs: http://www.w3.org/2000/01/rdf-schema#  schema: http://schema.org/  sioc: http://rdfs.org/sioc/ns#  sioct: http://rdfs.org/sioc/types#  skos: http://www.w3.org/2004/02/skos/core#  xsd: http://www.w3.org/2001/XMLSchema# "" class="" js"">"
404,https://clearviewlibrary.org/media/185/edit,Access denied | Clearview Library,moderate,page-has-heading-one,"Ensure that the page, or at least one of its frames contains a level-one heading",Page should contain a level-one heading,https://dequeuniversity.com/rules/axe/4.10/page-has-heading-one?application=axeAPI,"<html lang=""en"" dir=""ltr"" prefix=""content: http://purl.org/rss/1.0/modules/content/  dc: http://purl.org/dc/terms/  foaf: http://xmlns.com/foaf/0.1/  og: http://ogp.me/ns#  rdfs: http://www.w3.org/2000/01/rdf-schema#  schema: http://schema.org/  sioc: http://rdfs.org/sioc/ns#  sioct: http://rdfs.org/sioc/types#  skos: http://www.w3.org/2004/02/skos/core#  xsd: http://www.w3.org/2001/XMLSchema# "" class="" js"">"
405,https://clearviewlibrary.org/media/178/edit,Access denied | Clearview Library,moderate,page-has-heading-one,"Ensure that the page, or at least one of its frames contains a level-one heading",Page should contain a level-one heading,https://dequeuniversity.com/rules/axe/4.10/page-has-heading-one?application=axeAPI,"<html lang=""en"" dir=""ltr"" prefix=""content: http://purl.org/rss/1.0/modules/content/  dc: http://purl.org/dc/terms/  foaf: http://xmlns.com/foaf/0.1/  og: http://ogp.me/ns#  rdfs: http://www.w3.org/2000/01/rdf-schema#  schema: http://schema.org/  sioc: http://rdfs.org/sioc/ns#  sioct: http://rdfs.org/sioc/types#  skos: http://www.w3.org/2004/02/skos/core#  xsd: http://www.w3.org/2001/XMLSchema# "" class="" js"">"
406,https://clearviewlibrary.org/media/176/edit,Access denied | Clearview Library,moderate,page-has-heading-one,"Ensure that the page, or at least one of its frames contains a level-one heading",Page should contain a level-one heading,https://dequeuniversity.com/rules/axe/4.10/page-has-heading-one?application=axeAPI,"<html lang=""en"" dir=""ltr"" prefix=""content: http://purl.org/rss/1.0/modules/content/  dc: http://purl.org/dc/terms/  foaf: http://xmlns.com/foaf/0.1/  og: http://ogp.me/ns#  rdfs: http://www.w3.org/2000/01/rdf-schema#  schema: http://schema.org/  sioc: http://rdfs.org/sioc/ns#  sioct: http://rdfs.org/sioc/types#  skos: http://www.w3.org/2004/02/skos/core#  xsd: http://www.w3.org/2001/XMLSchema# "" class="" js"">"
407,https://clearviewlibrary.org/media/170/edit,Access denied | Clearview Library,moderate,page-has-heading-one,"Ensure that the page, or at least one of its frames contains a level-one heading",Page should contain a level-one heading,https://dequeuniversity.com/rules/axe/4.10/page-has-heading-one?application=axeAPI,"<html lang=""en"" dir=""ltr"" prefix=""content: http://purl.org/rss/1.0/modules/content/  dc: http://purl.org/dc/terms/  foaf: http://xmlns.com/foaf/0.1/  og: http://ogp.me/ns#  rdfs: http://www.w3.org/2000/01/rdf-schema#  schema: http://schema.org/  sioc: http://rdfs.org/sioc/ns#  sioct: http://rdfs.org/sioc/types#  skos: http://www.w3.org/2004/02/skos/core#  xsd: http://www.w3.org/2001/XMLSchema# "" class="" js"">"
408,https://clearviewlibrary.org/media/163/edit,Access denied | Clearview Library,moderate,page-has-heading-one,"Ensure that the page, or at least one of its frames contains a level-one heading",Page should contain a level-one heading,https://dequeuniversity.com/rules/axe/4.10/page-has-heading-one?application=axeAPI,"<html lang=""en"" dir=""ltr"" prefix=""content: http://purl.org/rss/1.0/modules/content/  dc: http://purl.org/dc/terms/  foaf: http://xmlns.com/foaf/0.1/  og: http://ogp.me/ns#  rdfs: http://www.w3.org/2000/01/rdf-schema#  schema: http://schema.org/  sioc: http://rdfs.org/sioc/ns#  sioct: http://rdfs.org/sioc/types#  skos: http://www.w3.org/2004/02/skos/core#  xsd: http://www.w3.org/2001/XMLSchema# "" class="" js"">"
409,https://clearviewlibrary.org/media/158/edit,Access denied | Clearview Library,moderate,page-has-heading-one,"Ensure that the page, or at least one of its frames contains a level-one heading",Page should contain a level-one heading,https://dequeuniversity.com/rules/axe/4.10/page-has-heading-one?application=axeAPI,"<html lang=""en"" dir=""ltr"" prefix=""content: http://purl.org/rss/1.0/modules/content/  dc: http://purl.org/dc/terms/  foaf: http://xmlns.com/foaf/0.1/  og: http://ogp.me/ns#  rdfs: http://www.w3.org/2000/01/rdf-schema#  schema: http://schema.org/  sioc: http://rdfs.org/sioc/ns#  sioct: http://rdfs.org/sioc/types#  skos: http://www.w3.org/2004/02/skos/core#  xsd: http://www.w3.org/2001/XMLSchema# "" class="" js"">"
410,https://clearviewlibrary.org/media/123/edit,Access denied | Clearview Library,moderate,page-has-heading-one,"Ensure that the page, or at least one of its frames contains a level-one heading",Page should contain a level-one heading,https://dequeuniversity.com/rules/axe/4.10/page-has-heading-one?application=axeAPI,"<html lang=""en"" dir=""ltr"" prefix=""content: http://purl.org/rss/1.0/modules/content/  dc: http://purl.org/dc/terms/  foaf: http://xmlns.com/foaf/0.1/  og: http://ogp.me/ns#  rdfs: http://www.w3.org/2000/01/rdf-schema#  schema: http://schema.org/  sioc: http://rdfs.org/sioc/ns#  sioct: http://rdfs.org/sioc/types#  skos: http://www.w3.org/2004/02/skos/core#  xsd: http://www.w3.org/2001/XMLSchema# "" class="" js"">"
411,https://clearviewlibrary.org/media/105/edit,Access denied | Clearview Library,moderate,page-has-heading-one,"Ensure that the page, or at least one of its frames contains a level-one heading",Page should contain a level-one heading,https://dequeuniversity.com/rules/axe/4.10/page-has-heading-one?application=axeAPI,"<html lang=""en"" dir=""ltr"" prefix=""content: http://purl.org/rss/1.0/modules/content/  dc: http://purl.org/dc/terms/  foaf: http://xmlns.com/foaf/0.1/  og: http://ogp.me/ns#  rdfs: http://www.w3.org/2000/01/rdf-schema#  schema: http://schema.org/  sioc: http://rdfs.org/sioc/ns#  sioct: http://rdfs.org/sioc/types#  skos: http://www.w3.org/2004/02/skos/core#  xsd: http://www.w3.org/2001/XMLSchema# "" class="" js"">"
412,https://clearviewlibrary.org/media/100/edit,Access denied | Clearview Library,moderate,page-has-heading-one,"Ensure that the page, or at least one of its frames contains a level-one heading",Page should contain a level-one heading,https://dequeuniversity.com/rules/axe/4.10/page-has-heading-one?application=axeAPI,"<html lang=""en"" dir=""ltr"" prefix=""content: http://purl.org/rss/1.0/modules/content/  dc: http://purl.org/dc/terms/  foaf: http://xmlns.com/foaf/0.1/  og: http://ogp.me/ns#  rdfs: http://www.w3.org/2000/01/rdf-schema#  schema: http://schema.org/  sioc: http://rdfs.org/sioc/ns#  sioct: http://rdfs.org/sioc/types#  skos: http://www.w3.org/2004/02/skos/core#  xsd: http://www.w3.org/2001/XMLSchema# "" class="" js"">"
413,https://clearviewlibrary.org/media/92/edit,Access denied | Clearview Library,moderate,page-has-heading-one,"Ensure that the page, or at least one of its frames contains a level-one heading",Page should contain a level-one heading,https://dequeuniversity.com/rules/axe/4.10/page-has-heading-one?application=axeAPI,"<html lang=""en"" dir=""ltr"" prefix=""content: http://purl.org/rss/1.0/modules/content/  dc: http://purl.org/dc/terms/  foaf: http://xmlns.com/foaf/0.1/  og: http://ogp.me/ns#  rdfs: http://www.w3.org/2000/01/rdf-schema#  schema: http://schema.org/  sioc: http://rdfs.org/sioc/ns#  sioct: http://rdfs.org/sioc/types#  skos: http://www.w3.org/2004/02/skos/core#  xsd: http://www.w3.org/2001/XMLSchema# "" class="" js"">"
414,https://clearviewlibrary.org/media/56/edit,Access denied | Clearview Library,moderate,page-has-heading-one,"Ensure that the page, or at least one of its frames contains a level-one heading",Page should contain a level-one heading,https://dequeuniversity.com/rules/axe/4.10/page-has-heading-one?application=axeAPI,"<html lang=""en"" dir=""ltr"" prefix=""content: http://purl.org/rss/1.0/modules/content/  dc: http://purl.org/dc/terms/  foaf: http://xmlns.com/foaf/0.1/  og: http://ogp.me/ns#  rdfs: http://www.w3.org/2000/01/rdf-schema#  schema: http://schema.org/  sioc: http://rdfs.org/sioc/ns#  sioct: http://rdfs.org/sioc/types#  skos: http://www.w3.org/2004/02/skos/core#  xsd: http://www.w3.org/2001/XMLSchema# "" class="" js"">"
415,https://clearviewlibrary.org/media/54/edit,Access denied | Clearview Library,moderate,page-has-heading-one,"Ensure that the page, or at least one of its frames contains a level-one heading",Page should contain a level-one heading,https://dequeuniversity.com/rules/axe/4.10/page-has-heading-one?application=axeAPI,"<html lang=""en"" dir=""ltr"" prefix=""content: http://purl.org/rss/1.0/modules/content/  dc: http://purl.org/dc/terms/  foaf: http://xmlns.com/foaf/0.1/  og: http://ogp.me/ns#  rdfs: http://www.w3.org/2000/01/rdf-schema#  schema: http://schema.org/  sioc: http://rdfs.org/sioc/ns#  sioct: http://rdfs.org/sioc/types#  skos: http://www.w3.org/2004/02/skos/core#  xsd: http://www.w3.org/2001/XMLSchema# "" class="" js"">"
416,https://clearviewlibrary.org/media/17/edit,Access denied | Clearview Library,moderate,page-has-heading-one,"Ensure that the page, or at least one of its frames contains a level-one heading",Page should contain a level-one heading,https://dequeuniversity.com/rules/axe/4.10/page-has-heading-one?application=axeAPI,"<html lang=""en"" dir=""ltr"" prefix=""content: http://purl.org/rss/1.0/modules/content/  dc: http://purl.org/dc/terms/  foaf: http://xmlns.com/foaf/0.1/  og: http://ogp.me/ns#  rdfs: http://www.w3.org/2000/01/rdf-schema#  schema: http://schema.org/  sioc: http://rdfs.org/sioc/ns#  sioct: http://rdfs.org/sioc/types#  skos: http://www.w3.org/2004/02/skos/core#  xsd: http://www.w3.org/2001/XMLSchema# "" class="" js"">"
417,https://clearviewlibrary.org/media/18/edit,Access denied | Clearview Library,moderate,page-has-heading-one,"Ensure that the page, or at least one of its frames contains a level-one heading",Page should contain a level-one heading,https://dequeuniversity.com/rules/axe/4.10/page-has-heading-one?application=axeAPI,"<html lang=""en"" dir=""ltr"" prefix=""content: http://purl.org/rss/1.0/modules/content/  dc: http://purl.org/dc/terms/  foaf: http://xmlns.com/foaf/0.1/  og: http://ogp.me/ns#  rdfs: http://www.w3.org/2000/01/rdf-schema#  schema: http://schema.org/  sioc: http://rdfs.org/sioc/ns#  sioct: http://rdfs.org/sioc/types#  skos: http://www.w3.org/2004/02/skos/core#  xsd: http://www.w3.org/2001/XMLSchema# "" class="" js"">"
418,https://clearviewlibrary.org/media/19/edit,Access denied | Clearview Library,moderate,page-has-heading-one,"Ensure that the page, or at least one of its frames contains a level-one heading",Page should contain a level-one heading,https://dequeuniversity.com/rules/axe/4.10/page-has-heading-one?application=axeAPI,"<html lang=""en"" dir=""ltr"" prefix=""content: http://purl.org/rss/1.0/modules/content/  dc: http://purl.org/dc/terms/  foaf: http://xmlns.com/foaf/0.1/  og: http://ogp.me/ns#  rdfs: http://www.w3.org/2000/01/rdf-schema#  schema: http://schema.org/  sioc: http://rdfs.org/sioc/ns#  sioct: http://rdfs.org/sioc/types#  skos: http://www.w3.org/2004/02/skos/core#  xsd: http://www.w3.org/2001/XMLSchema# "" class="" js"">"
42,https://clearviewlibrary.org/about-us/learn-more/facilities-plan,Facilities Plan | Clearview Library,serious,color-contrast,Ensure the contrast between foreground and background colors meets WCAG 2 AA minimum contrast ratio thresholds,Elements must meet minimum color contrast ratio thresholds,https://dequeuniversity.com/rules/axe/4.10/color-contrast?application=axeAPI,"<a class=""ckeditor-accordion-toggler"" href=""#AdministrativeBuilding"" id=""AdministrativeBuilding"" onclick=""return false;""><span class=""ckeditor-accordion-toggle active""></span>Administrative Building</a>"
42,https://clearviewlibrary.org/about-us/learn-more/facilities-plan,Facilities Plan | Clearview Library,serious,color-contrast,Ensure the contrast between foreground and background colors meets WCAG 2 AA minimum contrast ratio thresholds,Elements must meet minimum color contrast ratio thresholds,https://dequeuniversity.com/rules/axe/4.10/color-contrast?application=axeAPI,"<a class=""ckeditor-accordion-toggler"" href=""#RenovationstotheWindsorSeveranceLibrary"" id=""RenovationstotheWindsorSeveranceLibrary"" onclick=""return false;""><span class=""ckeditor-accordion-toggle""></span>Renovations to the Windsor-Severance Library</a>"
42,https://clearviewlibrary.org/about-us/learn-more/facilities-plan,Facilities Plan | Clearview Library,serious,color-contrast,Ensure the contrast between foreground and background colors meets WCAG 2 AA minimum contrast ratio thresholds,Elements must meet minimum color contrast ratio thresholds,https://dequeuniversity.com/rules/axe/4.10/color-contrast?application=axeAPI,"<a class=""ckeditor-accordion-toggler"" href=""#ConstructionofaLibraryBranchinSeverance"" id=""ConstructionofaLibraryBranchinSeverance"" onclick=""return false;""><span class=""ckeditor-accordion-toggle""></span>Construction of a Library Branch in Severance</a>"
50,https://clearviewlibrary.org/cookbook-nook,Cookbook Nook | Clearview Library,moderate,heading-order,Ensure the order of headings is semantically correct,Heading levels should only increase by one,https://dequeuniversity.com/rules/axe/4.10/heading-order?application=axeAPI,"<h4 class=""node-title"">"
51,https://clearviewlibrary.org/about-us/learn-more/news/cookbook-nook-martha-stewarts-fruit-desserts-100-delicious-ways-savor-best,Cookbook Nook: Martha Stewart's Fruit Desserts: 100+ Delicious Ways to Savor the Best of Every Season by Martha Stewart | Clearview Library,moderate,landmark-complementary-is-top-level,Ensure the complementary landmark or aside is at top level,Aside should not be contained in another landmark,https://dequeuniversity.com/rules/axe/4.10/landmark-complementary-is-top-level?application=axeAPI,"<aside class=""sidebar"">"
52,https://clearviewlibrary.org/about-us/learn-more/news/cookbook-nook-official-bridgerton-cookbook-regula-ysewijn,Cookbook Nook: The Official Bridgerton Cookbook by Regula Ysewijn | Clearview Library,moderate,landmark-complementary-is-top-level,Ensure the complementary landmark or aside is at top level,Aside should not be contained in another landmark,https://dequeuniversity.com/rules/axe/4.10/landmark-complementary-is-top-level?application=axeAPI,"<aside class=""sidebar"">"
53,https://clearviewlibrary.org/about-us/learn-more/news/staff-spotlight,Staff Spotlight | Clearview Library,moderate,heading-order,Ensure the order of headings is semantically correct,Heading levels should only increase by one,https://dequeuniversity.com/rules/axe/4.10/heading-order?application=axeAPI,"<h4 class=""node-title"">
            <a href=""/about-us/learn-more/news/staff-spotlight-cristin-altepeter"" rel=""bookmark""><span property=""schema:name"" class=""field field--name-title field--type-string field--label-hidden"">Staff Spotlight: Cristin Altepeter</span>
</a>
        </h4>"
54,https://clearviewlibrary.org/about-us/learn-more/news/staff-spotlight-amanda,Staff Spotlight: Amanda | Clearview Library,moderate,landmark-complementary-is-top-level,Ensure the complementary landmark or aside is at top level,Aside should not be contained in another landmark,https://dequeuniversity.com/rules/axe/4.10/landmark-complementary-is-top-level?application=axeAPI,"<aside class=""sidebar"">"
55,https://clearviewlibrary.org/about-us/learn-more/news/news,News | Clearview Library,moderate,heading-order,Ensure the order of headings is semantically correct,Heading levels should only increase by one,https://dequeuniversity.com/rules/axe/4.10/heading-order?application=axeAPI,"<h4 class=""node-title"">"
56,https://clearviewlibrary.org/about-us/learn-more/news/join-clearview-library-district-board-trustees,Join the Clearview Library District Board of Trustees | Clearview Library,moderate,landmark-complementary-is-top-level,Ensure the complementary landmark or aside is at top level,Aside should not be contained in another landmark,https://dequeuniversity.com/rules/axe/4.10/landmark-complementary-is-top-level?application=axeAPI,"<aside class=""sidebar"">"
57,https://clearviewlibrary.org/about-us/learn-more/news/art-library,Art in the Library | Clearview Library,moderate,heading-order,Ensure the order of headings is semantically correct,Heading levels should only increase by one,https://dequeuniversity.com/rules/axe/4.10/heading-order?application=axeAPI,"<h4 class=""node-title"">
            <a href=""/about-us/learn-more/news/art-library-winter-edition"" rel=""bookmark""><span property=""schema:name"" class=""field field--name-title field--type-string field--label-hidden"">Art in the Library - Winter Edition! </span>
</a>
        </h4>"
58,https://clearviewlibrary.org/about-us/learn-more/news/art-library-july-2025,Art in the Library - July 2025 | Clearview Library,moderate,landmark-complementary-is-top-level,Ensure the complementary landmark or aside is at top level,Aside should not be contained in another landmark,https://dequeuniversity.com/rules/axe/4.10/landmark-complementary-is-top-level?application=axeAPI,"<aside class=""sidebar"">"
59,https://clearviewlibrary.org/about-us/learn-more/news/clearview-library-district-announces-summer-adventure-program-color-our,Clearview Library District announces summer adventure program: Color Our World | Clearview Library,moderate,landmark-complementary-is-top-level,Ensure the complementary landmark or aside is at top level,Aside should not be contained in another landmark,https://dequeuniversity.com/rules/axe/4.10/landmark-complementary-is-top-level?application=axeAPI,"<aside class=""sidebar"">"
60,https://clearviewlibrary.org/about-us/learn-more/news/real-baby-food-easy-all-natural-recipes-your-baby-and-toddler-jenna-helwig,"Real Baby Food: Easy, All-Natural Recipes for Your Baby and Toddler by Jenna Helwig | Clearview Library",moderate,landmark-complementary-is-top-level,Ensure the complementary landmark or aside is at top level,Aside should not be contained in another landmark,https://dequeuniversity.com/rules/axe/4.10/landmark-complementary-is-top-level?application=axeAPI,"<aside class=""sidebar"">"
61,https://clearviewlibrary.org/about-us/learn-more/news/young-writers-big-impact-katherine-applegate-launches-national-writing,"Young Writers, Big Impact: Katherine Applegate Launches National Writing Contest for Kids Ages 8 to 12 | Clearview Library",moderate,landmark-complementary-is-top-level,Ensure the complementary landmark or aside is at top level,Aside should not be contained in another landmark,https://dequeuniversity.com/rules/axe/4.10/landmark-complementary-is-top-level?application=axeAPI,"<aside class=""sidebar"">"
62,https://clearviewlibrary.org/about-us/learn-more/news/database-spotlight,Database Spotlight | Clearview Library,moderate,heading-order,Ensure the order of headings is semantically correct,Heading levels should only increase by one,https://dequeuniversity.com/rules/axe/4.10/heading-order?application=axeAPI,"<h4 class=""node-title"">"
63,https://clearviewlibrary.org/about-us/learn-more/news/try-mango-languages-asl-course-your-library-needs-your-help,Try Mango Languages’ ASL Course – Your Library Needs Your Help! | Clearview Library,moderate,landmark-complementary-is-top-level,Ensure the complementary landmark or aside is at top level,Aside should not be contained in another landmark,https://dequeuniversity.com/rules/axe/4.10/landmark-complementary-is-top-level?application=axeAPI,"<aside class=""sidebar"">"
64,https://clearviewlibrary.org/about-us/learn-more/news/reserve-meeting-rooms-after-hours-severance-library,Reserve Meeting Rooms After-Hours at Severance Library | Clearview Library,moderate,landmark-complementary-is-top-level,Ensure the complementary landmark or aside is at top level,Aside should not be contained in another landmark,https://dequeuniversity.com/rules/axe/4.10/landmark-complementary-is-top-level?application=axeAPI,"<aside class=""sidebar"">"
66,https://clearviewlibrary.org/website-accessibility,Website Accessibility | Clearview Library,moderate,page-has-heading-one,"Ensure that the page, or at least one of its frames contains a level-one heading",Page should contain a level-one heading,https://dequeuniversity.com/rules/axe/4.10/page-has-heading-one?application=axeAPI,"<html lang=""en"" dir=""ltr"" prefix=""content: http://purl.org/rss/1.0/modules/content/  dc: http://purl.org/dc/terms/  foaf: http://xmlns.com/foaf/0.1/  og: http://ogp.me/ns#  rdfs: http://www.w3.org/2000/01/rdf-schema#  schema: http://schema.org/  sioc: http://rdfs.org/sioc/ns#  sioct: http://rdfs.org/sioc/types#  skos: http://www.w3.org/2004/02/skos/core#  xsd: http://www.w3.org/2001/XMLSchema# "" class="" js"">"
67,https://clearviewlibrary.org/about-us/learn-more/news/clearview-library-now-offers-online-crafting-classes,Clearview Library Now Offers Online Crafting Classes | Clearview Library,moderate,landmark-complementary-is-top-level,Ensure the complementary landmark or aside is at top level,Aside should not be contained in another landmark,https://dequeuniversity.com/rules/axe/4.10/landmark-complementary-is-top-level?application=axeAPI,"<aside class=""sidebar"">"
68,https://clearviewlibrary.org/about-us/learn-more/news/5-ways-library-can-help-homework,5 Ways the Library Can Help with Homework | Clearview Library,moderate,landmark-complementary-is-top-level,Ensure the complementary landmark or aside is at top level,Aside should not be contained in another landmark,https://dequeuniversity.com/rules/axe/4.10/landmark-complementary-is-top-level?application=axeAPI,"<aside class=""sidebar"">"
69,https://clearviewlibrary.org/about-us/learn-more/news/newspaperscom-gives-online-access-historical-papers,Newspapers.com Gives Online Access to Historical Papers | Clearview Library,moderate,landmark-complementary-is-top-level,Ensure the complementary landmark or aside is at top level,Aside should not be contained in another landmark,https://dequeuniversity.com/rules/axe/4.10/landmark-complementary-is-top-level?application=axeAPI,"<aside class=""sidebar"">"
7,https://clearviewlibrary.org/borrow-research/books-movies-more,"Books, Movies, & More | Clearview Library",moderate,heading-order,Ensure the order of headings is semantically correct,Heading levels should only increase by one,https://dequeuniversity.com/rules/axe/4.10/heading-order?application=axeAPI,"<h4 class=""node-title"">"
