Page,URL,Title,Impact,Rule ID,Description,Help,Help URL,HTML Element
101,https://amigos.org/services/continuing-education/full-catalog?field_coursetype_target_id=37&field_topic_area_target_id=All,Course Catalog | Amigos Library Services,serious,label-title-only,"Ensure that every form element has a visible label and is not solely labeled using hidden labels, or the title or aria-describedby attributes",Form elements should have a visible label,https://dequeuniversity.com/rules/axe/4.10/label-title-only?application=axeAPI,"<input title=""Enter the terms you wish to search for."" data-drupal-selector=""edit-keys"" type=""search"" id=""edit-keys"" name=""keys"" value="""" size=""15"" maxlength=""128"" class=""form-search"">"
102,https://amigos.org/services/continuing-education/full-catalog?field_coursetype_target_id=34&field_topic_area_target_id=All,Course Catalog | Amigos Library Services,serious,label-title-only,"Ensure that every form element has a visible label and is not solely labeled using hidden labels, or the title or aria-describedby attributes",Form elements should have a visible label,https://dequeuniversity.com/rules/axe/4.10/label-title-only?application=axeAPI,"<input title=""Enter the terms you wish to search for."" data-drupal-selector=""edit-keys"" type=""search"" id=""edit-keys"" name=""keys"" value="""" size=""15"" maxlength=""128"" class=""form-search"">"
106,https://amigos.org/memberconference/2023,Amigos Member Conference 2023: Libraries Plan to Succeed | Amigos Library Services,serious,label-title-only,"Ensure that every form element has a visible label and is not solely labeled using hidden labels, or the title or aria-describedby attributes",Form elements should have a visible label,https://dequeuniversity.com/rules/axe/4.10/label-title-only?application=axeAPI,"<input title=""Enter the terms you wish to search for."" data-drupal-selector=""edit-keys"" type=""search"" id=""edit-keys"" name=""keys"" value="""" size=""15"" maxlength=""128"" class=""form-search"">"
107,https://amigos.org/membership/member-directory?order=field_oclc_symbol&sort=asc,Amigos Library Services Members | Amigos Library Services,serious,label-title-only,"Ensure that every form element has a visible label and is not solely labeled using hidden labels, or the title or aria-describedby attributes",Form elements should have a visible label,https://dequeuniversity.com/rules/axe/4.10/label-title-only?application=axeAPI,"<input title=""Enter the terms you wish to search for."" data-drupal-selector=""edit-keys"" type=""search"" id=""edit-keys"" name=""keys"" value="""" size=""15"" maxlength=""128"" class=""form-search"">"
108,https://amigos.org/membership/member-directory?order=title&sort=desc,Amigos Library Services Members | Amigos Library Services,serious,label-title-only,"Ensure that every form element has a visible label and is not solely labeled using hidden labels, or the title or aria-describedby attributes",Form elements should have a visible label,https://dequeuniversity.com/rules/axe/4.10/label-title-only?application=axeAPI,"<input title=""Enter the terms you wish to search for."" data-drupal-selector=""edit-keys"" type=""search"" id=""edit-keys"" name=""keys"" value="""" size=""15"" maxlength=""128"" class=""form-search"">"
109,https://amigos.org/membership/member-directory?order=field_city&sort=asc,Amigos Library Services Members | Amigos Library Services,serious,label-title-only,"Ensure that every form element has a visible label and is not solely labeled using hidden labels, or the title or aria-describedby attributes",Form elements should have a visible label,https://dequeuniversity.com/rules/axe/4.10/label-title-only?application=axeAPI,"<input title=""Enter the terms you wish to search for."" data-drupal-selector=""edit-keys"" type=""search"" id=""edit-keys"" name=""keys"" value="""" size=""15"" maxlength=""128"" class=""form-search"">"
110,https://amigos.org/membership/member-directory?order=field_state&sort=asc,Amigos Library Services Members | Amigos Library Services,serious,label-title-only,"Ensure that every form element has a visible label and is not solely labeled using hidden labels, or the title or aria-describedby attributes",Form elements should have a visible label,https://dequeuniversity.com/rules/axe/4.10/label-title-only?application=axeAPI,"<input title=""Enter the terms you wish to search for."" data-drupal-selector=""edit-keys"" type=""search"" id=""edit-keys"" name=""keys"" value="""" size=""15"" maxlength=""128"" class=""form-search"">"
118,https://amigos.org/news/archive,News | Amigos Library Services,serious,label-title-only,"Ensure that every form element has a visible label and is not solely labeled using hidden labels, or the title or aria-describedby attributes",Form elements should have a visible label,https://dequeuniversity.com/rules/axe/4.10/label-title-only?application=axeAPI,"<input title=""Enter the terms you wish to search for."" data-drupal-selector=""edit-keys"" type=""search"" id=""edit-keys"" name=""keys"" value="""" size=""15"" maxlength=""128"" class=""form-search"">"
118,https://amigos.org/news/archive,News | Amigos Library Services,serious,list,Ensure that lists are structured correctly,"<ul> and <ol> must only directly contain <li>, <script> or <template> elements",https://dequeuniversity.com/rules/axe/4.10/list?application=axeAPI,"<ul class=""pager__items js-pager__items"">"
121,https://amigos.org/news/last-chance-register-digital-accessibility-conference,Last Chance to Register for Digital Accessibility Conference | Amigos Library Services,serious,label-title-only,"Ensure that every form element has a visible label and is not solely labeled using hidden labels, or the title or aria-describedby attributes",Form elements should have a visible label,https://dequeuniversity.com/rules/axe/4.10/label-title-only?application=axeAPI,"<input title=""Enter the terms you wish to search for."" data-drupal-selector=""edit-keys"" type=""search"" id=""edit-keys"" name=""keys"" value="""" size=""15"" maxlength=""128"" class=""form-search"">"
122,https://amigos.org/news/invite-your-student-workers-and-volunteers-customer-service-basics-free,Invite Your Student Workers and Volunteers to Customer Service Basics for Free | Amigos Library Services,serious,label-title-only,"Ensure that every form element has a visible label and is not solely labeled using hidden labels, or the title or aria-describedby attributes",Form elements should have a visible label,https://dequeuniversity.com/rules/axe/4.10/label-title-only?application=axeAPI,"<input title=""Enter the terms you wish to search for."" data-drupal-selector=""edit-keys"" type=""search"" id=""edit-keys"" name=""keys"" value="""" size=""15"" maxlength=""128"" class=""form-search"">"
131,https://amigos.org/news/new-year-new-hiring-recruit-top-talent-amigos-job-bank,"New Year, New Hiring! Recruit Top Talent with the Amigos Job Bank | Amigos Library Services",serious,label-title-only,"Ensure that every form element has a visible label and is not solely labeled using hidden labels, or the title or aria-describedby attributes",Form elements should have a visible label,https://dequeuniversity.com/rules/axe/4.10/label-title-only?application=axeAPI,"<input title=""Enter the terms you wish to search for."" data-drupal-selector=""edit-keys"" type=""search"" id=""edit-keys"" name=""keys"" value="""" size=""15"" maxlength=""128"" class=""form-search"">"
135,https://amigos.org/news/have-you-shared-your-input-yet,Have You Shared Your Input Yet? | Amigos Library Services,serious,label-title-only,"Ensure that every form element has a visible label and is not solely labeled using hidden labels, or the title or aria-describedby attributes",Form elements should have a visible label,https://dequeuniversity.com/rules/axe/4.10/label-title-only?application=axeAPI,"<input title=""Enter the terms you wish to search for."" data-drupal-selector=""edit-keys"" type=""search"" id=""edit-keys"" name=""keys"" value="""" size=""15"" maxlength=""128"" class=""form-search"">"
137,https://amigos.org/news/congratulations-2025-mla-award-winners,Congratulations to 2025 MLA Award Winners | Amigos Library Services,serious,label-title-only,"Ensure that every form element has a visible label and is not solely labeled using hidden labels, or the title or aria-describedby attributes",Form elements should have a visible label,https://dequeuniversity.com/rules/axe/4.10/label-title-only?application=axeAPI,"<input title=""Enter the terms you wish to search for."" data-drupal-selector=""edit-keys"" type=""search"" id=""edit-keys"" name=""keys"" value="""" size=""15"" maxlength=""128"" class=""form-search"">"
138,https://amigos.org/news/reminder-continuing-education-now-free-members,Reminder: Continuing Education is Now Free for Members | Amigos Library Services,serious,label-title-only,"Ensure that every form element has a visible label and is not solely labeled using hidden labels, or the title or aria-describedby attributes",Form elements should have a visible label,https://dequeuniversity.com/rules/axe/4.10/label-title-only?application=axeAPI,"<input title=""Enter the terms you wish to search for."" data-drupal-selector=""edit-keys"" type=""search"" id=""edit-keys"" name=""keys"" value="""" size=""15"" maxlength=""128"" class=""form-search"">"
139,https://amigos.org/news/membership-and-people?page=1,Membership & People | Amigos Library Services,serious,label-title-only,"Ensure that every form element has a visible label and is not solely labeled using hidden labels, or the title or aria-describedby attributes",Form elements should have a visible label,https://dequeuniversity.com/rules/axe/4.10/label-title-only?application=axeAPI,"<input title=""Enter the terms you wish to search for."" data-drupal-selector=""edit-keys"" type=""search"" id=""edit-keys"" name=""keys"" value="""" size=""15"" maxlength=""128"" class=""form-search"">"
140,https://amigos.org/taxonomy/term/97/feed,,serious,document-title,Ensure each HTML document contains a non-empty <title> element,Documents must have <title> element to aid in navigation,https://dequeuniversity.com/rules/axe/4.10/document-title?application=axeAPI,<html>
140,https://amigos.org/taxonomy/term/97/feed,,serious,html-has-lang,Ensure every HTML document has a lang attribute,<html> element must have a lang attribute,https://dequeuniversity.com/rules/axe/4.10/html-has-lang?application=axeAPI,<html>
140,https://amigos.org/taxonomy/term/97/feed,,moderate,landmark-one-main,Ensure the document has a main landmark,Document should have one main landmark,https://dequeuniversity.com/rules/axe/4.10/landmark-one-main?application=axeAPI,<html>
140,https://amigos.org/taxonomy/term/97/feed,,moderate,page-has-heading-one,"Ensure that the page, or at least one of its frames contains a level-one heading",Page should contain a level-one heading,https://dequeuniversity.com/rules/axe/4.10/page-has-heading-one?application=axeAPI,<html>
140,https://amigos.org/taxonomy/term/97/feed,,moderate,region,Ensure all page content is contained by landmarks,All page content should be contained by landmarks,https://dequeuniversity.com/rules/axe/4.10/region?application=axeAPI,"<pre style=""word-wrap: break-word; white-space: pre-wrap;"">"
142,https://amigos.org/news/speakers-announced-march-17-session-apis-libraries,Speakers Announced for March 17 Session on APIs in Libraries | Amigos Library Services,serious,label-title-only,"Ensure that every form element has a visible label and is not solely labeled using hidden labels, or the title or aria-describedby attributes",Form elements should have a visible label,https://dequeuniversity.com/rules/axe/4.10/label-title-only?application=axeAPI,"<input title=""Enter the terms you wish to search for."" data-drupal-selector=""edit-keys"" type=""search"" id=""edit-keys"" name=""keys"" value="""" size=""15"" maxlength=""128"" class=""form-search"">"
143,https://amigos.org/news/february-and-march-know-go-sessions-bite-sized-learning-library-staff,February and March Know & Go Sessions: Bite-Sized Learning for Library Staff | Amigos Library Services,serious,label-title-only,"Ensure that every form element has a visible label and is not solely labeled using hidden labels, or the title or aria-describedby attributes",Form elements should have a visible label,https://dequeuniversity.com/rules/axe/4.10/label-title-only?application=axeAPI,"<input title=""Enter the terms you wish to search for."" data-drupal-selector=""edit-keys"" type=""search"" id=""edit-keys"" name=""keys"" value="""" size=""15"" maxlength=""128"" class=""form-search"">"
145,https://amigos.org/news/february-conference-registration-now-open,February Conference Registration Now Open | Amigos Library Services,serious,label-title-only,"Ensure that every form element has a visible label and is not solely labeled using hidden labels, or the title or aria-describedby attributes",Form elements should have a visible label,https://dequeuniversity.com/rules/axe/4.10/label-title-only?application=axeAPI,"<input title=""Enter the terms you wish to search for."" data-drupal-selector=""edit-keys"" type=""search"" id=""edit-keys"" name=""keys"" value="""" size=""15"" maxlength=""128"" class=""form-search"">"
146,https://amigos.org/news/education-and-events?page=1,Education & Events | Amigos Library Services,serious,label-title-only,"Ensure that every form element has a visible label and is not solely labeled using hidden labels, or the title or aria-describedby attributes",Form elements should have a visible label,https://dequeuniversity.com/rules/axe/4.10/label-title-only?application=axeAPI,"<input title=""Enter the terms you wish to search for."" data-drupal-selector=""edit-keys"" type=""search"" id=""edit-keys"" name=""keys"" value="""" size=""15"" maxlength=""128"" class=""form-search"">"
147,https://amigos.org/taxonomy/term/96/feed,,serious,document-title,Ensure each HTML document contains a non-empty <title> element,Documents must have <title> element to aid in navigation,https://dequeuniversity.com/rules/axe/4.10/document-title?application=axeAPI,<html>
147,https://amigos.org/taxonomy/term/96/feed,,serious,html-has-lang,Ensure every HTML document has a lang attribute,<html> element must have a lang attribute,https://dequeuniversity.com/rules/axe/4.10/html-has-lang?application=axeAPI,<html>
147,https://amigos.org/taxonomy/term/96/feed,,moderate,landmark-one-main,Ensure the document has a main landmark,Document should have one main landmark,https://dequeuniversity.com/rules/axe/4.10/landmark-one-main?application=axeAPI,<html>
147,https://amigos.org/taxonomy/term/96/feed,,moderate,page-has-heading-one,"Ensure that the page, or at least one of its frames contains a level-one heading",Page should contain a level-one heading,https://dequeuniversity.com/rules/axe/4.10/page-has-heading-one?application=axeAPI,<html>
147,https://amigos.org/taxonomy/term/96/feed,,moderate,region,Ensure all page content is contained by landmarks,All page content should be contained by landmarks,https://dequeuniversity.com/rules/axe/4.10/region?application=axeAPI,"<pre style=""word-wrap: break-word; white-space: pre-wrap;"">"
149,https://amigos.org/services/member-discounts/vendors/hein-online,Hein Online | Amigos Library Services,serious,label-title-only,"Ensure that every form element has a visible label and is not solely labeled using hidden labels, or the title or aria-describedby attributes",Form elements should have a visible label,https://dequeuniversity.com/rules/axe/4.10/label-title-only?application=axeAPI,"<input title=""Enter the terms you wish to search for."" data-drupal-selector=""edit-keys"" type=""search"" id=""edit-keys"" name=""keys"" value="""" size=""15"" maxlength=""128"" class=""form-search"">"
152,https://amigos.org/news/updates-and-new-journals-project-muse,Updates and New Journals from Project MUSE | Amigos Library Services,serious,label-title-only,"Ensure that every form element has a visible label and is not solely labeled using hidden labels, or the title or aria-describedby attributes",Form elements should have a visible label,https://dequeuniversity.com/rules/axe/4.10/label-title-only?application=axeAPI,"<input title=""Enter the terms you wish to search for."" data-drupal-selector=""edit-keys"" type=""search"" id=""edit-keys"" name=""keys"" value="""" size=""15"" maxlength=""128"" class=""form-search"">"
154,https://amigos.org/news/share-research-coevolution-your-campus,Share Research on Coevolution with Your Campus | Amigos Library Services,serious,label-title-only,"Ensure that every form element has a visible label and is not solely labeled using hidden labels, or the title or aria-describedby attributes",Form elements should have a visible label,https://dequeuniversity.com/rules/axe/4.10/label-title-only?application=axeAPI,"<input title=""Enter the terms you wish to search for."" data-drupal-selector=""edit-keys"" type=""search"" id=""edit-keys"" name=""keys"" value="""" size=""15"" maxlength=""128"" class=""form-search"">"
159,https://amigos.org/news/products-and-partnerships?page=1,Products & Partnerships | Amigos Library Services,serious,label-title-only,"Ensure that every form element has a visible label and is not solely labeled using hidden labels, or the title or aria-describedby attributes",Form elements should have a visible label,https://dequeuniversity.com/rules/axe/4.10/label-title-only?application=axeAPI,"<input title=""Enter the terms you wish to search for."" data-drupal-selector=""edit-keys"" type=""search"" id=""edit-keys"" name=""keys"" value="""" size=""15"" maxlength=""128"" class=""form-search"">"
160,https://amigos.org/taxonomy/term/1/feed,,serious,document-title,Ensure each HTML document contains a non-empty <title> element,Documents must have <title> element to aid in navigation,https://dequeuniversity.com/rules/axe/4.10/document-title?application=axeAPI,<html>
160,https://amigos.org/taxonomy/term/1/feed,,serious,html-has-lang,Ensure every HTML document has a lang attribute,<html> element must have a lang attribute,https://dequeuniversity.com/rules/axe/4.10/html-has-lang?application=axeAPI,<html>
160,https://amigos.org/taxonomy/term/1/feed,,moderate,landmark-one-main,Ensure the document has a main landmark,Document should have one main landmark,https://dequeuniversity.com/rules/axe/4.10/landmark-one-main?application=axeAPI,<html>
160,https://amigos.org/taxonomy/term/1/feed,,moderate,page-has-heading-one,"Ensure that the page, or at least one of its frames contains a level-one heading",Page should contain a level-one heading,https://dequeuniversity.com/rules/axe/4.10/page-has-heading-one?application=axeAPI,<html>
160,https://amigos.org/taxonomy/term/1/feed,,moderate,region,Ensure all page content is contained by landmarks,All page content should be contained by landmarks,https://dequeuniversity.com/rules/axe/4.10/region?application=axeAPI,"<pre style=""word-wrap: break-word; white-space: pre-wrap;"">"
162,https://amigos.org/taxonomy/term/76,Course Catalog | Amigos Library Services,serious,label-title-only,"Ensure that every form element has a visible label and is not solely labeled using hidden labels, or the title or aria-describedby attributes",Form elements should have a visible label,https://dequeuniversity.com/rules/axe/4.10/label-title-only?application=axeAPI,"<input title=""Enter the terms you wish to search for."" data-drupal-selector=""edit-keys"" type=""search"" id=""edit-keys"" name=""keys"" value="""" size=""15"" maxlength=""128"" class=""form-search"">"
164,https://amigos.org/taxonomy/term/78,Course Catalog | Amigos Library Services,serious,label-title-only,"Ensure that every form element has a visible label and is not solely labeled using hidden labels, or the title or aria-describedby attributes",Form elements should have a visible label,https://dequeuniversity.com/rules/axe/4.10/label-title-only?application=axeAPI,"<input title=""Enter the terms you wish to search for."" data-drupal-selector=""edit-keys"" type=""search"" id=""edit-keys"" name=""keys"" value="""" size=""15"" maxlength=""128"" class=""form-search"">"
165,https://amigos.org/taxonomy/term/59,Course Catalog | Amigos Library Services,serious,label-title-only,"Ensure that every form element has a visible label and is not solely labeled using hidden labels, or the title or aria-describedby attributes",Form elements should have a visible label,https://dequeuniversity.com/rules/axe/4.10/label-title-only?application=axeAPI,"<input title=""Enter the terms you wish to search for."" data-drupal-selector=""edit-keys"" type=""search"" id=""edit-keys"" name=""keys"" value="""" size=""15"" maxlength=""128"" class=""form-search"">"
167,https://amigos.org/taxonomy/term/77,Course Catalog | Amigos Library Services,serious,label-title-only,"Ensure that every form element has a visible label and is not solely labeled using hidden labels, or the title or aria-describedby attributes",Form elements should have a visible label,https://dequeuniversity.com/rules/axe/4.10/label-title-only?application=axeAPI,"<input title=""Enter the terms you wish to search for."" data-drupal-selector=""edit-keys"" type=""search"" id=""edit-keys"" name=""keys"" value="""" size=""15"" maxlength=""128"" class=""form-search"">"
169,https://amigos.org/services/continuing-education/ai-prompting-purpose-building-refining-and-testing-ai-prompts-library,"AI Prompting with Purpose: Building, Refining, and Testing AI Prompts for Library Work | Amigos Library Services",serious,label-title-only,"Ensure that every form element has a visible label and is not solely labeled using hidden labels, or the title or aria-describedby attributes",Form elements should have a visible label,https://dequeuniversity.com/rules/axe/4.10/label-title-only?application=axeAPI,"<input title=""Enter the terms you wish to search for."" data-drupal-selector=""edit-keys"" type=""search"" id=""edit-keys"" name=""keys"" value="""" size=""15"" maxlength=""128"" class=""form-search"">"
170,https://amigos.org/services/continuing-education/introduction-research-data-management-accidental-data-services,An Introduction to Research Data Management for the Accidental Data Services Librarian | Amigos Library Services,serious,label-title-only,"Ensure that every form element has a visible label and is not solely labeled using hidden labels, or the title or aria-describedby attributes",Form elements should have a visible label,https://dequeuniversity.com/rules/axe/4.10/label-title-only?application=axeAPI,"<input title=""Enter the terms you wish to search for."" data-drupal-selector=""edit-keys"" type=""search"" id=""edit-keys"" name=""keys"" value="""" size=""15"" maxlength=""128"" class=""form-search"">"
175,https://amigos.org/services/continuing-education/beyond-accessibility-basics,Beyond Accessibility Basics | Amigos Library Services,serious,label-title-only,"Ensure that every form element has a visible label and is not solely labeled using hidden labels, or the title or aria-describedby attributes",Form elements should have a visible label,https://dequeuniversity.com/rules/axe/4.10/label-title-only?application=axeAPI,"<input title=""Enter the terms you wish to search for."" data-drupal-selector=""edit-keys"" type=""search"" id=""edit-keys"" name=""keys"" value="""" size=""15"" maxlength=""128"" class=""form-search"">"
180,https://amigos.org/services/continuing-education/collections-reflect-communities-amigos-online-conference,Collections Reflect Communities: An Amigos Online Conference | Amigos Library Services,serious,label-title-only,"Ensure that every form element has a visible label and is not solely labeled using hidden labels, or the title or aria-describedby attributes",Form elements should have a visible label,https://dequeuniversity.com/rules/axe/4.10/label-title-only?application=axeAPI,"<input title=""Enter the terms you wish to search for."" data-drupal-selector=""edit-keys"" type=""search"" id=""edit-keys"" name=""keys"" value="""" size=""15"" maxlength=""128"" class=""form-search"">"
196,https://amigos.org/services/continuing-education/doing-digital-preservation,Doing Digital Preservation | Amigos Library Services,serious,label-title-only,"Ensure that every form element has a visible label and is not solely labeled using hidden labels, or the title or aria-describedby attributes",Form elements should have a visible label,https://dequeuniversity.com/rules/axe/4.10/label-title-only?application=axeAPI,"<input title=""Enter the terms you wish to search for."" data-drupal-selector=""edit-keys"" type=""search"" id=""edit-keys"" name=""keys"" value="""" size=""15"" maxlength=""128"" class=""form-search"">"
209,https://amigos.org/services/continuing-education/graphic-design-librarians,Graphic Design for Librarians | Amigos Library Services,serious,label-title-only,"Ensure that every form element has a visible label and is not solely labeled using hidden labels, or the title or aria-describedby attributes",Form elements should have a visible label,https://dequeuniversity.com/rules/axe/4.10/label-title-only?application=axeAPI,"<input title=""Enter the terms you wish to search for."" data-drupal-selector=""edit-keys"" type=""search"" id=""edit-keys"" name=""keys"" value="""" size=""15"" maxlength=""128"" class=""form-search"">"
211,https://amigos.org/services/continuing-education/how-teach-online,How to Teach Online | Amigos Library Services,serious,label-title-only,"Ensure that every form element has a visible label and is not solely labeled using hidden labels, or the title or aria-describedby attributes",Form elements should have a visible label,https://dequeuniversity.com/rules/axe/4.10/label-title-only?application=axeAPI,"<input title=""Enter the terms you wish to search for."" data-drupal-selector=""edit-keys"" type=""search"" id=""edit-keys"" name=""keys"" value="""" size=""15"" maxlength=""128"" class=""form-search"">"
213,https://amigos.org/services/continuing-education/incorporating-sustainability-teaching-programs-and-practice,"Incorporating Sustainability into Teaching, Programs, and Practice | Amigos Library Services",serious,label-title-only,"Ensure that every form element has a visible label and is not solely labeled using hidden labels, or the title or aria-describedby attributes",Form elements should have a visible label,https://dequeuniversity.com/rules/axe/4.10/label-title-only?application=axeAPI,"<input title=""Enter the terms you wish to search for."" data-drupal-selector=""edit-keys"" type=""search"" id=""edit-keys"" name=""keys"" value="""" size=""15"" maxlength=""128"" class=""form-search"">"
214,https://amigos.org/services/continuing-education/information-literacy-ai-era-navigating-digital-information-critical,Information Literacy in the AI Era: Navigating Digital Information with Critical Thought | Amigos Library Services,serious,label-title-only,"Ensure that every form element has a visible label and is not solely labeled using hidden labels, or the title or aria-describedby attributes",Form elements should have a visible label,https://dequeuniversity.com/rules/axe/4.10/label-title-only?application=axeAPI,"<input title=""Enter the terms you wish to search for."" data-drupal-selector=""edit-keys"" type=""search"" id=""edit-keys"" name=""keys"" value="""" size=""15"" maxlength=""128"" class=""form-search"">"
216,https://amigos.org/services/continuing-education/intermediate-cataloging-subject-analysis,Intermediate Cataloging: Subject Analysis | Amigos Library Services,serious,label-title-only,"Ensure that every form element has a visible label and is not solely labeled using hidden labels, or the title or aria-describedby attributes",Form elements should have a visible label,https://dequeuniversity.com/rules/axe/4.10/label-title-only?application=axeAPI,"<input title=""Enter the terms you wish to search for."" data-drupal-selector=""edit-keys"" type=""search"" id=""edit-keys"" name=""keys"" value="""" size=""15"" maxlength=""128"" class=""form-search"">"
217,https://amigos.org/services/continuing-education/intermediate-genealogy,Intermediate Genealogy | Amigos Library Services,serious,label-title-only,"Ensure that every form element has a visible label and is not solely labeled using hidden labels, or the title or aria-describedby attributes",Form elements should have a visible label,https://dequeuniversity.com/rules/axe/4.10/label-title-only?application=axeAPI,"<input title=""Enter the terms you wish to search for."" data-drupal-selector=""edit-keys"" type=""search"" id=""edit-keys"" name=""keys"" value="""" size=""15"" maxlength=""128"" class=""form-search"">"
226,https://amigos.org/services/continuing-education/introduction-reference-services-3-reference-resources,Introduction to Reference Services 3: Reference Resources | Amigos Library Services,serious,label-title-only,"Ensure that every form element has a visible label and is not solely labeled using hidden labels, or the title or aria-describedby attributes",Form elements should have a visible label,https://dequeuniversity.com/rules/axe/4.10/label-title-only?application=axeAPI,"<input title=""Enter the terms you wish to search for."" data-drupal-selector=""edit-keys"" type=""search"" id=""edit-keys"" name=""keys"" value="""" size=""15"" maxlength=""128"" class=""form-search"">"
228,https://amigos.org/services/continuing-education/introduction-serials-cataloging,Introduction to Serials Cataloging | Amigos Library Services,serious,label-title-only,"Ensure that every form element has a visible label and is not solely labeled using hidden labels, or the title or aria-describedby attributes",Form elements should have a visible label,https://dequeuniversity.com/rules/axe/4.10/label-title-only?application=axeAPI,"<input title=""Enter the terms you wish to search for."" data-drupal-selector=""edit-keys"" type=""search"" id=""edit-keys"" name=""keys"" value="""" size=""15"" maxlength=""128"" class=""form-search"">"
230,https://amigos.org/services/continuing-education/know-go-ai-tools-and-library-instruction,Know & Go: AI Tools and Library Instruction | Amigos Library Services,serious,label-title-only,"Ensure that every form element has a visible label and is not solely labeled using hidden labels, or the title or aria-describedby attributes",Form elements should have a visible label,https://dequeuniversity.com/rules/axe/4.10/label-title-only?application=axeAPI,"<input title=""Enter the terms you wish to search for."" data-drupal-selector=""edit-keys"" type=""search"" id=""edit-keys"" name=""keys"" value="""" size=""15"" maxlength=""128"" class=""form-search"">"
231,https://amigos.org/services/continuing-education/know-go-artificial-intelligence-ai-libraries,Know & Go: Artificial Intelligence (AI) in Libraries | Amigos Library Services,serious,label-title-only,"Ensure that every form element has a visible label and is not solely labeled using hidden labels, or the title or aria-describedby attributes",Form elements should have a visible label,https://dequeuniversity.com/rules/axe/4.10/label-title-only?application=axeAPI,"<input title=""Enter the terms you wish to search for."" data-drupal-selector=""edit-keys"" type=""search"" id=""edit-keys"" name=""keys"" value="""" size=""15"" maxlength=""128"" class=""form-search"">"
237,https://amigos.org/services/continuing-education/know-go-cataloging-collection-unusual-things,Know & Go: Cataloging a Collection of Unusual Things | Amigos Library Services,serious,label-title-only,"Ensure that every form element has a visible label and is not solely labeled using hidden labels, or the title or aria-describedby attributes",Form elements should have a visible label,https://dequeuniversity.com/rules/axe/4.10/label-title-only?application=axeAPI,"<input title=""Enter the terms you wish to search for."" data-drupal-selector=""edit-keys"" type=""search"" id=""edit-keys"" name=""keys"" value="""" size=""15"" maxlength=""128"" class=""form-search"">"
238,https://amigos.org/services/continuing-education/know-go-cataloging-graphic-novels,Know & Go: Cataloging Graphic Novels | Amigos Library Services,serious,label-title-only,"Ensure that every form element has a visible label and is not solely labeled using hidden labels, or the title or aria-describedby attributes",Form elements should have a visible label,https://dequeuniversity.com/rules/axe/4.10/label-title-only?application=axeAPI,"<input title=""Enter the terms you wish to search for."" data-drupal-selector=""edit-keys"" type=""search"" id=""edit-keys"" name=""keys"" value="""" size=""15"" maxlength=""128"" class=""form-search"">"
241,https://amigos.org/services/continuing-education/know-go-census-records-genealogy,Know & Go: Census Records for Genealogy | Amigos Library Services,serious,label-title-only,"Ensure that every form element has a visible label and is not solely labeled using hidden labels, or the title or aria-describedby attributes",Form elements should have a visible label,https://dequeuniversity.com/rules/axe/4.10/label-title-only?application=axeAPI,"<input title=""Enter the terms you wish to search for."" data-drupal-selector=""edit-keys"" type=""search"" id=""edit-keys"" name=""keys"" value="""" size=""15"" maxlength=""128"" class=""form-search"">"
244,https://amigos.org/services/continuing-education/know-go-conducting-effective-meetings,Know & Go: Conducting Effective Meetings | Amigos Library Services,serious,label-title-only,"Ensure that every form element has a visible label and is not solely labeled using hidden labels, or the title or aria-describedby attributes",Form elements should have a visible label,https://dequeuniversity.com/rules/axe/4.10/label-title-only?application=axeAPI,"<input title=""Enter the terms you wish to search for."" data-drupal-selector=""edit-keys"" type=""search"" id=""edit-keys"" name=""keys"" value="""" size=""15"" maxlength=""128"" class=""form-search"">"
251,https://amigos.org/services/continuing-education/know-go-donation-and-gift-policy-best-practices-libraries,Know & Go: Donation and Gift Policy Best Practices for Libraries | Amigos Library Services,serious,label-title-only,"Ensure that every form element has a visible label and is not solely labeled using hidden labels, or the title or aria-describedby attributes",Form elements should have a visible label,https://dequeuniversity.com/rules/axe/4.10/label-title-only?application=axeAPI,"<input title=""Enter the terms you wish to search for."" data-drupal-selector=""edit-keys"" type=""search"" id=""edit-keys"" name=""keys"" value="""" size=""15"" maxlength=""128"" class=""form-search"">"
257,https://amigos.org/services/continuing-education/know-go-strategic-planning-strategic-foresight,Know & Go: From Strategic Planning to Strategic Foresight | Amigos Library Services,serious,label-title-only,"Ensure that every form element has a visible label and is not solely labeled using hidden labels, or the title or aria-describedby attributes",Form elements should have a visible label,https://dequeuniversity.com/rules/axe/4.10/label-title-only?application=axeAPI,"<input title=""Enter the terms you wish to search for."" data-drupal-selector=""edit-keys"" type=""search"" id=""edit-keys"" name=""keys"" value="""" size=""15"" maxlength=""128"" class=""form-search"">"
258,https://amigos.org/services/continuing-education/know-go-health-literacy-libraries,Know & Go: Health Literacy in Libraries | Amigos Library Services,serious,label-title-only,"Ensure that every form element has a visible label and is not solely labeled using hidden labels, or the title or aria-describedby attributes",Form elements should have a visible label,https://dequeuniversity.com/rules/axe/4.10/label-title-only?application=axeAPI,"<input title=""Enter the terms you wish to search for."" data-drupal-selector=""edit-keys"" type=""search"" id=""edit-keys"" name=""keys"" value="""" size=""15"" maxlength=""128"" class=""form-search"">"
259,https://amigos.org/services/continuing-education/know-go-how-catalog-kits,Know & Go: How to Catalog Kits | Amigos Library Services,serious,label-title-only,"Ensure that every form element has a visible label and is not solely labeled using hidden labels, or the title or aria-describedby attributes",Form elements should have a visible label,https://dequeuniversity.com/rules/axe/4.10/label-title-only?application=axeAPI,"<input title=""Enter the terms you wish to search for."" data-drupal-selector=""edit-keys"" type=""search"" id=""edit-keys"" name=""keys"" value="""" size=""15"" maxlength=""128"" class=""form-search"">"
264,https://amigos.org/services/continuing-education/know-go-making-meetings-more-effective,Know & Go: Making Meetings More Effective | Amigos Library Services,serious,label-title-only,"Ensure that every form element has a visible label and is not solely labeled using hidden labels, or the title or aria-describedby attributes",Form elements should have a visible label,https://dequeuniversity.com/rules/axe/4.10/label-title-only?application=axeAPI,"<input title=""Enter the terms you wish to search for."" data-drupal-selector=""edit-keys"" type=""search"" id=""edit-keys"" name=""keys"" value="""" size=""15"" maxlength=""128"" class=""form-search"">"
266,https://amigos.org/services/continuing-education/know-go-manipulating-metadata-marcedit-and-openrefine,Know & Go: Manipulating Metadata with MarcEdit and OpenRefine | Amigos Library Services,serious,label-title-only,"Ensure that every form element has a visible label and is not solely labeled using hidden labels, or the title or aria-describedby attributes",Form elements should have a visible label,https://dequeuniversity.com/rules/axe/4.10/label-title-only?application=axeAPI,"<input title=""Enter the terms you wish to search for."" data-drupal-selector=""edit-keys"" type=""search"" id=""edit-keys"" name=""keys"" value="""" size=""15"" maxlength=""128"" class=""form-search"">"
269,https://amigos.org/services/continuing-education/know-go-plain-language-communication-libraries,Know & Go: Plain Language Communication in Libraries | Amigos Library Services,serious,label-title-only,"Ensure that every form element has a visible label and is not solely labeled using hidden labels, or the title or aria-describedby attributes",Form elements should have a visible label,https://dequeuniversity.com/rules/axe/4.10/label-title-only?application=axeAPI,"<input title=""Enter the terms you wish to search for."" data-drupal-selector=""edit-keys"" type=""search"" id=""edit-keys"" name=""keys"" value="""" size=""15"" maxlength=""128"" class=""form-search"">"
274,https://amigos.org/services/continuing-education/know-go-recovering-wind-and-rain-event,Know & Go: Recovering from a Wind and Rain Event | Amigos Library Services,serious,label-title-only,"Ensure that every form element has a visible label and is not solely labeled using hidden labels, or the title or aria-describedby attributes",Form elements should have a visible label,https://dequeuniversity.com/rules/axe/4.10/label-title-only?application=axeAPI,"<input title=""Enter the terms you wish to search for."" data-drupal-selector=""edit-keys"" type=""search"" id=""edit-keys"" name=""keys"" value="""" size=""15"" maxlength=""128"" class=""form-search"">"
277,https://amigos.org/services/continuing-education/know-go-strategies-designing-library-instruction-ai-tools-chat,Know & Go: Strategies for Designing Library Instruction on AI Tools & Chat | Amigos Library Services,serious,label-title-only,"Ensure that every form element has a visible label and is not solely labeled using hidden labels, or the title or aria-describedby attributes",Form elements should have a visible label,https://dequeuniversity.com/rules/axe/4.10/label-title-only?application=axeAPI,"<input title=""Enter the terms you wish to search for."" data-drupal-selector=""edit-keys"" type=""search"" id=""edit-keys"" name=""keys"" value="""" size=""15"" maxlength=""128"" class=""form-search"">"
282,https://amigos.org/services/continuing-education/know-go-unlocking-benefits-membership-amigos-library-services,Know & Go: Unlocking the Benefits of Membership in Amigos Library Services | Amigos Library Services,serious,label-title-only,"Ensure that every form element has a visible label and is not solely labeled using hidden labels, or the title or aria-describedby attributes",Form elements should have a visible label,https://dequeuniversity.com/rules/axe/4.10/label-title-only?application=axeAPI,"<input title=""Enter the terms you wish to search for."" data-drupal-selector=""edit-keys"" type=""search"" id=""edit-keys"" name=""keys"" value="""" size=""15"" maxlength=""128"" class=""form-search"">"
283,https://amigos.org/services/continuing-education/know-go-using-and-creating-infographics-libraries,Know & Go: Using and Creating Infographics in Libraries | Amigos Library Services,serious,label-title-only,"Ensure that every form element has a visible label and is not solely labeled using hidden labels, or the title or aria-describedby attributes",Form elements should have a visible label,https://dequeuniversity.com/rules/axe/4.10/label-title-only?application=axeAPI,"<input title=""Enter the terms you wish to search for."" data-drupal-selector=""edit-keys"" type=""search"" id=""edit-keys"" name=""keys"" value="""" size=""15"" maxlength=""128"" class=""form-search"">"
285,https://amigos.org/services/continuing-education/know-go-writing-effective-alternative-text,Know & Go: Writing Effective Alternative Text | Amigos Library Services,serious,label-title-only,"Ensure that every form element has a visible label and is not solely labeled using hidden labels, or the title or aria-describedby attributes",Form elements should have a visible label,https://dequeuniversity.com/rules/axe/4.10/label-title-only?application=axeAPI,"<input title=""Enter the terms you wish to search for."" data-drupal-selector=""edit-keys"" type=""search"" id=""edit-keys"" name=""keys"" value="""" size=""15"" maxlength=""128"" class=""form-search"">"
294,https://amigos.org/services/continuing-education/library-congress-classification-basics,Library of Congress Classification: The Basics | Amigos Library Services,serious,label-title-only,"Ensure that every form element has a visible label and is not solely labeled using hidden labels, or the title or aria-describedby attributes",Form elements should have a visible label,https://dequeuniversity.com/rules/axe/4.10/label-title-only?application=axeAPI,"<input title=""Enter the terms you wish to search for."" data-drupal-selector=""edit-keys"" type=""search"" id=""edit-keys"" name=""keys"" value="""" size=""15"" maxlength=""128"" class=""form-search"">"
297,https://amigos.org/services/continuing-education/metadata-principles-and-practices-metadata-relationships,Metadata Principles and Practices: Metadata Relationships | Amigos Library Services,serious,label-title-only,"Ensure that every form element has a visible label and is not solely labeled using hidden labels, or the title or aria-describedby attributes",Form elements should have a visible label,https://dequeuniversity.com/rules/axe/4.10/label-title-only?application=axeAPI,"<input title=""Enter the terms you wish to search for."" data-drupal-selector=""edit-keys"" type=""search"" id=""edit-keys"" name=""keys"" value="""" size=""15"" maxlength=""128"" class=""form-search"">"
303,https://amigos.org/services/continuing-education/rda-audio-recordings,RDA for Audio Recordings | Amigos Library Services,serious,label-title-only,"Ensure that every form element has a visible label and is not solely labeled using hidden labels, or the title or aria-describedby attributes",Form elements should have a visible label,https://dequeuniversity.com/rules/axe/4.10/label-title-only?application=axeAPI,"<input title=""Enter the terms you wish to search for."" data-drupal-selector=""edit-keys"" type=""search"" id=""edit-keys"" name=""keys"" value="""" size=""15"" maxlength=""128"" class=""form-search"">"
307,https://amigos.org/services/continuing-education/reference-policies,Reference Policies | Amigos Library Services,serious,label-title-only,"Ensure that every form element has a visible label and is not solely labeled using hidden labels, or the title or aria-describedby attributes",Form elements should have a visible label,https://dequeuniversity.com/rules/axe/4.10/label-title-only?application=axeAPI,"<input title=""Enter the terms you wish to search for."" data-drupal-selector=""edit-keys"" type=""search"" id=""edit-keys"" name=""keys"" value="""" size=""15"" maxlength=""128"" class=""form-search"">"
308,https://amigos.org/services/continuing-education/serving-neurodiverse-library-user,Serving the Neurodiverse Library User | Amigos Library Services,serious,label-title-only,"Ensure that every form element has a visible label and is not solely labeled using hidden labels, or the title or aria-describedby attributes",Form elements should have a visible label,https://dequeuniversity.com/rules/axe/4.10/label-title-only?application=axeAPI,"<input title=""Enter the terms you wish to search for."" data-drupal-selector=""edit-keys"" type=""search"" id=""edit-keys"" name=""keys"" value="""" size=""15"" maxlength=""128"" class=""form-search"">"
311,https://amigos.org/services/continuing-education/streamlining-library-workflows-and-processes,Streamlining Library Workflows and Processes | Amigos Library Services,serious,label-title-only,"Ensure that every form element has a visible label and is not solely labeled using hidden labels, or the title or aria-describedby attributes",Form elements should have a visible label,https://dequeuniversity.com/rules/axe/4.10/label-title-only?application=axeAPI,"<input title=""Enter the terms you wish to search for."" data-drupal-selector=""edit-keys"" type=""search"" id=""edit-keys"" name=""keys"" value="""" size=""15"" maxlength=""128"" class=""form-search"">"
320,https://amigos.org/services/continuing-education/transparency-library-communication,Transparency in Library Communication | Amigos Library Services,serious,label-title-only,"Ensure that every form element has a visible label and is not solely labeled using hidden labels, or the title or aria-describedby attributes",Form elements should have a visible label,https://dequeuniversity.com/rules/axe/4.10/label-title-only?application=axeAPI,"<input title=""Enter the terms you wish to search for."" data-drupal-selector=""edit-keys"" type=""search"" id=""edit-keys"" name=""keys"" value="""" size=""15"" maxlength=""128"" class=""form-search"">"
321,https://amigos.org/services/continuing-education/understanding-and-assisting-library-patrons-autism-spectrum,Understanding and Assisting Library Patrons on the Autism Spectrum | Amigos Library Services,serious,label-title-only,"Ensure that every form element has a visible label and is not solely labeled using hidden labels, or the title or aria-describedby attributes",Form elements should have a visible label,https://dequeuniversity.com/rules/axe/4.10/label-title-only?application=axeAPI,"<input title=""Enter the terms you wish to search for."" data-drupal-selector=""edit-keys"" type=""search"" id=""edit-keys"" name=""keys"" value="""" size=""15"" maxlength=""128"" class=""form-search"">"
322,https://amigos.org/services/continuing-education/understanding-needs-patrons-mental-disorders-and-improving-self-care,Understanding Needs of Patrons with Mental Disorders and Improving Self-Care for Library Professionals | Amigos Library Services,serious,label-title-only,"Ensure that every form element has a visible label and is not solely labeled using hidden labels, or the title or aria-describedby attributes",Form elements should have a visible label,https://dequeuniversity.com/rules/axe/4.10/label-title-only?application=axeAPI,"<input title=""Enter the terms you wish to search for."" data-drupal-selector=""edit-keys"" type=""search"" id=""edit-keys"" name=""keys"" value="""" size=""15"" maxlength=""128"" class=""form-search"">"
328,https://amigos.org/services/continuing-education/discover-hyku-empowering-libraries-open-source-repository-solutions,Access denied | Amigos Library Services,serious,label-title-only,"Ensure that every form element has a visible label and is not solely labeled using hidden labels, or the title or aria-describedby attributes",Form elements should have a visible label,https://dequeuniversity.com/rules/axe/4.10/label-title-only?application=axeAPI,"<input title=""Enter the terms you wish to search for."" data-drupal-selector=""edit-keys"" type=""search"" id=""edit-keys"" name=""keys"" value="""" size=""15"" maxlength=""128"" class=""form-search"">"
328,https://amigos.org/services/continuing-education/discover-hyku-empowering-libraries-open-source-repository-solutions,Access denied | Amigos Library Services,moderate,page-has-heading-one,"Ensure that the page, or at least one of its frames contains a level-one heading",Page should contain a level-one heading,https://dequeuniversity.com/rules/axe/4.10/page-has-heading-one?application=axeAPI,"<html lang=""en"" dir=""ltr"" class=""js"">"
329,https://amigos.org/services/continuing-education/hive-tips-and-tricks-using-generative-ai,Access denied | Amigos Library Services,serious,label-title-only,"Ensure that every form element has a visible label and is not solely labeled using hidden labels, or the title or aria-describedby attributes",Form elements should have a visible label,https://dequeuniversity.com/rules/axe/4.10/label-title-only?application=axeAPI,"<input title=""Enter the terms you wish to search for."" data-drupal-selector=""edit-keys"" type=""search"" id=""edit-keys"" name=""keys"" value="""" size=""15"" maxlength=""128"" class=""form-search"">"
329,https://amigos.org/services/continuing-education/hive-tips-and-tricks-using-generative-ai,Access denied | Amigos Library Services,moderate,page-has-heading-one,"Ensure that the page, or at least one of its frames contains a level-one heading",Page should contain a level-one heading,https://dequeuniversity.com/rules/axe/4.10/page-has-heading-one?application=axeAPI,"<html lang=""en"" dir=""ltr"" class=""js"">"
330,https://amigos.org/services/trans-amigos-express/disruption-of-service,TAE | Login,moderate,landmark-one-main,Ensure the document has a main landmark,Document should have one main landmark,https://dequeuniversity.com/rules/axe/4.10/landmark-one-main?application=axeAPI,"<html lang=""en"" class=""wf-nunito-n6-active wf-nunito-n7-active wf-opensans-n4-active wf-opensans-n5-active wf-opensans-n6-active wf-opensans-n7-active wf-comfortaa-n5-active wf-notosanshanunoo-n4-active wf-nunito-n4-active wf-active b-root"" style=""height: 100%;"">"
330,https://amigos.org/services/trans-amigos-express/disruption-of-service,TAE | Login,moderate,region,Ensure all page content is contained by landmarks,All page content should be contained by landmarks,https://dequeuniversity.com/rules/axe/4.10/region?application=axeAPI,"<div class=""bubble-element Group baTaKot bubble-r-container fixed"">"
330,https://amigos.org/services/trans-amigos-express/disruption-of-service,TAE | Login,moderate,region,Ensure all page content is contained by landmarks,All page content should be contained by landmarks,https://dequeuniversity.com/rules/axe/4.10/region?application=axeAPI,"<div class=""bubble-element Group baTaHeaT bubble-r-container flex column""><div class=""bubble-element Text baTaHeaU"">Enter Your Email</div><input class=""bubble-element Input baTaHeaV a1773079875421x486"" type=""email"" placeholder=""Email"" style=""background-color: rgb(247, 247, 248);""></div>"
330,https://amigos.org/services/trans-amigos-express/disruption-of-service,TAE | Login,moderate,region,Ensure all page content is contained by landmarks,All page content should be contained by landmarks,https://dequeuniversity.com/rules/axe/4.10/region?application=axeAPI,"<div class=""bubble-element Group baTaHeaZ bubble-r-container flex column"">"
330,https://amigos.org/services/trans-amigos-express/disruption-of-service,TAE | Login,moderate,region,Ensure all page content is contained by landmarks,All page content should be contained by landmarks,https://dequeuniversity.com/rules/axe/4.10/region?application=axeAPI,"<div class=""bubble-element Text baTaHyx clickable-element"">Forgot Password?</div>"
330,https://amigos.org/services/trans-amigos-express/disruption-of-service,TAE | Login,moderate,region,Ensure all page content is contained by landmarks,All page content should be contained by landmarks,https://dequeuniversity.com/rules/axe/4.10/region?application=axeAPI,"<div class=""bubble-element Group baTaIaLaI bubble-r-container flex row""><div class=""bubble-element Text baTaIaLaN"">Don't have an account? </div><div class=""bubble-element Text baTaIaLaO clickable-element""> Sign Up </div></div>"
331,https://amigos.org/services/trans-amigos-express/holiday-closing-report,TAE | Login,moderate,landmark-one-main,Ensure the document has a main landmark,Document should have one main landmark,https://dequeuniversity.com/rules/axe/4.10/landmark-one-main?application=axeAPI,"<html lang=""en"" class=""wf-comfortaa-n5-active wf-notosanshanunoo-n4-active wf-nunito-n4-active wf-nunito-n6-active wf-nunito-n7-active wf-opensans-n4-active wf-opensans-n5-active wf-opensans-n6-active wf-opensans-n7-active wf-active b-root"" style=""height: 100%;"">"
331,https://amigos.org/services/trans-amigos-express/holiday-closing-report,TAE | Login,moderate,region,Ensure all page content is contained by landmarks,All page content should be contained by landmarks,https://dequeuniversity.com/rules/axe/4.10/region?application=axeAPI,"<div class=""bubble-element Group baTaKot bubble-r-container fixed"">"
331,https://amigos.org/services/trans-amigos-express/holiday-closing-report,TAE | Login,moderate,region,Ensure all page content is contained by landmarks,All page content should be contained by landmarks,https://dequeuniversity.com/rules/axe/4.10/region?application=axeAPI,"<div class=""bubble-element Group baTaHeaT bubble-r-container flex column""><div class=""bubble-element Text baTaHeaU"">Enter Your Email</div><input class=""bubble-element Input baTaHeaV a1773079877349x486"" type=""email"" placeholder=""Email"" style=""background-color: rgb(247, 247, 248);""></div>"
331,https://amigos.org/services/trans-amigos-express/holiday-closing-report,TAE | Login,moderate,region,Ensure all page content is contained by landmarks,All page content should be contained by landmarks,https://dequeuniversity.com/rules/axe/4.10/region?application=axeAPI,"<div class=""bubble-element Group baTaHeaZ bubble-r-container flex column"">"
331,https://amigos.org/services/trans-amigos-express/holiday-closing-report,TAE | Login,moderate,region,Ensure all page content is contained by landmarks,All page content should be contained by landmarks,https://dequeuniversity.com/rules/axe/4.10/region?application=axeAPI,"<div class=""bubble-element Text baTaHyx clickable-element"">Forgot Password?</div>"
331,https://amigos.org/services/trans-amigos-express/holiday-closing-report,TAE | Login,moderate,region,Ensure all page content is contained by landmarks,All page content should be contained by landmarks,https://dequeuniversity.com/rules/axe/4.10/region?application=axeAPI,"<div class=""bubble-element Group baTaIaLaI bubble-r-container flex row""><div class=""bubble-element Text baTaIaLaN"">Don't have an account? </div><div class=""bubble-element Text baTaIaLaO clickable-element""> Sign Up </div></div>"
332,https://amigos.org/services/trans-amigos-express/lost-damaged-items,TAE | Login,moderate,landmark-one-main,Ensure the document has a main landmark,Document should have one main landmark,https://dequeuniversity.com/rules/axe/4.10/landmark-one-main?application=axeAPI,"<html lang=""en"" class=""wf-comfortaa-n5-active wf-notosanshanunoo-n4-active wf-nunito-n4-active wf-nunito-n6-active wf-nunito-n7-active wf-opensans-n4-active wf-opensans-n5-active wf-opensans-n6-active wf-opensans-n7-active wf-active b-root"" style=""height: 100%;"">"
332,https://amigos.org/services/trans-amigos-express/lost-damaged-items,TAE | Login,moderate,region,Ensure all page content is contained by landmarks,All page content should be contained by landmarks,https://dequeuniversity.com/rules/axe/4.10/region?application=axeAPI,"<div class=""bubble-element Group baTaKot bubble-r-container fixed"">"
332,https://amigos.org/services/trans-amigos-express/lost-damaged-items,TAE | Login,moderate,region,Ensure all page content is contained by landmarks,All page content should be contained by landmarks,https://dequeuniversity.com/rules/axe/4.10/region?application=axeAPI,"<div class=""bubble-element Group baTaHeaT bubble-r-container flex column""><div class=""bubble-element Text baTaHeaU"">Enter Your Email</div><input class=""bubble-element Input baTaHeaV a1773079878901x486"" type=""email"" placeholder=""Email"" style=""background-color: rgb(247, 247, 248);""></div>"
332,https://amigos.org/services/trans-amigos-express/lost-damaged-items,TAE | Login,moderate,region,Ensure all page content is contained by landmarks,All page content should be contained by landmarks,https://dequeuniversity.com/rules/axe/4.10/region?application=axeAPI,"<div class=""bubble-element Group baTaHeaZ bubble-r-container flex column"">"
332,https://amigos.org/services/trans-amigos-express/lost-damaged-items,TAE | Login,moderate,region,Ensure all page content is contained by landmarks,All page content should be contained by landmarks,https://dequeuniversity.com/rules/axe/4.10/region?application=axeAPI,"<div class=""bubble-element Text baTaHyx clickable-element"">Forgot Password?</div>"
332,https://amigos.org/services/trans-amigos-express/lost-damaged-items,TAE | Login,moderate,region,Ensure all page content is contained by landmarks,All page content should be contained by landmarks,https://dequeuniversity.com/rules/axe/4.10/region?application=axeAPI,"<div class=""bubble-element Group baTaIaLaI bubble-r-container flex row""><div class=""bubble-element Text baTaIaLaN"">Don't have an account? </div><div class=""bubble-element Text baTaIaLaO clickable-element""> Sign Up </div></div>"
333,https://amigos.org/services/trans-amigos-express/tae-supply-request,TAE | Login,moderate,landmark-one-main,Ensure the document has a main landmark,Document should have one main landmark,https://dequeuniversity.com/rules/axe/4.10/landmark-one-main?application=axeAPI,"<html lang=""en"" class=""wf-comfortaa-n5-active wf-notosanshanunoo-n4-active wf-nunito-n4-active wf-nunito-n6-active wf-nunito-n7-active wf-opensans-n4-active wf-opensans-n5-active wf-opensans-n6-active wf-opensans-n7-active wf-active b-root"" style=""height: 100%;"">"
333,https://amigos.org/services/trans-amigos-express/tae-supply-request,TAE | Login,moderate,region,Ensure all page content is contained by landmarks,All page content should be contained by landmarks,https://dequeuniversity.com/rules/axe/4.10/region?application=axeAPI,"<div class=""bubble-element Group baTaKot bubble-r-container fixed"">"
333,https://amigos.org/services/trans-amigos-express/tae-supply-request,TAE | Login,moderate,region,Ensure all page content is contained by landmarks,All page content should be contained by landmarks,https://dequeuniversity.com/rules/axe/4.10/region?application=axeAPI,"<div class=""bubble-element Group baTaHeaT bubble-r-container flex column""><div class=""bubble-element Text baTaHeaU"">Enter Your Email</div><input class=""bubble-element Input baTaHeaV a1773079880989x486"" type=""email"" placeholder=""Email"" style=""background-color: rgb(247, 247, 248);""></div>"
333,https://amigos.org/services/trans-amigos-express/tae-supply-request,TAE | Login,moderate,region,Ensure all page content is contained by landmarks,All page content should be contained by landmarks,https://dequeuniversity.com/rules/axe/4.10/region?application=axeAPI,"<div class=""bubble-element Group baTaHeaZ bubble-r-container flex column"">"
333,https://amigos.org/services/trans-amigos-express/tae-supply-request,TAE | Login,moderate,region,Ensure all page content is contained by landmarks,All page content should be contained by landmarks,https://dequeuniversity.com/rules/axe/4.10/region?application=axeAPI,"<div class=""bubble-element Text baTaHyx clickable-element"">Forgot Password?</div>"
333,https://amigos.org/services/trans-amigos-express/tae-supply-request,TAE | Login,moderate,region,Ensure all page content is contained by landmarks,All page content should be contained by landmarks,https://dequeuniversity.com/rules/axe/4.10/region?application=axeAPI,"<div class=""bubble-element Group baTaIaLaI bubble-r-container flex row""><div class=""bubble-element Text baTaIaLaN"">Don't have an account? </div><div class=""bubble-element Text baTaIaLaO clickable-element""> Sign Up </div></div>"
334,https://amigos.org/services/trans-amigos-express/participants?order=field_tae_site_number&sort=asc,Participants | Amigos Library Services,serious,label-title-only,"Ensure that every form element has a visible label and is not solely labeled using hidden labels, or the title or aria-describedby attributes",Form elements should have a visible label,https://dequeuniversity.com/rules/axe/4.10/label-title-only?application=axeAPI,"<input title=""Enter the terms you wish to search for."" data-drupal-selector=""edit-keys"" type=""search"" id=""edit-keys"" name=""keys"" value="""" size=""15"" maxlength=""128"" class=""form-search"">"
335,https://amigos.org/services/trans-amigos-express/participants?order=field_tae_hub&sort=asc,Participants | Amigos Library Services,serious,label-title-only,"Ensure that every form element has a visible label and is not solely labeled using hidden labels, or the title or aria-describedby attributes",Form elements should have a visible label,https://dequeuniversity.com/rules/axe/4.10/label-title-only?application=axeAPI,"<input title=""Enter the terms you wish to search for."" data-drupal-selector=""edit-keys"" type=""search"" id=""edit-keys"" name=""keys"" value="""" size=""15"" maxlength=""128"" class=""form-search"">"
336,https://amigos.org/services/trans-amigos-express/participants?order=field_oclc_symbol&sort=asc,Participants | Amigos Library Services,serious,label-title-only,"Ensure that every form element has a visible label and is not solely labeled using hidden labels, or the title or aria-describedby attributes",Form elements should have a visible label,https://dequeuniversity.com/rules/axe/4.10/label-title-only?application=axeAPI,"<input title=""Enter the terms you wish to search for."" data-drupal-selector=""edit-keys"" type=""search"" id=""edit-keys"" name=""keys"" value="""" size=""15"" maxlength=""128"" class=""form-search"">"
337,https://amigos.org/services/trans-amigos-express/participants?order=field_tae_type&sort=asc,Participants | Amigos Library Services,serious,label-title-only,"Ensure that every form element has a visible label and is not solely labeled using hidden labels, or the title or aria-describedby attributes",Form elements should have a visible label,https://dequeuniversity.com/rules/axe/4.10/label-title-only?application=axeAPI,"<input title=""Enter the terms you wish to search for."" data-drupal-selector=""edit-keys"" type=""search"" id=""edit-keys"" name=""keys"" value="""" size=""15"" maxlength=""128"" class=""form-search"">"
338,https://amigos.org/services/trans-amigos-express/participants?order=field_tae_service_level&sort=asc,Participants | Amigos Library Services,serious,label-title-only,"Ensure that every form element has a visible label and is not solely labeled using hidden labels, or the title or aria-describedby attributes",Form elements should have a visible label,https://dequeuniversity.com/rules/axe/4.10/label-title-only?application=axeAPI,"<input title=""Enter the terms you wish to search for."" data-drupal-selector=""edit-keys"" type=""search"" id=""edit-keys"" name=""keys"" value="""" size=""15"" maxlength=""128"" class=""form-search"">"
339,https://amigos.org/services/trans-amigos-express/participants?order=title&sort=desc,Participants | Amigos Library Services,serious,label-title-only,"Ensure that every form element has a visible label and is not solely labeled using hidden labels, or the title or aria-describedby attributes",Form elements should have a visible label,https://dequeuniversity.com/rules/axe/4.10/label-title-only?application=axeAPI,"<input title=""Enter the terms you wish to search for."" data-drupal-selector=""edit-keys"" type=""search"" id=""edit-keys"" name=""keys"" value="""" size=""15"" maxlength=""128"" class=""form-search"">"
340,https://amigos.org/services/trans-amigos-express/participants?order=field_city&sort=asc,Participants | Amigos Library Services,serious,label-title-only,"Ensure that every form element has a visible label and is not solely labeled using hidden labels, or the title or aria-describedby attributes",Form elements should have a visible label,https://dequeuniversity.com/rules/axe/4.10/label-title-only?application=axeAPI,"<input title=""Enter the terms you wish to search for."" data-drupal-selector=""edit-keys"" type=""search"" id=""edit-keys"" name=""keys"" value="""" size=""15"" maxlength=""128"" class=""form-search"">"
341,https://amigos.org/services/trans-amigos-express/participants?order=field_state&sort=asc,Participants | Amigos Library Services,serious,label-title-only,"Ensure that every form element has a visible label and is not solely labeled using hidden labels, or the title or aria-describedby attributes",Form elements should have a visible label,https://dequeuniversity.com/rules/axe/4.10/label-title-only?application=axeAPI,"<input title=""Enter the terms you wish to search for."" data-drupal-selector=""edit-keys"" type=""search"" id=""edit-keys"" name=""keys"" value="""" size=""15"" maxlength=""128"" class=""form-search"">"
344,https://amigos.org/services/trans-amigos-express/guidelines-labeling/lost-and-damaged-items,Lost and Damaged Items | Amigos Library Services,serious,label-title-only,"Ensure that every form element has a visible label and is not solely labeled using hidden labels, or the title or aria-describedby attributes",Form elements should have a visible label,https://dequeuniversity.com/rules/axe/4.10/label-title-only?application=axeAPI,"<input title=""Enter the terms you wish to search for."" data-drupal-selector=""edit-keys"" type=""search"" id=""edit-keys"" name=""keys"" value="""" size=""15"" maxlength=""128"" class=""form-search"">"
346,https://amigos.org/services/member-discounts/discount-direct/able-card,"Able Card, LLC | Amigos Library Services",serious,label-title-only,"Ensure that every form element has a visible label and is not solely labeled using hidden labels, or the title or aria-describedby attributes",Form elements should have a visible label,https://dequeuniversity.com/rules/axe/4.10/label-title-only?application=axeAPI,"<input title=""Enter the terms you wish to search for."" data-drupal-selector=""edit-keys"" type=""search"" id=""edit-keys"" name=""keys"" value="""" size=""15"" maxlength=""128"" class=""form-search"">"
350,https://amigos.org/services/member-discounts/discount-direct/bibliotheca,Bibliotheca | Amigos Library Services,serious,label-title-only,"Ensure that every form element has a visible label and is not solely labeled using hidden labels, or the title or aria-describedby attributes",Form elements should have a visible label,https://dequeuniversity.com/rules/axe/4.10/label-title-only?application=axeAPI,"<input title=""Enter the terms you wish to search for."" data-drupal-selector=""edit-keys"" type=""search"" id=""edit-keys"" name=""keys"" value="""" size=""15"" maxlength=""128"" class=""form-search"">"
353,https://amigos.org/services/member-discounts/discount-direct/gaylord-archival,Gaylord Archival | Amigos Library Services,serious,label-title-only,"Ensure that every form element has a visible label and is not solely labeled using hidden labels, or the title or aria-describedby attributes",Form elements should have a visible label,https://dequeuniversity.com/rules/axe/4.10/label-title-only?application=axeAPI,"<input title=""Enter the terms you wish to search for."" data-drupal-selector=""edit-keys"" type=""search"" id=""edit-keys"" name=""keys"" value="""" size=""15"" maxlength=""128"" class=""form-search"">"
358,https://amigos.org/services/member-discounts/discount-direct/rep-industries,"R.E.P. Industries, Inc. | Amigos Library Services",serious,label-title-only,"Ensure that every form element has a visible label and is not solely labeled using hidden labels, or the title or aria-describedby attributes",Form elements should have a visible label,https://dequeuniversity.com/rules/axe/4.10/label-title-only?application=axeAPI,"<input title=""Enter the terms you wish to search for."" data-drupal-selector=""edit-keys"" type=""search"" id=""edit-keys"" name=""keys"" value="""" size=""15"" maxlength=""128"" class=""form-search"">"
359,https://amigos.org/services/member-discounts/discount-direct/skilltype,Skilltype | Amigos Library Services,serious,label-title-only,"Ensure that every form element has a visible label and is not solely labeled using hidden labels, or the title or aria-describedby attributes",Form elements should have a visible label,https://dequeuniversity.com/rules/axe/4.10/label-title-only?application=axeAPI,"<input title=""Enter the terms you wish to search for."" data-drupal-selector=""edit-keys"" type=""search"" id=""edit-keys"" name=""keys"" value="""" size=""15"" maxlength=""128"" class=""form-search"">"
372,https://amigos.org/services/member-discounts/vendors/third-iron,BrowZine by Third Iron | Amigos Library Services,serious,label-title-only,"Ensure that every form element has a visible label and is not solely labeled using hidden labels, or the title or aria-describedby attributes",Form elements should have a visible label,https://dequeuniversity.com/rules/axe/4.10/label-title-only?application=axeAPI,"<input title=""Enter the terms you wish to search for."" data-drupal-selector=""edit-keys"" type=""search"" id=""edit-keys"" name=""keys"" value="""" size=""15"" maxlength=""128"" class=""form-search"">"
379,https://amigos.org/services/member-discounts/vendors/demco-software,DEMCO Software | Amigos Library Services,serious,label-title-only,"Ensure that every form element has a visible label and is not solely labeled using hidden labels, or the title or aria-describedby attributes",Form elements should have a visible label,https://dequeuniversity.com/rules/axe/4.10/label-title-only?application=axeAPI,"<input title=""Enter the terms you wish to search for."" data-drupal-selector=""edit-keys"" type=""search"" id=""edit-keys"" name=""keys"" value="""" size=""15"" maxlength=""128"" class=""form-search"">"
382,https://amigos.org/services/member-discounts/vendors/duke-university-press,Duke University Press | Amigos Library Services,serious,label-title-only,"Ensure that every form element has a visible label and is not solely labeled using hidden labels, or the title or aria-describedby attributes",Form elements should have a visible label,https://dequeuniversity.com/rules/axe/4.10/label-title-only?application=axeAPI,"<input title=""Enter the terms you wish to search for."" data-drupal-selector=""edit-keys"" type=""search"" id=""edit-keys"" name=""keys"" value="""" size=""15"" maxlength=""128"" class=""form-search"">"
387,https://amigos.org/services/member-discounts/vendors/mango-languages,Mango Languages | Amigos Library Services,serious,label-title-only,"Ensure that every form element has a visible label and is not solely labeled using hidden labels, or the title or aria-describedby attributes",Form elements should have a visible label,https://dequeuniversity.com/rules/axe/4.10/label-title-only?application=axeAPI,"<input title=""Enter the terms you wish to search for."" data-drupal-selector=""edit-keys"" type=""search"" id=""edit-keys"" name=""keys"" value="""" size=""15"" maxlength=""128"" class=""form-search"">"
393,https://amigos.org/services/member-discounts/vendors/noodletools,NoodleTools | Amigos Library Services,serious,label-title-only,"Ensure that every form element has a visible label and is not solely labeled using hidden labels, or the title or aria-describedby attributes",Form elements should have a visible label,https://dequeuniversity.com/rules/axe/4.10/label-title-only?application=axeAPI,"<input title=""Enter the terms you wish to search for."" data-drupal-selector=""edit-keys"" type=""search"" id=""edit-keys"" name=""keys"" value="""" size=""15"" maxlength=""128"" class=""form-search"">"
398,https://amigos.org/services/member-discounts/vendors/privco,PrivCo | Amigos Library Services,serious,label-title-only,"Ensure that every form element has a visible label and is not solely labeled using hidden labels, or the title or aria-describedby attributes",Form elements should have a visible label,https://dequeuniversity.com/rules/axe/4.10/label-title-only?application=axeAPI,"<input title=""Enter the terms you wish to search for."" data-drupal-selector=""edit-keys"" type=""search"" id=""edit-keys"" name=""keys"" value="""" size=""15"" maxlength=""128"" class=""form-search"">"
399,https://amigos.org/services/member-discounts/vendors/proquest,ProQuest | Amigos Library Services,serious,label-title-only,"Ensure that every form element has a visible label and is not solely labeled using hidden labels, or the title or aria-describedby attributes",Form elements should have a visible label,https://dequeuniversity.com/rules/axe/4.10/label-title-only?application=axeAPI,"<input title=""Enter the terms you wish to search for."" data-drupal-selector=""edit-keys"" type=""search"" id=""edit-keys"" name=""keys"" value="""" size=""15"" maxlength=""128"" class=""form-search"">"
400,https://amigos.org/services/member-discounts/vendors/research-solutions,Research Solutions | Amigos Library Services,moderate,heading-order,Ensure the order of headings is semantically correct,Heading levels should only increase by one,https://dequeuniversity.com/rules/axe/4.10/heading-order?application=axeAPI,"<h4 data-asw-org-font-size=""16"" style=""font-size: 16px;"">"
401,https://amigos.org/services/member-discounts/vendors/rocks-backpages,Rock's Backpages | Amigos Library Services,serious,label-title-only,"Ensure that every form element has a visible label and is not solely labeled using hidden labels, or the title or aria-describedby attributes",Form elements should have a visible label,https://dequeuniversity.com/rules/axe/4.10/label-title-only?application=axeAPI,"<input title=""Enter the terms you wish to search for."" data-drupal-selector=""edit-keys"" type=""search"" id=""edit-keys"" name=""keys"" value="""" size=""15"" maxlength=""128"" class=""form-search"">"
404,https://amigos.org/services/member-discounts/vendors/social-explorer,Social Explorer | Amigos Library Services,serious,label-title-only,"Ensure that every form element has a visible label and is not solely labeled using hidden labels, or the title or aria-describedby attributes",Form elements should have a visible label,https://dequeuniversity.com/rules/axe/4.10/label-title-only?application=axeAPI,"<input title=""Enter the terms you wish to search for."" data-drupal-selector=""edit-keys"" type=""search"" id=""edit-keys"" name=""keys"" value="""" size=""15"" maxlength=""128"" class=""form-search"">"
406,https://amigos.org/services/member-discounts/vendors/taylor-and-francis,Taylor & Francis Group | Amigos Library Services,serious,label-title-only,"Ensure that every form element has a visible label and is not solely labeled using hidden labels, or the title or aria-describedby attributes",Form elements should have a visible label,https://dequeuniversity.com/rules/axe/4.10/label-title-only?application=axeAPI,"<input title=""Enter the terms you wish to search for."" data-drupal-selector=""edit-keys"" type=""search"" id=""edit-keys"" name=""keys"" value="""" size=""15"" maxlength=""128"" class=""form-search"">"
410,https://amigos.org/services/member-discounts/vendors/wolters-kluwer,WoltersKluwer | Amigos Library Services,serious,label-title-only,"Ensure that every form element has a visible label and is not solely labeled using hidden labels, or the title or aria-describedby attributes",Form elements should have a visible label,https://dequeuniversity.com/rules/axe/4.10/label-title-only?application=axeAPI,"<input title=""Enter the terms you wish to search for."" data-drupal-selector=""edit-keys"" type=""search"" id=""edit-keys"" name=""keys"" value="""" size=""15"" maxlength=""128"" class=""form-search"">"
412,https://amigos.org/news/amigos-library-services-joins-samvera-community,Amigos Library Services Joins the Samvera Community | Amigos Library Services,serious,label-title-only,"Ensure that every form element has a visible label and is not solely labeled using hidden labels, or the title or aria-describedby attributes",Form elements should have a visible label,https://dequeuniversity.com/rules/axe/4.10/label-title-only?application=axeAPI,"<input title=""Enter the terms you wish to search for."" data-drupal-selector=""edit-keys"" type=""search"" id=""edit-keys"" name=""keys"" value="""" size=""15"" maxlength=""128"" class=""form-search"">"
417,https://amigos.org/taxonomy/term/90,Course Catalog | Amigos Library Services,serious,label-title-only,"Ensure that every form element has a visible label and is not solely labeled using hidden labels, or the title or aria-describedby attributes",Form elements should have a visible label,https://dequeuniversity.com/rules/axe/4.10/label-title-only?application=axeAPI,"<input title=""Enter the terms you wish to search for."" data-drupal-selector=""edit-keys"" type=""search"" id=""edit-keys"" name=""keys"" value="""" size=""15"" maxlength=""128"" class=""form-search"">"
419,https://amigos.org/taxonomy/term/57,Course Catalog | Amigos Library Services,serious,label-title-only,"Ensure that every form element has a visible label and is not solely labeled using hidden labels, or the title or aria-describedby attributes",Form elements should have a visible label,https://dequeuniversity.com/rules/axe/4.10/label-title-only?application=axeAPI,"<input title=""Enter the terms you wish to search for."" data-drupal-selector=""edit-keys"" type=""search"" id=""edit-keys"" name=""keys"" value="""" size=""15"" maxlength=""128"" class=""form-search"">"
421,https://amigos.org/taxonomy/term/80,Collection Development | Amigos Library Services,serious,label-title-only,"Ensure that every form element has a visible label and is not solely labeled using hidden labels, or the title or aria-describedby attributes",Form elements should have a visible label,https://dequeuniversity.com/rules/axe/4.10/label-title-only?application=axeAPI,"<input title=""Enter the terms you wish to search for."" data-drupal-selector=""edit-keys"" type=""search"" id=""edit-keys"" name=""keys"" value="""" size=""15"" maxlength=""128"" class=""form-search"">"
423,https://amigos.org/node/12794%20,Page not found | Amigos Library Services,serious,label-title-only,"Ensure that every form element has a visible label and is not solely labeled using hidden labels, or the title or aria-describedby attributes",Form elements should have a visible label,https://dequeuniversity.com/rules/axe/4.10/label-title-only?application=axeAPI,"<input title=""Enter the terms you wish to search for."" data-drupal-selector=""edit-keys"" type=""search"" id=""edit-keys"" name=""keys"" value="""" size=""15"" maxlength=""128"" class=""form-search"">"
423,https://amigos.org/node/12794%20,Page not found | Amigos Library Services,moderate,page-has-heading-one,"Ensure that the page, or at least one of its frames contains a level-one heading",Page should contain a level-one heading,https://dequeuniversity.com/rules/axe/4.10/page-has-heading-one?application=axeAPI,"<html lang=""en"" dir=""ltr"" class=""js"">"
425,https://amigos.org/node/12725%20,Page not found | Amigos Library Services,serious,label-title-only,"Ensure that every form element has a visible label and is not solely labeled using hidden labels, or the title or aria-describedby attributes",Form elements should have a visible label,https://dequeuniversity.com/rules/axe/4.10/label-title-only?application=axeAPI,"<input title=""Enter the terms you wish to search for."" data-drupal-selector=""edit-keys"" type=""search"" id=""edit-keys"" name=""keys"" value="""" size=""15"" maxlength=""128"" class=""form-search"">"
425,https://amigos.org/node/12725%20,Page not found | Amigos Library Services,moderate,page-has-heading-one,"Ensure that the page, or at least one of its frames contains a level-one heading",Page should contain a level-one heading,https://dequeuniversity.com/rules/axe/4.10/page-has-heading-one?application=axeAPI,"<html lang=""en"" dir=""ltr"" class=""js"">"
427,https://amigos.org/node/12651%20,Page not found | Amigos Library Services,serious,label-title-only,"Ensure that every form element has a visible label and is not solely labeled using hidden labels, or the title or aria-describedby attributes",Form elements should have a visible label,https://dequeuniversity.com/rules/axe/4.10/label-title-only?application=axeAPI,"<input title=""Enter the terms you wish to search for."" data-drupal-selector=""edit-keys"" type=""search"" id=""edit-keys"" name=""keys"" value="""" size=""15"" maxlength=""128"" class=""form-search"">"
427,https://amigos.org/node/12651%20,Page not found | Amigos Library Services,moderate,page-has-heading-one,"Ensure that the page, or at least one of its frames contains a level-one heading",Page should contain a level-one heading,https://dequeuniversity.com/rules/axe/4.10/page-has-heading-one?application=axeAPI,"<html lang=""en"" dir=""ltr"" class=""js"">"
428,https://amigos.org/node/12485,Collections Reflect Communities | Amigos Library Services,serious,label-title-only,"Ensure that every form element has a visible label and is not solely labeled using hidden labels, or the title or aria-describedby attributes",Form elements should have a visible label,https://dequeuniversity.com/rules/axe/4.10/label-title-only?application=axeAPI,"<input title=""Enter the terms you wish to search for."" data-drupal-selector=""edit-keys"" type=""search"" id=""edit-keys"" name=""keys"" value="""" size=""15"" maxlength=""128"" class=""form-search"">"
429,https://amigos.org/node/12485%20,Page not found | Amigos Library Services,serious,label-title-only,"Ensure that every form element has a visible label and is not solely labeled using hidden labels, or the title or aria-describedby attributes",Form elements should have a visible label,https://dequeuniversity.com/rules/axe/4.10/label-title-only?application=axeAPI,"<input title=""Enter the terms you wish to search for."" data-drupal-selector=""edit-keys"" type=""search"" id=""edit-keys"" name=""keys"" value="""" size=""15"" maxlength=""128"" class=""form-search"">"
429,https://amigos.org/node/12485%20,Page not found | Amigos Library Services,moderate,page-has-heading-one,"Ensure that the page, or at least one of its frames contains a level-one heading",Page should contain a level-one heading,https://dequeuniversity.com/rules/axe/4.10/page-has-heading-one?application=axeAPI,"<html lang=""en"" dir=""ltr"" class=""js"">"
431,https://amigos.org/node/12488,Our Present. Our Futures. The Amigos Member Conference 2025 - Board Candidates | Amigos Library Services,serious,label-title-only,"Ensure that every form element has a visible label and is not solely labeled using hidden labels, or the title or aria-describedby attributes",Form elements should have a visible label,https://dequeuniversity.com/rules/axe/4.10/label-title-only?application=axeAPI,"<input title=""Enter the terms you wish to search for."" data-drupal-selector=""edit-keys"" type=""search"" id=""edit-keys"" name=""keys"" value="""" size=""15"" maxlength=""128"" class=""form-search"">"
433,https://amigos.org/node/12502%20,Page not found | Amigos Library Services,serious,label-title-only,"Ensure that every form element has a visible label and is not solely labeled using hidden labels, or the title or aria-describedby attributes",Form elements should have a visible label,https://dequeuniversity.com/rules/axe/4.10/label-title-only?application=axeAPI,"<input title=""Enter the terms you wish to search for."" data-drupal-selector=""edit-keys"" type=""search"" id=""edit-keys"" name=""keys"" value="""" size=""15"" maxlength=""128"" class=""form-search"">"
433,https://amigos.org/node/12502%20,Page not found | Amigos Library Services,moderate,page-has-heading-one,"Ensure that the page, or at least one of its frames contains a level-one heading",Page should contain a level-one heading,https://dequeuniversity.com/rules/axe/4.10/page-has-heading-one?application=axeAPI,"<html lang=""en"" dir=""ltr"" class=""js"">"
434,https://amigos.org/node/8664,Leading. Partnering. Connecting. The Amigos Member Conference 2024 - Board Candidates | Amigos Library Services,serious,label-title-only,"Ensure that every form element has a visible label and is not solely labeled using hidden labels, or the title or aria-describedby attributes",Form elements should have a visible label,https://dequeuniversity.com/rules/axe/4.10/label-title-only?application=axeAPI,"<input title=""Enter the terms you wish to search for."" data-drupal-selector=""edit-keys"" type=""search"" id=""edit-keys"" name=""keys"" value="""" size=""15"" maxlength=""128"" class=""form-search"">"
435,https://amigos.org/node/8663,Leading. Partnering. Connecting. The Amigos Member Conference 2024 - Schedule | Amigos Library Services,serious,label-title-only,"Ensure that every form element has a visible label and is not solely labeled using hidden labels, or the title or aria-describedby attributes",Form elements should have a visible label,https://dequeuniversity.com/rules/axe/4.10/label-title-only?application=axeAPI,"<input title=""Enter the terms you wish to search for."" data-drupal-selector=""edit-keys"" type=""search"" id=""edit-keys"" name=""keys"" value="""" size=""15"" maxlength=""128"" class=""form-search"">"
436,https://amigos.org/node/8666,Leading. Partnering. Connecting. The Amigos Member Conference 2024 - Speakers | Amigos Library Services,serious,label-title-only,"Ensure that every form element has a visible label and is not solely labeled using hidden labels, or the title or aria-describedby attributes",Form elements should have a visible label,https://dequeuniversity.com/rules/axe/4.10/label-title-only?application=axeAPI,"<input title=""Enter the terms you wish to search for."" data-drupal-selector=""edit-keys"" type=""search"" id=""edit-keys"" name=""keys"" value="""" size=""15"" maxlength=""128"" class=""form-search"">"
439,https://amigos.org/node/8196,Amigos Member Conference 2023: Libraries Plan to Succeed - Schedule | Amigos Library Services,serious,label-title-only,"Ensure that every form element has a visible label and is not solely labeled using hidden labels, or the title or aria-describedby attributes",Form elements should have a visible label,https://dequeuniversity.com/rules/axe/4.10/label-title-only?application=axeAPI,"<input title=""Enter the terms you wish to search for."" data-drupal-selector=""edit-keys"" type=""search"" id=""edit-keys"" name=""keys"" value="""" size=""15"" maxlength=""128"" class=""form-search"">"
445,https://amigos.org/membership/member-directory?order=field_oclc_symbol&sort=desc,Amigos Library Services Members | Amigos Library Services,serious,label-title-only,"Ensure that every form element has a visible label and is not solely labeled using hidden labels, or the title or aria-describedby attributes",Form elements should have a visible label,https://dequeuniversity.com/rules/axe/4.10/label-title-only?application=axeAPI,"<input title=""Enter the terms you wish to search for."" data-drupal-selector=""edit-keys"" type=""search"" id=""edit-keys"" name=""keys"" value="""" size=""15"" maxlength=""128"" class=""form-search"">"
446,https://amigos.org/membership/member-directory?order=title&sort=asc,Amigos Library Services Members | Amigos Library Services,serious,label-title-only,"Ensure that every form element has a visible label and is not solely labeled using hidden labels, or the title or aria-describedby attributes",Form elements should have a visible label,https://dequeuniversity.com/rules/axe/4.10/label-title-only?application=axeAPI,"<input title=""Enter the terms you wish to search for."" data-drupal-selector=""edit-keys"" type=""search"" id=""edit-keys"" name=""keys"" value="""" size=""15"" maxlength=""128"" class=""form-search"">"
447,https://amigos.org/membership/member-directory?order=field_city&sort=desc,Amigos Library Services Members | Amigos Library Services,serious,label-title-only,"Ensure that every form element has a visible label and is not solely labeled using hidden labels, or the title or aria-describedby attributes",Form elements should have a visible label,https://dequeuniversity.com/rules/axe/4.10/label-title-only?application=axeAPI,"<input title=""Enter the terms you wish to search for."" data-drupal-selector=""edit-keys"" type=""search"" id=""edit-keys"" name=""keys"" value="""" size=""15"" maxlength=""128"" class=""form-search"">"
448,https://amigos.org/membership/member-directory?order=field_state&sort=desc,Amigos Library Services Members | Amigos Library Services,serious,label-title-only,"Ensure that every form element has a visible label and is not solely labeled using hidden labels, or the title or aria-describedby attributes",Form elements should have a visible label,https://dequeuniversity.com/rules/axe/4.10/label-title-only?application=axeAPI,"<input title=""Enter the terms you wish to search for."" data-drupal-selector=""edit-keys"" type=""search"" id=""edit-keys"" name=""keys"" value="""" size=""15"" maxlength=""128"" class=""form-search"">"
452,https://amigos.org/news/new-amigos-vendor-partner-heinonline,New Amigos Vendor Partner: HeinOnline | Amigos Library Services,serious,label-title-only,"Ensure that every form element has a visible label and is not solely labeled using hidden labels, or the title or aria-describedby attributes",Form elements should have a visible label,https://dequeuniversity.com/rules/axe/4.10/label-title-only?application=axeAPI,"<input title=""Enter the terms you wish to search for."" data-drupal-selector=""edit-keys"" type=""search"" id=""edit-keys"" name=""keys"" value="""" size=""15"" maxlength=""128"" class=""form-search"">"
453,https://amigos.org/news/trans-amigos-express-forms-moving-tae-label-maker-monday-february-23,"Trans-Amigos Express Forms Moving to the TAE Label Maker on Monday, February 23 | Amigos Library Services",serious,label-title-only,"Ensure that every form element has a visible label and is not solely labeled using hidden labels, or the title or aria-describedby attributes",Form elements should have a visible label,https://dequeuniversity.com/rules/axe/4.10/label-title-only?application=axeAPI,"<input title=""Enter the terms you wish to search for."" data-drupal-selector=""edit-keys"" type=""search"" id=""edit-keys"" name=""keys"" value="""" size=""15"" maxlength=""128"" class=""form-search"">"
454,https://amigos.org/news/archive?page=0,News | Amigos Library Services,serious,label-title-only,"Ensure that every form element has a visible label and is not solely labeled using hidden labels, or the title or aria-describedby attributes",Form elements should have a visible label,https://dequeuniversity.com/rules/axe/4.10/label-title-only?application=axeAPI,"<input title=""Enter the terms you wish to search for."" data-drupal-selector=""edit-keys"" type=""search"" id=""edit-keys"" name=""keys"" value="""" size=""15"" maxlength=""128"" class=""form-search"">"
454,https://amigos.org/news/archive?page=0,News | Amigos Library Services,serious,list,Ensure that lists are structured correctly,"<ul> and <ol> must only directly contain <li>, <script> or <template> elements",https://dequeuniversity.com/rules/axe/4.10/list?application=axeAPI,"<ul class=""pager__items js-pager__items"">"
455,https://amigos.org/news/archive?page=1,News | Amigos Library Services,serious,label-title-only,"Ensure that every form element has a visible label and is not solely labeled using hidden labels, or the title or aria-describedby attributes",Form elements should have a visible label,https://dequeuniversity.com/rules/axe/4.10/label-title-only?application=axeAPI,"<input title=""Enter the terms you wish to search for."" data-drupal-selector=""edit-keys"" type=""search"" id=""edit-keys"" name=""keys"" value="""" size=""15"" maxlength=""128"" class=""form-search"">"
455,https://amigos.org/news/archive?page=1,News | Amigos Library Services,serious,list,Ensure that lists are structured correctly,"<ul> and <ol> must only directly contain <li>, <script> or <template> elements",https://dequeuniversity.com/rules/axe/4.10/list?application=axeAPI,"<ul class=""pager__items js-pager__items"">"
456,https://amigos.org/news/archive?page=2,News | Amigos Library Services,serious,label-title-only,"Ensure that every form element has a visible label and is not solely labeled using hidden labels, or the title or aria-describedby attributes",Form elements should have a visible label,https://dequeuniversity.com/rules/axe/4.10/label-title-only?application=axeAPI,"<input title=""Enter the terms you wish to search for."" data-drupal-selector=""edit-keys"" type=""search"" id=""edit-keys"" name=""keys"" value="""" size=""15"" maxlength=""128"" class=""form-search"">"
456,https://amigos.org/news/archive?page=2,News | Amigos Library Services,serious,list,Ensure that lists are structured correctly,"<ul> and <ol> must only directly contain <li>, <script> or <template> elements",https://dequeuniversity.com/rules/axe/4.10/list?application=axeAPI,"<ul class=""pager__items js-pager__items"">"
457,https://amigos.org/news/archive?page=3,News | Amigos Library Services,serious,label-title-only,"Ensure that every form element has a visible label and is not solely labeled using hidden labels, or the title or aria-describedby attributes",Form elements should have a visible label,https://dequeuniversity.com/rules/axe/4.10/label-title-only?application=axeAPI,"<input title=""Enter the terms you wish to search for."" data-drupal-selector=""edit-keys"" type=""search"" id=""edit-keys"" name=""keys"" value="""" size=""15"" maxlength=""128"" class=""form-search"">"
457,https://amigos.org/news/archive?page=3,News | Amigos Library Services,serious,list,Ensure that lists are structured correctly,"<ul> and <ol> must only directly contain <li>, <script> or <template> elements",https://dequeuniversity.com/rules/axe/4.10/list?application=axeAPI,"<ul class=""pager__items js-pager__items"">"
458,https://amigos.org/news/archive?page=4,News | Amigos Library Services,serious,label-title-only,"Ensure that every form element has a visible label and is not solely labeled using hidden labels, or the title or aria-describedby attributes",Form elements should have a visible label,https://dequeuniversity.com/rules/axe/4.10/label-title-only?application=axeAPI,"<input title=""Enter the terms you wish to search for."" data-drupal-selector=""edit-keys"" type=""search"" id=""edit-keys"" name=""keys"" value="""" size=""15"" maxlength=""128"" class=""form-search"">"
458,https://amigos.org/news/archive?page=4,News | Amigos Library Services,serious,list,Ensure that lists are structured correctly,"<ul> and <ol> must only directly contain <li>, <script> or <template> elements",https://dequeuniversity.com/rules/axe/4.10/list?application=axeAPI,"<ul class=""pager__items js-pager__items"">"
459,https://amigos.org/news/archive?page=5,News | Amigos Library Services,serious,label-title-only,"Ensure that every form element has a visible label and is not solely labeled using hidden labels, or the title or aria-describedby attributes",Form elements should have a visible label,https://dequeuniversity.com/rules/axe/4.10/label-title-only?application=axeAPI,"<input title=""Enter the terms you wish to search for."" data-drupal-selector=""edit-keys"" type=""search"" id=""edit-keys"" name=""keys"" value="""" size=""15"" maxlength=""128"" class=""form-search"">"
459,https://amigos.org/news/archive?page=5,News | Amigos Library Services,serious,list,Ensure that lists are structured correctly,"<ul> and <ol> must only directly contain <li>, <script> or <template> elements",https://dequeuniversity.com/rules/axe/4.10/list?application=axeAPI,"<ul class=""pager__items js-pager__items"">"
460,https://amigos.org/news/archive?page=6,News | Amigos Library Services,serious,label-title-only,"Ensure that every form element has a visible label and is not solely labeled using hidden labels, or the title or aria-describedby attributes",Form elements should have a visible label,https://dequeuniversity.com/rules/axe/4.10/label-title-only?application=axeAPI,"<input title=""Enter the terms you wish to search for."" data-drupal-selector=""edit-keys"" type=""search"" id=""edit-keys"" name=""keys"" value="""" size=""15"" maxlength=""128"" class=""form-search"">"
460,https://amigos.org/news/archive?page=6,News | Amigos Library Services,serious,list,Ensure that lists are structured correctly,"<ul> and <ol> must only directly contain <li>, <script> or <template> elements",https://dequeuniversity.com/rules/axe/4.10/list?application=axeAPI,"<ul class=""pager__items js-pager__items"">"
461,https://amigos.org/news/archive?page=7,News | Amigos Library Services,serious,label-title-only,"Ensure that every form element has a visible label and is not solely labeled using hidden labels, or the title or aria-describedby attributes",Form elements should have a visible label,https://dequeuniversity.com/rules/axe/4.10/label-title-only?application=axeAPI,"<input title=""Enter the terms you wish to search for."" data-drupal-selector=""edit-keys"" type=""search"" id=""edit-keys"" name=""keys"" value="""" size=""15"" maxlength=""128"" class=""form-search"">"
461,https://amigos.org/news/archive?page=7,News | Amigos Library Services,serious,list,Ensure that lists are structured correctly,"<ul> and <ol> must only directly contain <li>, <script> or <template> elements",https://dequeuniversity.com/rules/axe/4.10/list?application=axeAPI,"<ul class=""pager__items js-pager__items"">"
462,https://amigos.org/news/archive?page=8,News | Amigos Library Services,serious,list,Ensure that lists are structured correctly,"<ul> and <ol> must only directly contain <li>, <script> or <template> elements",https://dequeuniversity.com/rules/axe/4.10/list?application=axeAPI,"<ul class=""pager__items js-pager__items"">"
463,https://amigos.org/news/archive?page=23,News | Amigos Library Services,serious,label-title-only,"Ensure that every form element has a visible label and is not solely labeled using hidden labels, or the title or aria-describedby attributes",Form elements should have a visible label,https://dequeuniversity.com/rules/axe/4.10/label-title-only?application=axeAPI,"<input title=""Enter the terms you wish to search for."" data-drupal-selector=""edit-keys"" type=""search"" id=""edit-keys"" name=""keys"" value="""" size=""15"" maxlength=""128"" class=""form-search"">"
463,https://amigos.org/news/archive?page=23,News | Amigos Library Services,serious,list,Ensure that lists are structured correctly,"<ul> and <ol> must only directly contain <li>, <script> or <template> elements",https://dequeuniversity.com/rules/axe/4.10/list?application=axeAPI,"<ul class=""pager__items js-pager__items"">"
464,https://amigos.org/news/navigating-courier-links-and-information-redesigned-amigosorg-website,Navigating to Courier Links and Information on the Redesigned Amigos.org Website | Amigos Library Services,serious,label-title-only,"Ensure that every form element has a visible label and is not solely labeled using hidden labels, or the title or aria-describedby attributes",Form elements should have a visible label,https://dequeuniversity.com/rules/axe/4.10/label-title-only?application=axeAPI,"<input title=""Enter the terms you wish to search for."" data-drupal-selector=""edit-keys"" type=""search"" id=""edit-keys"" name=""keys"" value="""" size=""15"" maxlength=""128"" class=""form-search"">"
465,https://amigos.org/news/courier-winter-holiday-2024-schedule,Courier Winter Holiday 2024 Schedule | Amigos Library Services,serious,label-title-only,"Ensure that every form element has a visible label and is not solely labeled using hidden labels, or the title or aria-describedby attributes",Form elements should have a visible label,https://dequeuniversity.com/rules/axe/4.10/label-title-only?application=axeAPI,"<input title=""Enter the terms you wish to search for."" data-drupal-selector=""edit-keys"" type=""search"" id=""edit-keys"" name=""keys"" value="""" size=""15"" maxlength=""128"" class=""form-search"">"
466,https://amigos.org/news/courier-winter-holiday-schedule,Courier Winter Holiday Schedule | Amigos Library Services,serious,label-title-only,"Ensure that every form element has a visible label and is not solely labeled using hidden labels, or the title or aria-describedby attributes",Form elements should have a visible label,https://dequeuniversity.com/rules/axe/4.10/label-title-only?application=axeAPI,"<input title=""Enter the terms you wish to search for."" data-drupal-selector=""edit-keys"" type=""search"" id=""edit-keys"" name=""keys"" value="""" size=""15"" maxlength=""128"" class=""form-search"">"
467,https://amigos.org/news/trans-amigos-express-tae-courier-launches-new-label-maker,Trans-Amigos Express (TAE) Courier Launches New Label Maker | Amigos Library Services,serious,label-title-only,"Ensure that every form element has a visible label and is not solely labeled using hidden labels, or the title or aria-describedby attributes",Form elements should have a visible label,https://dequeuniversity.com/rules/axe/4.10/label-title-only?application=axeAPI,"<input title=""Enter the terms you wish to search for."" data-drupal-selector=""edit-keys"" type=""search"" id=""edit-keys"" name=""keys"" value="""" size=""15"" maxlength=""128"" class=""form-search"">"
468,https://amigos.org/taxonomy/term/18/feed,,serious,document-title,Ensure each HTML document contains a non-empty <title> element,Documents must have <title> element to aid in navigation,https://dequeuniversity.com/rules/axe/4.10/document-title?application=axeAPI,<html>
468,https://amigos.org/taxonomy/term/18/feed,,serious,html-has-lang,Ensure every HTML document has a lang attribute,<html> element must have a lang attribute,https://dequeuniversity.com/rules/axe/4.10/html-has-lang?application=axeAPI,<html>
468,https://amigos.org/taxonomy/term/18/feed,,moderate,landmark-one-main,Ensure the document has a main landmark,Document should have one main landmark,https://dequeuniversity.com/rules/axe/4.10/landmark-one-main?application=axeAPI,<html>
468,https://amigos.org/taxonomy/term/18/feed,,moderate,page-has-heading-one,"Ensure that the page, or at least one of its frames contains a level-one heading",Page should contain a level-one heading,https://dequeuniversity.com/rules/axe/4.10/page-has-heading-one?application=axeAPI,<html>
468,https://amigos.org/taxonomy/term/18/feed,,moderate,region,Ensure all page content is contained by landmarks,All page content should be contained by landmarks,https://dequeuniversity.com/rules/axe/4.10/region?application=axeAPI,"<pre style=""word-wrap: break-word; white-space: pre-wrap;"">"
469,https://amigos.org/node/1362?which_newsletter_do_you_wish_to_subscribe_to=AmigosNow,Subscribe to AmigosNow and/or Continued ... Newsletters | Amigos Library Services,serious,label-title-only,"Ensure that every form element has a visible label and is not solely labeled using hidden labels, or the title or aria-describedby attributes",Form elements should have a visible label,https://dequeuniversity.com/rules/axe/4.10/label-title-only?application=axeAPI,"<input title=""Enter the terms you wish to search for."" data-drupal-selector=""edit-keys"" type=""search"" id=""edit-keys"" name=""keys"" value="""" size=""15"" maxlength=""128"" class=""form-search"">"
470,https://amigos.org/node/9716?newsletter_unsubscribe=AmigosNow,Unsubscribe from AmigosNow and/or Continued ... Newsletters | Amigos Library Services,serious,label-title-only,"Ensure that every form element has a visible label and is not solely labeled using hidden labels, or the title or aria-describedby attributes",Form elements should have a visible label,https://dequeuniversity.com/rules/axe/4.10/label-title-only?application=axeAPI,"<input title=""Enter the terms you wish to search for."" data-drupal-selector=""edit-keys"" type=""search"" id=""edit-keys"" name=""keys"" value="""" size=""15"" maxlength=""128"" class=""form-search"">"
471,https://amigos.org/node/1362?which_newsletter_do_you_wish_to_subscribe_to=Continued,Subscribe to AmigosNow and/or Continued ... Newsletters | Amigos Library Services,serious,label-title-only,"Ensure that every form element has a visible label and is not solely labeled using hidden labels, or the title or aria-describedby attributes",Form elements should have a visible label,https://dequeuniversity.com/rules/axe/4.10/label-title-only?application=axeAPI,"<input title=""Enter the terms you wish to search for."" data-drupal-selector=""edit-keys"" type=""search"" id=""edit-keys"" name=""keys"" value="""" size=""15"" maxlength=""128"" class=""form-search"">"
472,https://amigos.org/node/9716?newsletter_unsubscribe=Continued,Unsubscribe from AmigosNow and/or Continued ... Newsletters | Amigos Library Services,serious,label-title-only,"Ensure that every form element has a visible label and is not solely labeled using hidden labels, or the title or aria-describedby attributes",Form elements should have a visible label,https://dequeuniversity.com/rules/axe/4.10/label-title-only?application=axeAPI,"<input title=""Enter the terms you wish to search for."" data-drupal-selector=""edit-keys"" type=""search"" id=""edit-keys"" name=""keys"" value="""" size=""15"" maxlength=""128"" class=""form-search"">"
474,https://amigos.org/news/are-you-using-all-your-benefits,Are You Using All of Your Benefits? | Amigos Library Services,serious,label-title-only,"Ensure that every form element has a visible label and is not solely labeled using hidden labels, or the title or aria-describedby attributes",Form elements should have a visible label,https://dequeuniversity.com/rules/axe/4.10/label-title-only?application=axeAPI,"<input title=""Enter the terms you wish to search for."" data-drupal-selector=""edit-keys"" type=""search"" id=""edit-keys"" name=""keys"" value="""" size=""15"" maxlength=""128"" class=""form-search"">"
476,https://amigos.org/news/niso-roundtable-registration-available-amigos-members,NISO Roundtable Registration Available for Amigos Members | Amigos Library Services,serious,label-title-only,"Ensure that every form element has a visible label and is not solely labeled using hidden labels, or the title or aria-describedby attributes",Form elements should have a visible label,https://dequeuniversity.com/rules/axe/4.10/label-title-only?application=axeAPI,"<input title=""Enter the terms you wish to search for."" data-drupal-selector=""edit-keys"" type=""search"" id=""edit-keys"" name=""keys"" value="""" size=""15"" maxlength=""128"" class=""form-search"">"
477,https://amigos.org/news/kla-partners-amigos-association-management,KLA Partners with Amigos for Association Management | Amigos Library Services,serious,label-title-only,"Ensure that every form element has a visible label and is not solely labeled using hidden labels, or the title or aria-describedby attributes",Form elements should have a visible label,https://dequeuniversity.com/rules/axe/4.10/label-title-only?application=axeAPI,"<input title=""Enter the terms you wish to search for."" data-drupal-selector=""edit-keys"" type=""search"" id=""edit-keys"" name=""keys"" value="""" size=""15"" maxlength=""128"" class=""form-search"">"
478,https://amigos.org/news/announcing-hive-educational-series,Announcing The Hive: Educational Series | Amigos Library Services,serious,label-title-only,"Ensure that every form element has a visible label and is not solely labeled using hidden labels, or the title or aria-describedby attributes",Form elements should have a visible label,https://dequeuniversity.com/rules/axe/4.10/label-title-only?application=axeAPI,"<input title=""Enter the terms you wish to search for."" data-drupal-selector=""edit-keys"" type=""search"" id=""edit-keys"" name=""keys"" value="""" size=""15"" maxlength=""128"" class=""form-search"">"
479,https://amigos.org/news/amigos-board-announces-election-results-selects-officers-2025-26,"Amigos Board Announces Election Results, Selects Officers for 2025-26 | Amigos Library Services",serious,label-title-only,"Ensure that every form element has a visible label and is not solely labeled using hidden labels, or the title or aria-describedby attributes",Form elements should have a visible label,https://dequeuniversity.com/rules/axe/4.10/label-title-only?application=axeAPI,"<input title=""Enter the terms you wish to search for."" data-drupal-selector=""edit-keys"" type=""search"" id=""edit-keys"" name=""keys"" value="""" size=""15"" maxlength=""128"" class=""form-search"">"
480,https://amigos.org/news/last-chance-register-amigos-member-conference-2025,Last Chance to Register for the Amigos Member Conference 2025 | Amigos Library Services,serious,label-title-only,"Ensure that every form element has a visible label and is not solely labeled using hidden labels, or the title or aria-describedby attributes",Form elements should have a visible label,https://dequeuniversity.com/rules/axe/4.10/label-title-only?application=axeAPI,"<input title=""Enter the terms you wish to search for."" data-drupal-selector=""edit-keys"" type=""search"" id=""edit-keys"" name=""keys"" value="""" size=""15"" maxlength=""128"" class=""form-search"">"
481,https://amigos.org/news/explore-library-impact-and-futures-amigos-member-conference-2025-featuring-keynote-sessions,Explore Library Impact and Futures at Amigos Member Conference 2025 featuring Keynote Sessions from Julie Mosbo Ballestro and Lisa Wells | Amigos Library Services,serious,label-title-only,"Ensure that every form element has a visible label and is not solely labeled using hidden labels, or the title or aria-describedby attributes",Form elements should have a visible label,https://dequeuniversity.com/rules/axe/4.10/label-title-only?application=axeAPI,"<input title=""Enter the terms you wish to search for."" data-drupal-selector=""edit-keys"" type=""search"" id=""edit-keys"" name=""keys"" value="""" size=""15"" maxlength=""128"" class=""form-search"">"
482,https://amigos.org/news/voting-representatives-information-about-may-14th-amigos-annual-member-business-meeting,Voting Representatives: Information about May 14th Amigos Annual Member Business Meeting | Amigos Library Services,serious,label-title-only,"Ensure that every form element has a visible label and is not solely labeled using hidden labels, or the title or aria-describedby attributes",Form elements should have a visible label,https://dequeuniversity.com/rules/axe/4.10/label-title-only?application=axeAPI,"<input title=""Enter the terms you wish to search for."" data-drupal-selector=""edit-keys"" type=""search"" id=""edit-keys"" name=""keys"" value="""" size=""15"" maxlength=""128"" class=""form-search"">"
483,https://amigos.org/news/membership-and-people?page=0,Membership & People | Amigos Library Services,serious,label-title-only,"Ensure that every form element has a visible label and is not solely labeled using hidden labels, or the title or aria-describedby attributes",Form elements should have a visible label,https://dequeuniversity.com/rules/axe/4.10/label-title-only?application=axeAPI,"<input title=""Enter the terms you wish to search for."" data-drupal-selector=""edit-keys"" type=""search"" id=""edit-keys"" name=""keys"" value="""" size=""15"" maxlength=""128"" class=""form-search"">"
484,https://amigos.org/news/membership-and-people?page=2,Membership & People | Amigos Library Services,serious,label-title-only,"Ensure that every form element has a visible label and is not solely labeled using hidden labels, or the title or aria-describedby attributes",Form elements should have a visible label,https://dequeuniversity.com/rules/axe/4.10/label-title-only?application=axeAPI,"<input title=""Enter the terms you wish to search for."" data-drupal-selector=""edit-keys"" type=""search"" id=""edit-keys"" name=""keys"" value="""" size=""15"" maxlength=""128"" class=""form-search"">"
485,https://amigos.org/news/electronic-resource-management-micro-credential-series-registration-open,Electronic Resource Management Micro-Credential Series Registration Open | Amigos Library Services,serious,label-title-only,"Ensure that every form element has a visible label and is not solely labeled using hidden labels, or the title or aria-describedby attributes",Form elements should have a visible label,https://dequeuniversity.com/rules/axe/4.10/label-title-only?application=axeAPI,"<input title=""Enter the terms you wish to search for."" data-drupal-selector=""edit-keys"" type=""search"" id=""edit-keys"" name=""keys"" value="""" size=""15"" maxlength=""128"" class=""form-search"">"
486,https://amigos.org/news/missed-practical-paths-ai-enhanced-library-conference-register-recording,Missed Practical Paths to the AI-Enhanced Library Conference? Register for the recording! | Amigos Library Services,serious,label-title-only,"Ensure that every form element has a visible label and is not solely labeled using hidden labels, or the title or aria-describedby attributes",Form elements should have a visible label,https://dequeuniversity.com/rules/axe/4.10/label-title-only?application=axeAPI,"<input title=""Enter the terms you wish to search for."" data-drupal-selector=""edit-keys"" type=""search"" id=""edit-keys"" name=""keys"" value="""" size=""15"" maxlength=""128"" class=""form-search"">"
487,https://amigos.org/news/february-conference-call-proposals-now-open,February Conference Call for Proposals Now Open | Amigos Library Services,serious,label-title-only,"Ensure that every form element has a visible label and is not solely labeled using hidden labels, or the title or aria-describedby attributes",Form elements should have a visible label,https://dequeuniversity.com/rules/axe/4.10/label-title-only?application=axeAPI,"<input title=""Enter the terms you wish to search for."" data-drupal-selector=""edit-keys"" type=""search"" id=""edit-keys"" name=""keys"" value="""" size=""15"" maxlength=""128"" class=""form-search"">"
488,https://amigos.org/news/congratulations-new-amigos-micro-credential-certificate-recipients,Congratulations! New Amigos Micro-Credential Certificate Recipients | Amigos Library Services,serious,label-title-only,"Ensure that every form element has a visible label and is not solely labeled using hidden labels, or the title or aria-describedby attributes",Form elements should have a visible label,https://dequeuniversity.com/rules/axe/4.10/label-title-only?application=axeAPI,"<input title=""Enter the terms you wish to search for."" data-drupal-selector=""edit-keys"" type=""search"" id=""edit-keys"" name=""keys"" value="""" size=""15"" maxlength=""128"" class=""form-search"">"
489,https://amigos.org/news/see-whats-new-amigos-ce-continued-newsletter,See What’s New in Amigos CE in Continued Newsletter | Amigos Library Services,serious,label-title-only,"Ensure that every form element has a visible label and is not solely labeled using hidden labels, or the title or aria-describedby attributes",Form elements should have a visible label,https://dequeuniversity.com/rules/axe/4.10/label-title-only?application=axeAPI,"<input title=""Enter the terms you wish to search for."" data-drupal-selector=""edit-keys"" type=""search"" id=""edit-keys"" name=""keys"" value="""" size=""15"" maxlength=""128"" class=""form-search"">"
490,https://amigos.org/news/schedule-announced-practical-paths-ai-enhanced-library,Schedule Announced for Practical Paths to the AI-Enhanced Library | Amigos Library Services,serious,label-title-only,"Ensure that every form element has a visible label and is not solely labeled using hidden labels, or the title or aria-describedby attributes",Form elements should have a visible label,https://dequeuniversity.com/rules/axe/4.10/label-title-only?application=axeAPI,"<input title=""Enter the terms you wish to search for."" data-drupal-selector=""edit-keys"" type=""search"" id=""edit-keys"" name=""keys"" value="""" size=""15"" maxlength=""128"" class=""form-search"">"
491,https://amigos.org/news/call-panelists-hive-unlocking-power-apis-libraries,Call for Panelists - The Hive: Unlocking the Power of APIs in Libraries | Amigos Library Services,serious,label-title-only,"Ensure that every form element has a visible label and is not solely labeled using hidden labels, or the title or aria-describedby attributes",Form elements should have a visible label,https://dequeuniversity.com/rules/axe/4.10/label-title-only?application=axeAPI,"<input title=""Enter the terms you wish to search for."" data-drupal-selector=""edit-keys"" type=""search"" id=""edit-keys"" name=""keys"" value="""" size=""15"" maxlength=""128"" class=""form-search"">"
493,https://amigos.org/news/registration-open-practical-paths-ai-enhanced-library-conference,Registration Open for Practical Paths to the AI-Enhanced Library Conference | Amigos Library Services,serious,label-title-only,"Ensure that every form element has a visible label and is not solely labeled using hidden labels, or the title or aria-describedby attributes",Form elements should have a visible label,https://dequeuniversity.com/rules/axe/4.10/label-title-only?application=axeAPI,"<input title=""Enter the terms you wish to search for."" data-drupal-selector=""edit-keys"" type=""search"" id=""edit-keys"" name=""keys"" value="""" size=""15"" maxlength=""128"" class=""form-search"">"
494,https://amigos.org/news/ai-amigos-fall,AI With Amigos This Fall | Amigos Library Services,serious,label-title-only,"Ensure that every form element has a visible label and is not solely labeled using hidden labels, or the title or aria-describedby attributes",Form elements should have a visible label,https://dequeuniversity.com/rules/axe/4.10/label-title-only?application=axeAPI,"<input title=""Enter the terms you wish to search for."" data-drupal-selector=""edit-keys"" type=""search"" id=""edit-keys"" name=""keys"" value="""" size=""15"" maxlength=""128"" class=""form-search"">"
495,https://amigos.org/news/education-and-events?page=0,Education & Events | Amigos Library Services,serious,label-title-only,"Ensure that every form element has a visible label and is not solely labeled using hidden labels, or the title or aria-describedby attributes",Form elements should have a visible label,https://dequeuniversity.com/rules/axe/4.10/label-title-only?application=axeAPI,"<input title=""Enter the terms you wish to search for."" data-drupal-selector=""edit-keys"" type=""search"" id=""edit-keys"" name=""keys"" value="""" size=""15"" maxlength=""128"" class=""form-search"">"
496,https://amigos.org/news/education-and-events?page=2,Education & Events | Amigos Library Services,serious,label-title-only,"Ensure that every form element has a visible label and is not solely labeled using hidden labels, or the title or aria-describedby attributes",Form elements should have a visible label,https://dequeuniversity.com/rules/axe/4.10/label-title-only?application=axeAPI,"<input title=""Enter the terms you wish to search for."" data-drupal-selector=""edit-keys"" type=""search"" id=""edit-keys"" name=""keys"" value="""" size=""15"" maxlength=""128"" class=""form-search"">"
498,https://amigos.org/news/free-resource-spotlight-open-access-collection-project-muse,Free Resource Spotlight: Open Access Collection from Project MUSE | Amigos Library Services,serious,label-title-only,"Ensure that every form element has a visible label and is not solely labeled using hidden labels, or the title or aria-describedby attributes",Form elements should have a visible label,https://dequeuniversity.com/rules/axe/4.10/label-title-only?application=axeAPI,"<input title=""Enter the terms you wish to search for."" data-drupal-selector=""edit-keys"" type=""search"" id=""edit-keys"" name=""keys"" value="""" size=""15"" maxlength=""128"" class=""form-search"">"
499,https://amigos.org/news/schlager-announces-2026-title-additions-and-growth,Schlager Announces 2026 Title Additions and Growth | Amigos Library Services,serious,label-title-only,"Ensure that every form element has a visible label and is not solely labeled using hidden labels, or the title or aria-describedby attributes",Form elements should have a visible label,https://dequeuniversity.com/rules/axe/4.10/label-title-only?application=axeAPI,"<input title=""Enter the terms you wish to search for."" data-drupal-selector=""edit-keys"" type=""search"" id=""edit-keys"" name=""keys"" value="""" size=""15"" maxlength=""128"" class=""form-search"">"
500,https://amigos.org/news/oxford-university-press-upgrades,Oxford University Press Upgrades | Amigos Library Services,serious,label-title-only,"Ensure that every form element has a visible label and is not solely labeled using hidden labels, or the title or aria-describedby attributes",Form elements should have a visible label,https://dequeuniversity.com/rules/axe/4.10/label-title-only?application=axeAPI,"<input title=""Enter the terms you wish to search for."" data-drupal-selector=""edit-keys"" type=""search"" id=""edit-keys"" name=""keys"" value="""" size=""15"" maxlength=""128"" class=""form-search"">"
83,https://amigos.org/services/job-bank/technical-services-academic-librarian-central-texas-college-killeen-tx,"Technical Services Academic Librarian -- Central Texas College -- Killeen, TX | Amigos Library Services",serious,definition-list,Ensure <dl> elements are structured correctly,"<dl> elements must only directly contain properly-ordered <dt> and <dd> groups, <script>, <template> or <div> elements",https://dequeuniversity.com/rules/axe/4.10/definition-list?application=axeAPI,"<dl data-asw-org-font-size=""16"" style=""font-size: 16px;"">"
83,https://amigos.org/services/job-bank/technical-services-academic-librarian-central-texas-college-killeen-tx,"Technical Services Academic Librarian -- Central Texas College -- Killeen, TX | Amigos Library Services",moderate,heading-order,Ensure the order of headings is semantically correct,Heading levels should only increase by one,https://dequeuniversity.com/rules/axe/4.10/heading-order?application=axeAPI,"<h3 data-asw-org-font-size=""18"" style=""font-size: 18px;""><strong>Summary of Position</strong></h3>"
89,https://amigos.org/services/job-bank/head-librarian-missouri-historical-society-st-louis-mo,"Head Librarian -- Missouri Historical Society -- St. Louis, MO | Amigos Library Services",moderate,heading-order,Ensure the order of headings is semantically correct,Heading levels should only increase by one,https://dequeuniversity.com/rules/axe/4.10/heading-order?application=axeAPI,"<h3 data-asw-org-font-size=""18"" style=""font-size: 18px;""><strong>Head Librarian</strong></h3>"
91,https://amigos.org/services/job-bank/department-head-research-and-learning-services-oklahoma-state-university-0,"Department Head, Research and Learning Services -- Oklahoma State University -- Stillwater, OK | Amigos Library Services",serious,label-title-only,"Ensure that every form element has a visible label and is not solely labeled using hidden labels, or the title or aria-describedby attributes",Form elements should have a visible label,https://dequeuniversity.com/rules/axe/4.10/label-title-only?application=axeAPI,"<input title=""Enter the terms you wish to search for."" data-drupal-selector=""edit-keys"" type=""search"" id=""edit-keys"" name=""keys"" value="""" size=""15"" maxlength=""128"" class=""form-search"">"
92,https://amigos.org/services/job-bank/library-assistant-i-part-time-harper-college-palatine-il-1,"Library Assistant I - Part Time -- Harper College -- Palatine, IL | Amigos Library Services",moderate,heading-order,Ensure the order of headings is semantically correct,Heading levels should only increase by one,https://dequeuniversity.com/rules/axe/4.10/heading-order?application=axeAPI,"<h3 data-asw-org-font-size=""18"" style=""font-size: 18px;"">ABOUT US</h3>"
92,https://amigos.org/services/job-bank/library-assistant-i-part-time-harper-college-palatine-il-1,"Library Assistant I - Part Time -- Harper College -- Palatine, IL | Amigos Library Services",serious,label-title-only,"Ensure that every form element has a visible label and is not solely labeled using hidden labels, or the title or aria-describedby attributes",Form elements should have a visible label,https://dequeuniversity.com/rules/axe/4.10/label-title-only?application=axeAPI,"<input title=""Enter the terms you wish to search for."" data-drupal-selector=""edit-keys"" type=""search"" id=""edit-keys"" name=""keys"" value="""" size=""15"" maxlength=""128"" class=""form-search"">"
97,https://amigos.org/services/online-conference/practical-paths-to-the-ai-enhanced-library,Practical Paths to the AI-Enhanced Library Conference | Amigos Library Services,serious,label-title-only,"Ensure that every form element has a visible label and is not solely labeled using hidden labels, or the title or aria-describedby attributes",Form elements should have a visible label,https://dequeuniversity.com/rules/axe/4.10/label-title-only?application=axeAPI,"<input title=""Enter the terms you wish to search for."" data-drupal-selector=""edit-keys"" type=""search"" id=""edit-keys"" name=""keys"" value="""" size=""15"" maxlength=""128"" class=""form-search"">"
99,https://amigos.org/collections-reflect-communities,Collections Reflect Communities Conference | Amigos Library Services,serious,label-title-only,"Ensure that every form element has a visible label and is not solely labeled using hidden labels, or the title or aria-describedby attributes",Form elements should have a visible label,https://dequeuniversity.com/rules/axe/4.10/label-title-only?application=axeAPI,"<input title=""Enter the terms you wish to search for."" data-drupal-selector=""edit-keys"" type=""search"" id=""edit-keys"" name=""keys"" value="""" size=""15"" maxlength=""128"" class=""form-search"">"
